1	a	g	おはようございます		早安		
1	a	g	こんにちは		你好；午安		
1	a	g	こんばんは		晚安（晚上見面）		
1	a	g	おやすみなさい		晚安（睡前）		
1	a	g	さようなら		再見	syn2	
1	a	g	じゃあ、また		那再見囉	syn2	
1	a	g	またあした		明天見		
1	a	g	お元気ですか	おげんきですか	你好嗎？	syn23	お|元=げん|気=き|ですか
1	a	g	元気です	げんきです	我很好		元=げん|気=き|です
1	a	g	いってきます		我出門了	syn17	
1	a	g	いってらっしゃい		路上小心（送人出門）	syn16	
1	a	g	ただいま		我回來了	syn48	
1	a	g	おかえりなさい		歡迎回來		
1	a	g	いただきます		開動了		
1	a	g	ごちそうさまでした		我吃飽了，謝謝招待	syn8	
1	a	g	お疲れさまです	おつかれさまです	辛苦了	syn5	お|疲=つか|れさまです
1	a	g	久しぶり	ひさしぶり	好久不見（口語）	syn6	久=ひさ|しぶり
2	a	g	お久しぶりです	おひさしぶりです	好久不見（禮貌）	syn6	お|久=ひさ|しぶりです
2	a	g	お邪魔します	おじゃまします	打擾了（進別人家）		お|邪=じゃ|魔=ま|します
2	a	g	お邪魔しました	おじゃましました	打擾了（離開別人家）		お|邪=じゃ|魔=ま|しました
2	a	g	お先に失礼します	おさきにしつれいします	我先告辭了		お|先=さき|に|失=しつ|礼=れい|します
2	a	g	よいお年を	よいおとしを	祝你有個好年（年底道別）		よいお|年=とし|を
2	a	g	あけましておめでとうございます		新年快樂		
2	a	g	おめでとうございます		恭喜		
2	a	g	お大事に	おだいじに	請保重身體	syn37	お|大=だい|事=じ|に
2	a	g	気をつけて	きをつけて	小心喔；路上小心	syn16	気=き|をつけて
2	a	g	どうぞよろしくお願いします	どうぞよろしくおねがいします	請多多指教	syn3	どうぞよろしくお|願=ねが|いします
2	a	g	最近どうですか	さいきんどうですか	最近怎麼樣？	syn23	最=さい|近=きん|どうですか
2	a	g	おかげさまで		託您的福		
3	a	g	ご無沙汰しております	ごぶさたしております	久疏問候（正式）	syn6	ご|無=ぶ|沙=さ|汰=た|しております
3	a	g	お世話になっております	おせわになっております	承蒙關照（商務開場）	syn13	お|世=せ|話=わ|になっております
3	a	g	今後ともよろしくお願いいたします	こんごともよろしくおねがいいたします	今後也請多多關照	syn3	今=こん|後=ご|ともよろしくお|願=ねが|いいたします
3	a	g	お会いできてうれしいです	おあいできてうれしいです	很高興見到您	syn24	お|会=あ|いできてうれしいです
3	a	g	お変わりありませんか	おかわりありませんか	別來無恙嗎？	syn23	お|変=か|わりありませんか
1	i	g	はじめまして		初次見面	syn24	
1	i	g	よろしくお願いします	よろしくおねがいします	請多指教	syn3	よろしくお|願=ねが|いします
1	i	g	私は学生です	わたしはがくせいです	我是學生		私=わたし|は|学=がく|生=せい|です
1	i	g	台湾から来ました	たいわんからきました	我從台灣來		台=たい|湾=わん|から|来=き|ました
1	i	g	お名前は？	おなまえは？	你叫什麼名字？		お|名=な|前=まえ|は？
1	i	g	林と申します	りんともうします	我叫林（謙讓）		林=りん|と|申=もう|します
1	i	g	二十歳です	はたちです	我二十歲		二十歳=はたち|です
1	i	g	会社員です	かいしゃいんです	我是上班族		会=かい|社=しゃ|員=いん|です
2	i	g	趣味は何ですか	しゅみはなんですか	你的興趣是什麼？		趣=しゅ|味=み|は|何=なん|ですか
2	i	g	趣味は料理です	しゅみはりょうりです	我的興趣是做菜		趣=しゅ|味=み|は|料=りょう|理=り|です
2	i	g	出身はどこですか	しゅっしんはどこですか	你是哪裡人？		出=しゅっ|身=しん|はどこですか
2	i	g	日本語を勉強しています	にほんごをべんきょうしています	我正在學日文		日本語=にほんご|を|勉=べん|強=きょう|しています
2	i	g	日本語はまだ下手です	にほんごはまだへたです	我的日文還不好		日本語=にほんご|はまだ|下手=へた|です
2	i	g	どこに住んでいますか	どこにすんでいますか	你住在哪裡？		どこに|住=す|んでいますか
2	i	g	東京に住んでいます	とうきょうにすんでいます	我住在東京		東=とう|京=きょう|に|住=す|んでいます
2	i	g	家族は四人です	かぞくはよにんです	我家有四個人		家=か|族=ぞく|は|四=よ|人=にん|です
2	i	g	何歳ですか	なんさいですか	你幾歲？		何=なん|歳=さい|ですか
2	i	g	お仕事は何ですか	おしごとはなんですか	你做什麼工作？		お|仕=し|事=ごと|は|何=なん|ですか
3	i	g	日本に来て一年になります	にほんにきていちねんになります	我來日本一年了		日本=にほん|に|来=き|て|一=いち|年=ねん|になります
3	i	g	大学で経済を専攻しています	だいがくでけいざいをせんこうしています	我在大學主修經濟		大=だい|学=がく|で|経=けい|済=ざい|を|専=せん|攻=こう|しています
3	i	g	以後お見知りおきを	いごおみしりおきを	今後請多關照（正式）	syn3	以=い|後=ご|お|見=み|知=し|りおきを
3	i	g	名刺をどうぞ	めいしをどうぞ	這是我的名片		名=めい|刺=し|をどうぞ
1	t	g	ありがとう		謝謝	syn0	
1	t	g	ありがとうございます		謝謝您	syn0	
1	t	g	どうもありがとうございます		非常感謝	syn0	
1	t	g	どういたしまして		不客氣	syn25	
1	t	g	すみません		對不起；不好意思	syn1	
1	t	g	ごめんなさい		對不起（道歉）	syn1	
1	t	g	ごめん		抱歉（口語）	syn1	
1	t	g	いいえ		不會；不是	syn34	
1	t	g	大丈夫です	だいじょうぶです	沒關係；我沒事		大=だい|丈=じょう|夫=ぶ|です
2	t	g	申し訳ありません	もうしわけありません	非常抱歉	syn1	申=もう|し|訳=わけ|ありません
2	t	g	失礼しました	しつれいしました	失禮了	syn1	失=しつ|礼=れい|しました
2	t	g	お待たせしました	おまたせしました	讓您久等了		お|待=ま|たせしました
2	t	g	助かりました	たすかりました	幫了大忙	syn62	助=たす|かりました
2	t	g	気にしないでください	きにしないでください	請別在意	syn25	気=き|にしないでください
2	t	g	遅れてすみません	おくれてすみません	抱歉我遲到了	syn18	遅=おく|れてすみません
2	t	g	手伝ってくれてありがとう	てつだってくれてありがとう	謝謝你幫忙		手=て|伝=つだ|ってくれてありがとう
2	t	g	いろいろお世話になりました	いろいろおせわになりました	承蒙多方照顧	syn13	いろいろお|世=せ|話=わ|になりました
2	t	g	とんでもないです		哪裡哪裡；不敢當	syn25	
3	t	g	大変申し訳ございません	たいへんもうしわけございません	萬分抱歉	syn1	大=たい|変=へん|申=もう|し|訳=わけ|ございません
3	t	g	ご迷惑をおかけしました	ごめいわくをおかけしました	給您添麻煩了	syn11	ご|迷=めい|惑=わく|をおかけしました
3	t	g	恐れ入ります	おそれいります	不好意思；勞駕		恐=おそ|れ|入=い|ります
3	t	g	感謝しております	かんしゃしております	由衷感謝	syn0	感=かん|謝=しゃ|しております
3	t	g	お気遣いありがとうございます	おきづかいありがとうございます	謝謝您的關心		お|気=き|遣=づか|いありがとうございます
3	t	g	以後気をつけます	いごきをつけます	以後會注意	syn49	以=い|後=ご|気=き|をつけます
1	q	g	はい		是；好的	syn33	
1	q	g	そうです		是的；沒錯		
1	q	g	そうですか		這樣啊		
1	q	g	そうですね		說得也是	syn19	
1	q	g	わかりました		我知道了	syn4	
1	q	g	わかりません		我不知道；我不懂		
1	q	g	ちがいます		不對；不是		
1	q	g	いいですよ		好啊；可以喔		
1	q	g	ちょっと…		有點不方便…（委婉拒絕）	syn14	
1	q	g	なるほど		原來如此		
1	q	g	本当？	ほんとう？	真的嗎？	syn20	本=ほん|当=とう|？
2	q	g	たしかに		確實如此	syn19	
2	q	g	もちろんです		當然	syn59	
2	q	g	そうかもしれません		也許是那樣		
2	q	g	そう思います	そうおもいます	我也這麼認為	syn19	そう|思=おも|います
2	q	g	そうは思いません	そうはおもいません	我不這麼認為		そうは|思=おも|いません
2	q	g	ええと…		嗯…（思考中）		
2	q	g	まあまあです		還好；馬馬虎虎		
2	q	g	結構です	けっこうです	不用了（婉拒）	syn15	結=けっ|構=こう|です
2	q	g	かしこまりました		遵命；明白了（服務業）	syn4	
2	q	g	なんでもないです		沒什麼	syn63	
3	q	g	おっしゃる通りです	おっしゃるとおりです	正如您所說	syn19	おっしゃる|通=とお|りです
3	q	g	承知しました	しょうちしました	了解（商務）	syn4	承=しょう|知=ち|しました
3	q	g	それは困りましたね	それはこまりましたね	那真是傷腦筋	syn10	それは|困=こま|りましたね
3	q	g	検討させていただきます	けんとうさせていただきます	請容我考慮一下		検=けん|討=とう|させていただきます
3	q	g	言われてみれば	いわれてみれば	經你這麼一說		言=い|われてみれば
1	s	g	これをください		請給我這個	syn31	
1	s	g	いくらですか		多少錢？	syn32	
1	s	g	これは何ですか	これはなんですか	這是什麼？		これは|何=なん|ですか
1	s	g	見ているだけです	みているだけです	我只是看看		見=み|ているだけです
1	s	g	高いですね	たかいですね	好貴喔		高=たか|いですね
1	s	g	安いですね	やすいですね	好便宜喔		安=やす|いですね
1	s	g	一つください	ひとつください	請給我一個		一=ひと|つください
2	s	g	試着してもいいですか	しちゃくしてもいいですか	可以試穿嗎？		試=し|着=ちゃく|してもいいですか
2	s	g	もう少し安くなりませんか	もうすこしやすくなりませんか	可以再便宜一點嗎？		もう|少=すこ|し|安=やす|くなりませんか
2	s	g	カードで払えますか	カードではらえますか	可以刷卡嗎？		カードで|払=はら|えますか
2	s	g	袋はいりません	ふくろはいりません	不用袋子		袋=ふくろ|はいりません
2	s	g	袋をください	ふくろをください	請給我袋子		袋=ふくろ|をください
2	s	g	別の色はありますか	べつのいろはありますか	有其他顏色嗎？		別=べつ|の|色=いろ|はありますか
2	s	g	もっと大きいサイズはありますか	もっとおおきいサイズはありますか	有大一點的尺寸嗎？		もっと|大=おお|きいサイズはありますか
2	s	g	これにします		我要這個	syn31	
2	s	g	全部でいくらですか	ぜんぶでいくらですか	全部多少錢？		全=ぜん|部=ぶ|でいくらですか
2	s	g	レシートをください		請給我收據	syn53	
2	s	g	免税できますか	めんぜいできますか	可以免稅嗎？		免=めん|税=ぜい|できますか
2	s	g	プレゼント用に包んでください	プレゼントようにつつんでください	請包裝成禮物		プレゼント|用=よう|に|包=つつ|んでください
3	s	g	返品できますか	へんぴんできますか	可以退貨嗎？		返=へん|品=ぴん|できますか
3	s	g	在庫はありますか	ざいこはありますか	有庫存嗎？		在=ざい|庫=こ|はありますか
3	s	g	取り寄せてもらえますか	とりよせてもらえますか	可以幫我調貨嗎？		取=と|り|寄=よ|せてもらえますか
3	s	g	ポイントカードはお持ちですか	ポイントカードはおもちですか	您有集點卡嗎？		ポイントカードはお|持=も|ちですか
3	s	g	お釣りが足りません	おつりがたりません	找的錢不夠		お|釣=つ|りが|足=た|りません
3	s	g	分割払いはできますか	ぶんかつばらいはできますか	可以分期付款嗎？		分=ぶん|割=かつ|払=ばら|いはできますか
1	f	g	メニューをください		請給我菜單		
1	f	g	水をください	みずをください	請給我水		水=みず|をください
1	f	g	おいしい！		好吃！		
1	f	g	お会計お願いします	おかいけいおねがいします	麻煩結帳		お|会=かい|計=けい|お|願=ねが|いします
1	f	g	二人です	ふたりです	兩位		二=ふた|人=り|です
1	f	g	これは辛いですか	これはからいですか	這個會辣嗎？		これは|辛=から|いですか
1	f	g	コーヒーを一つ	コーヒーをひとつ	一杯咖啡		コーヒーを|一=ひと|つ
2	f	g	おすすめは何ですか	おすすめはなんですか	有什麼推薦的？		おすすめは|何=なん|ですか
2	f	g	注文をお願いします	ちゅうもんをおねがいします	我要點餐		注=ちゅう|文=もん|をお|願=ねが|いします
2	f	g	これを二つください	これをふたつください	請給我兩個這個		これを|二=ふた|つください
2	f	g	持ち帰りでお願いします	もちかえりでおねがいします	我要外帶		持=も|ち|帰=かえ|りでお|願=ねが|いします
2	f	g	ここで食べます	ここでたべます	內用		ここで|食=た|べます
2	f	g	予約していません	よやくしていません	我沒有訂位		予=よ|約=やく|していません
2	f	g	七時に予約した林です	しちじによやくしたりんです	我是預約七點的林	syn30	七=しち|時=じ|に|予=よ|約=やく|した|林=りん|です
2	f	g	禁煙席はありますか	きんえんせきはありますか	有禁菸座位嗎？		禁=きん|煙=えん|席=せき|はありますか
2	f	g	別々に払います	べつべつにはらいます	我們分開付		別=べつ|々=べつ|に|払=はら|います
2	f	g	お腹がいっぱいです	おなかがいっぱいです	吃飽了	syn8	お|腹=なか|がいっぱいです
2	f	g	お腹が空きました	おなかがすきました	肚子餓了	syn7	お|腹=なか|が|空=す|きました
2	f	g	乾杯！	かんぱい！	乾杯！		乾=かん|杯=ぱい|！
2	f	g	おかわりください		請再來一份		
3	f	g	卵アレルギーがあります	たまごアレルギーがあります	我對蛋過敏		卵=たまご|アレルギーがあります
3	f	g	辛さ控えめでお願いします	からさひかえめでおねがいします	請做小辣		辛=から|さ|控=ひか|えめでお|願=ねが|いします
3	f	g	注文したものがまだ来ていません	ちゅうもんしたものがまだきていません	我點的東西還沒來		注=ちゅう|文=もん|したものがまだ|来=き|ていません
3	f	g	お冷やをもらえますか	おひやをもらえますか	可以給我冰水嗎？		お|冷=ひ|やをもらえますか
3	f	g	ラストオーダーは何時ですか	ラストオーダーはなんじですか	最後點餐是幾點？		ラストオーダーは|何=なん|時=じ|ですか
3	f	g	食べ放題ですか	たべほうだいですか	是吃到飽嗎？		食=た|べ|放=ほう|題=だい|ですか
1	d	g	駅はどこですか	えきはどこですか	車站在哪裡？		駅=えき|はどこですか
1	d	g	トイレはどこですか		廁所在哪裡？		
1	d	g	まっすぐ行ってください	まっすぐいってください	請直走		まっすぐ|行=い|ってください
1	d	g	右に曲がってください	みぎにまがってください	請右轉		右=みぎ|に|曲=ま|がってください
1	d	g	左に曲がってください	ひだりにまがってください	請左轉		左=ひだり|に|曲=ま|がってください
1	d	g	ここはどこですか		這裡是哪裡？		
1	d	g	遠いですか	とおいですか	很遠嗎？		遠=とお|いですか
1	d	g	近いです	ちかいです	很近		近=ちか|いです
2	d	g	道に迷いました	みちにまよいました	我迷路了		道=みち|に|迷=まよ|いました
2	d	g	この電車は新宿に行きますか	このでんしゃはしんじゅくにいきますか	這班電車有到新宿嗎？		この|電=でん|車=しゃ|は|新=しん|宿=じゅく|に|行=い|きますか
2	d	g	次の駅はどこですか	つぎのえきはどこですか	下一站是哪裡？		次=つぎ|の|駅=えき|はどこですか
2	d	g	切符はどこで買えますか	きっぷはどこでかえますか	在哪裡買車票？		切=きっ|符=ぷ|はどこで|買=か|えますか
2	d	g	歩いて何分ですか	あるいてなんぷんですか	走路要幾分鐘？		歩=ある|いて|何=なん|分=ぷん|ですか
2	d	g	この住所までお願いします	このじゅうしょまでおねがいします	請載我到這個地址		この|住=じゅう|所=しょ|までお|願=ねが|いします
2	d	g	ここで降ります	ここでおります	我在這裡下車		ここで|降=お|ります
2	d	g	乗り換えはどこですか	のりかえはどこですか	在哪裡轉車？		乗=の|り|換=か|えはどこですか
2	d	g	地図を書いてもらえますか	ちずをかいてもらえますか	可以幫我畫地圖嗎？		地=ち|図=ず|を|書=か|いてもらえますか
2	d	g	何番線ですか	なんばんせんですか	是幾號月台？		何=なん|番=ばん|線=せん|ですか
2	d	g	終電は何時ですか	しゅうでんはなんじですか	末班車是幾點？		終=しゅう|電=でん|は|何=なん|時=じ|ですか
3	d	g	この先を左に入ったところです	このさきをひだりにはいったところです	就在前面左轉進去的地方		この|先=さき|を|左=ひだり|に|入=はい|ったところです
3	d	g	信号を渡ってすぐです	しんごうをわたってすぐです	過了紅綠燈就到		信=しん|号=ごう|を|渡=わた|ってすぐです
3	d	g	人身事故で遅れています	じんしんじこでおくれています	因為人身事故而延誤		人=じん|身=しん|事=じ|故=こ|で|遅=おく|れています
3	d	g	最寄りの駅はどこですか	もよりのえきはどこですか	最近的車站在哪裡？		最寄=もよ|りの|駅=えき|はどこですか
3	d	g	乗り過ごしてしまいました	のりすごしてしまいました	我坐過站了		乗=の|り|過=す|ごしてしまいました
3	d	g	この席は空いていますか	このせきはあいていますか	這個位子有人坐嗎？		この|席=せき|は|空=あ|いていますか
1	h	g	チェックインお願いします	チェックインおねがいします	我要辦理入住		チェックインお|願=ねが|いします
1	h	g	予約しています	よやくしています	我有預約	syn30	予=よ|約=やく|しています
1	h	g	写真を撮ってもいいですか	しゃしんをとってもいいですか	可以拍照嗎？		写=しゃ|真=しん|を|撮=と|ってもいいですか
1	h	g	写真を撮ってください	しゃしんをとってください	請幫我拍照		写=しゃ|真=しん|を|撮=と|ってください
1	h	g	英語は話せますか	えいごははなせますか	你會說英文嗎？		英=えい|語=ご|は|話=はな|せますか
2	h	g	荷物を預かってもらえますか	にもつをあずかってもらえますか	可以寄放行李嗎？		荷=に|物=もつ|を|預=あず|かってもらえますか
2	h	g	朝ご飯は何時からですか	あさごはんはなんじからですか	早餐幾點開始？		朝=あさ|ご|飯=はん|は|何=なん|時=じ|からですか
2	h	g	チェックアウトは何時ですか	チェックアウトはなんじですか	退房是幾點？		チェックアウトは|何=なん|時=じ|ですか
2	h	g	部屋の鍵をなくしました	へやのかぎをなくしました	我把房間鑰匙弄丟了		部屋=へや|の|鍵=かぎ|をなくしました
2	h	g	ワイファイのパスワードは何ですか	ワイファイのパスワードはなんですか	Wi-Fi 密碼是多少？		ワイファイのパスワードは|何=なん|ですか
2	h	g	入場料はいくらですか	にゅうじょうりょうはいくらですか	門票多少錢？		入=にゅう|場=じょう|料=りょう|はいくらですか
2	h	g	何時まで開いていますか	なんじまであいていますか	開到幾點？		何=なん|時=じ|まで|開=あ|いていますか
2	h	g	おすすめの観光地はありますか	おすすめのかんこうちはありますか	有推薦的景點嗎？		おすすめの|観=かん|光=こう|地=ち|はありますか
2	h	g	一泊いくらですか	いっぱくいくらですか	住一晚多少錢？		一=いっ|泊=ぱく|いくらですか
3	h	g	部屋を替えてもらえますか	へやをかえてもらえますか	可以幫我換房間嗎？		部屋=へや|を|替=か|えてもらえますか
3	h	g	お湯が出ません	おゆがでません	沒有熱水		お|湯=ゆ|が|出=で|ません
3	h	g	タクシーを呼んでもらえますか	タクシーをよんでもらえますか	可以幫我叫計程車嗎？		タクシーを|呼=よ|んでもらえますか
3	h	g	もう一泊延長したいです	もういっぱくえんちょうしたいです	我想再多住一晚		もう|一=いっ|泊=ぱく|延=えん|長=ちょう|したいです
3	h	g	ここは撮影禁止です	ここはさつえいきんしです	這裡禁止攝影	syn38	ここは|撮=さつ|影=えい|禁=きん|止=し|です
1	c	g	もう一度お願いします	もういちどおねがいします	請再說一次	syn9	もう|一=いち|度=ど|お|願=ねが|いします
1	c	g	ゆっくり話してください	ゆっくりはなしてください	請說慢一點		ゆっくり|話=はな|してください
1	c	g	質問があります	しつもんがあります	我有問題	syn70	質=しつ|問=もん|があります
1	c	g	わかりましたか		懂了嗎？		
1	c	g	教科書を開いてください	きょうかしょをひらいてください	請打開課本		教=きょう|科=か|書=しょ|を|開=ひら|いてください
1	c	g	日本語で何と言いますか	にほんごでなんといいますか	日文怎麼說？		日本語=にほんご|で|何=なん|と|言=い|いますか
2	c	g	どういう意味ですか	どういういみですか	是什麼意思？		どういう|意=い|味=み|ですか
2	c	g	書いてもらえますか	かいてもらえますか	可以幫我寫下來嗎？		書=か|いてもらえますか
2	c	g	漢字が読めません	かんじがよめません	我看不懂漢字		漢=かん|字=じ|が|読=よ|めません
2	c	g	宿題を忘れました	しゅくだいをわすれました	我忘了帶作業		宿=しゅく|題=だい|を|忘=わす|れました
2	c	g	例えば？	たとえば？	比如說？		例=たと|えば？
2	c	g	この言葉の読み方は？	このことばのよみかたは？	這個詞怎麼唸？		この|言=こと|葉=ば|の|読=よ|み|方=かた|は？
2	c	g	間違えました	まちがえました	我弄錯了		間=ま|違=ちが|えました
2	c	g	大きい声で言ってください	おおきいこえでいってください	請大聲一點說	syn29	大=おお|きい|声=こえ|で|言=い|ってください
2	c	g	ちょっと待ってください	ちょっとまってください	請等一下	syn21	ちょっと|待=ま|ってください
3	c	g	もう少し詳しく説明してください	もうすこしくわしくせつめいしてください	請再說明得詳細一點		もう|少=すこ|し|詳=くわ|しく|説=せつ|明=めい|してください
3	c	g	聞き取れませんでした	ききとれませんでした	我沒聽清楚		聞=き|き|取=と|れませんでした
3	c	g	締め切りはいつですか	しめきりはいつですか	截止日期是什麼時候？		締=し|め|切=き|りはいつですか
3	c	g	ここは試験に出ますか	ここはしけんにでますか	這裡會考嗎？		ここは|試=し|験=けん|に|出=で|ますか
3	c	g	発音が合っているか教えてください	はつおんがあっているかおしえてください	請告訴我發音對不對		発=はつ|音=おん|が|合=あ|っているか|教=おし|えてください
1	w	g	お先にどうぞ	おさきにどうぞ	您先請		お|先=さき|にどうぞ
1	w	g	ちょっといいですか		可以打擾一下嗎？	syn47	
1	w	g	今、忙しいですか	いま、いそがしいですか	現在忙嗎？		今=いま|、|忙=いそが|しいですか
2	w	g	お手伝いしましょうか	おてつだいしましょうか	需要我幫忙嗎？		お|手=て|伝=つだ|いしましょうか
2	w	g	少々お待ちください	しょうしょうおまちください	請稍等	syn21	少=しょう|々=しょう|お|待=ま|ちください
2	w	g	確認します	かくにんします	我確認一下		確=かく|認=にん|します
2	w	g	会議は何時からですか	かいぎはなんじからですか	會議幾點開始？		会=かい|議=ぎ|は|何=なん|時=じ|からですか
2	w	g	今日は休みます	きょうはやすみます	我今天請假		今日=きょう|は|休=やす|みます
2	w	g	お疲れさまでした	おつかれさまでした	辛苦了（下班時）	syn5	お|疲=つか|れさまでした
2	w	g	よろしくお伝えください	よろしくおつたえください	請代我問好		よろしくお|伝=つた|えください
2	w	g	資料をお送りします	しりょうをおおくりします	我會寄資料給您		資=し|料=りょう|をお|送=おく|りします
3	w	g	ご確認お願いいたします	ごかくにんおねがいいたします	請您確認		ご|確=かく|認=にん|お|願=ねが|いいたします
3	w	g	恐れ入りますが、もう一度お願いできますか	おそれいりますが、もういちどおねがいできますか	不好意思，可以再說一次嗎？	syn9	恐=おそ|れ|入=い|りますが、もう|一=いち|度=ど|お|願=ねが|いできますか
3	w	g	後ほどご連絡いたします	のちほどごれんらくいたします	稍後再與您聯絡	syn27	後=のち|ほどご|連=れん|絡=らく|いたします
3	w	g	お手数をおかけします	おてすうをおかけします	麻煩您了	syn11	お|手=て|数=すう|をおかけします
3	w	g	ご検討のほどよろしくお願いいたします	ごけんとうのほどよろしくおねがいいたします	敬請考慮		ご|検=けん|討=とう|のほどよろしくお|願=ねが|いいたします
3	w	g	ただいま席を外しております	ただいませきをはずしております	目前不在座位上		ただいま|席=せき|を|外=はず|しております
3	w	g	先日はありがとうございました	せんじつはありがとうございました	前幾天謝謝您了		先=せん|日=じつ|はありがとうございました
3	w	g	承知いたしました	しょうちいたしました	了解了（謙讓）	syn4	承=しょう|知=ち|いたしました
3	w	g	かしこまりました、すぐに対応します	かしこまりました、すぐにたいおうします	明白了，馬上處理		かしこまりました、すぐに|対=たい|応=おう|します
3	w	g	ご都合はいかがですか	ごつごうはいかがですか	您方便嗎？		ご|都=つ|合=ごう|はいかがですか
3	w	g	本日はお時間をいただきありがとうございます	ほんじつはおじかんをいただきありがとうございます	今天感謝您撥冗		本=ほん|日=じつ|はお|時=じ|間=かん|をいただきありがとうございます
1	e	g	助けて！	たすけて！	救命！	syn61	助=たす|けて！
1	e	g	痛いです	いたいです	好痛		痛=いた|いです
1	e	g	頭が痛いです	あたまがいたいです	我頭痛		頭=あたま|が|痛=いた|いです
1	e	g	お腹が痛いです	おなかがいたいです	我肚子痛		お|腹=なか|が|痛=いた|いです
1	e	g	気分が悪いです	きぶんがわるいです	我不舒服	syn64	気=き|分=ぶん|が|悪=わる|いです
1	e	g	病院はどこですか	びょういんはどこですか	醫院在哪裡？		病=びょう|院=いん|はどこですか
2	e	g	救急車を呼んでください	きゅうきゅうしゃをよんでください	請叫救護車		救=きゅう|急=きゅう|車=しゃ|を|呼=よ|んでください
2	e	g	警察を呼んでください	けいさつをよんでください	請叫警察		警=けい|察=さつ|を|呼=よ|んでください
2	e	g	財布を落としました	さいふをおとしました	我掉了錢包		財=さい|布=ふ|を|落=お|としました
2	e	g	パスポートをなくしました		我護照不見了		
2	e	g	熱があります	ねつがあります	我發燒了	syn41	熱=ねつ|があります
2	e	g	風邪をひきました	かぜをひきました	我感冒了		風邪=かぜ|をひきました
2	e	g	薬をください	くすりをください	請給我藥		薬=くすり|をください
2	e	g	けがをしました		我受傷了		
2	e	g	危ない！	あぶない！	危險！		危=あぶ|ない！
2	e	g	火事だ！	かじだ！	失火了！		火=か|事=じ|だ！
3	e	g	盗まれました	ぬすまれました	被偷了		盗=ぬす|まれました
3	e	g	めまいがします		我頭暈		
3	e	g	吐き気がします	はきけがします	我想吐	syn42	吐=は|き|気=け|がします
3	e	g	地震です！	じしんです！	地震了！		地=じ|震=しん|です！
3	e	g	避難所はどこですか	ひなんじょはどこですか	避難所在哪裡？		避=ひ|難=なん|所=じょ|はどこですか
3	e	g	保険証を持っていません	ほけんしょうをもっていません	我沒帶健保卡		保=ほ|険=けん|証=しょう|を|持=も|っていません
3	e	g	大使館に連絡したいです	たいしかんにれんらくしたいです	我想聯絡大使館		大=たい|使=し|館=かん|に|連=れん|絡=らく|したいです
1	m	g	すごい！		好厲害！		
1	m	g	うれしい！		好開心！	syn26	
1	m	g	楽しかったです	たのしかったです	很開心		楽=たの|しかったです
1	m	g	かわいい！		好可愛！		
1	m	g	よかった！		太好了！	syn26	
1	m	g	疲れました	つかれました	好累		疲=つか|れました
1	m	g	眠いです	ねむいです	好睏		眠=ねむ|いです
1	m	g	寒い！	さむい！	好冷！		寒=さむ|い！
1	m	g	暑い！	あつい！	好熱！		暑=あつ|い！
2	m	g	びっくりしました		嚇我一跳		
2	m	g	残念です	ざんねんです	真可惜		残=ざん|念=ねん|です
2	m	g	困りました	こまりました	傷腦筋了	syn10	困=こま|りました
2	m	g	緊張しています	きんちょうしています	我很緊張		緊=きん|張=ちょう|しています
2	m	g	楽しみです	たのしみです	好期待	syn35	楽=たの|しみです
2	m	g	さびしいです		好寂寞		
2	m	g	うらやましい		好羨慕		
2	m	g	もう無理	もうむり	已經不行了		もう|無=む|理=り
2	m	g	やった！		成功了！耶！	syn26	
2	m	g	まさか！		不會吧！	syn20	
2	m	g	しまった！		糟了！		
2	m	g	ほっとしました		鬆了一口氣		
3	m	g	感動しました	かんどうしました	好感動		感=かん|動=どう|しました
3	m	g	がっかりしました		好失望		
3	m	g	悔しいです	くやしいです	好不甘心		悔=くや|しいです
3	m	g	恥ずかしいです	はずかしいです	好丟臉；好害羞		恥=は|ずかしいです
3	m	g	腹が立ちます	はらがたちます	真令人生氣		腹=はら|が|立=た|ちます
3	m	g	心配しています	しんぱいしています	我很擔心		心=しん|配=ぱい|しています
3	m	g	気が楽になりました	きがらくになりました	心情輕鬆多了		気=き|が|楽=らく|になりました
3	m	g	胸がいっぱいです	むねがいっぱいです	心中百感交集		胸=むね|がいっぱいです
1	p	g	一緒に行きませんか	いっしょにいきませんか	要不要一起去？		一=いっ|緒=しょ|に|行=い|きませんか
1	p	g	いいですね		好耶；不錯喔		
1	p	g	行きましょう	いきましょう	走吧		行=い|きましょう
1	p	g	また今度	またこんど	下次吧		また|今=こん|度=ど
2	p	g	今週末、暇ですか	こんしゅうまつ、ひまですか	這週末有空嗎？		今=こん|週=しゅう|末=まつ|、|暇=ひま|ですか
2	p	g	どこで会いますか	どこであいますか	在哪裡碰面？		どこで|会=あ|いますか
2	p	g	何時にしますか	なんじにしますか	約幾點？		何=なん|時=じ|にしますか
2	p	g	駅の前で待ち合わせしましょう	えきのまえでまちあわせしましょう	約在車站前面吧		駅=えき|の|前=まえ|で|待=ま|ち|合=あ|わせしましょう
2	p	g	ぜひ行きたいです	ぜひいきたいです	我很想去		ぜひ|行=い|きたいです
2	p	g	その日はちょっと…	そのひはちょっと…	那天有點不方便…	syn14	その|日=ひ|はちょっと…
2	p	g	ごめん、少し遅れる	ごめん、すこしおくれる	抱歉，我會晚一點到	syn18	ごめん、|少=すこ|し|遅=おく|れる
2	p	g	連絡先を教えてください	れんらくさきをおしえてください	請告訴我你的聯絡方式		連=れん|絡=らく|先=さき|を|教=おし|えてください
2	p	g	楽しんでね	たのしんでね	玩得開心喔		楽=たの|しんでね
3	p	g	都合が悪くなりました	つごうがわるくなりました	臨時不方便了	syn14	都=つ|合=ごう|が|悪=わる|くなりました
3	p	g	また誘ってください	またさそってください	下次再約我喔		また|誘=さそ|ってください
3	p	g	せっかくですが、遠慮します	せっかくですが、えんりょします	難得您邀請，但我就不去了	syn15	せっかくですが、|遠=えん|慮=りょ|します
3	p	g	予定を確認して連絡します	よていをかくにんしてれんらくします	我確認行程後再聯絡你		予=よ|定=てい|を|確=かく|認=にん|して|連=れん|絡=らく|します
3	p	g	日にちを変更してもいいですか	ひにちをへんこうしてもいいですか	可以改日期嗎？		日=ひ|にちを|変=へん|更=こう|してもいいですか
1	l	g	もしもし		喂？		
1	l	g	はい、林です	はい、りんです	喂，我是林		はい、|林=りん|です
2	l	g	田中さんはいらっしゃいますか	たなかさんはいらっしゃいますか	請問○○在嗎？		田=た|中=なか|さんはいらっしゃいますか
2	l	g	また電話します	またでんわします	我再打給你	syn27	また|電=でん|話=わ|します
2	l	g	電話番号を教えてください	でんわばんごうをおしえてください	請告訴我電話號碼		電=でん|話=わ|番=ばん|号=ごう|を|教=おし|えてください
2	l	g	聞こえますか	きこえますか	聽得到嗎？		聞=き|こえますか
2	l	g	声が遠いです	こえがとおいです	聲音聽不太清楚	syn28	声=こえ|が|遠=とお|いです
2	l	g	間違い電話です	まちがいでんわです	你打錯電話了		間=ま|違=ちが|い|電=でん|話=わ|です
3	l	g	折り返しお電話いたします	おりかえしおでんわいたします	我再回電給您	syn27	折=お|り|返=かえ|しお|電=でん|話=わ|いたします
3	l	g	お電話が遠いようです	おでんわがとおいようです	您的聲音好像有點小	syn28	お|電=でん|話=わ|が|遠=とお|いようです
3	l	g	伝言をお願いできますか	でんごんをおねがいできますか	可以幫我留言嗎？		伝=でん|言=ごん|をお|願=ねが|いできますか
3	l	g	どちら様でしょうか	どちらさまでしょうか	請問是哪位？		どちら|様=さま|でしょうか
3	l	g	失礼ですが、お名前をもう一度お願いします	しつれいですが、おなまえをもういちどおねがいします	不好意思，請再說一次您的大名		失=しつ|礼=れい|ですが、お|名=な|前=まえ|をもう|一=いち|度=ど|お|願=ねが|いします
3	l	g	電話が切れてしまいました	でんわがきれてしまいました	電話斷掉了		電=でん|話=わ|が|切=き|れてしまいました
1	y	g	今、何時ですか	いま、なんじですか	現在幾點？		今=いま|、|何=なん|時=じ|ですか
1	y	g	今日は何曜日ですか	きょうはなんようびですか	今天星期幾？		今日=きょう|は|何=なん|曜=よう|日=び|ですか
1	y	g	いい天気ですね	いいてんきですね	天氣真好呢		いい|天=てん|気=き|ですね
1	y	g	雨が降っています	あめがふっています	正在下雨		雨=あめ|が|降=ふ|っています
1	y	g	どうしたの？		怎麼了？		
1	y	g	何をしていますか	なにをしていますか	你在做什麼？		何=なに|をしていますか
1	y	g	ちょっと出かけてきます	ちょっとでかけてきます	我出去一下	syn17	ちょっと|出=で|かけてきます
1	y	g	お腹すいた	おなかすいた	肚子餓了（口語）	syn7	お|腹=なか|すいた
1	y	g	これ、どうぞ		這個，請用		
1	y	g	どれがいいですか		哪個好？		
2	y	g	傘を持っていますか	かさをもっていますか	你有帶傘嗎？		傘=かさ|を|持=も|っていますか
2	y	g	明日は晴れるそうです	あしたははれるそうです	聽說明天會放晴		明日=あした|は|晴=は|れるそうです
2	y	g	週末は何をしましたか	しゅうまつはなにをしましたか	週末做了什麼？		週=しゅう|末=まつ|は|何=なに|をしましたか
2	y	g	最近忙しいです	さいきんいそがしいです	最近很忙		最=さい|近=きん|忙=いそが|しいです
2	y	g	ちょっと休みましょう	ちょっとやすみましょう	稍微休息一下吧		ちょっと|休=やす|みましょう
2	y	g	もう寝ます	もうねます	我要睡了		もう|寝=ね|ます
2	y	g	電気を消してください	でんきをけしてください	請關燈		電=でん|気=き|を|消=け|してください
2	y	g	窓を開けてもいいですか	まどをあけてもいいですか	可以開窗嗎？		窓=まど|を|開=あ|けてもいいですか
2	y	g	充電器を貸してもらえますか	じゅうでんきをかしてもらえますか	可以借我充電器嗎？		充=じゅう|電=でん|器=き|を|貸=か|してもらえますか
2	y	g	ゴミはどこに捨てますか	ゴミはどこにすてますか	垃圾丟哪裡？		ゴミはどこに|捨=す|てますか
2	y	g	時間がありません	じかんがありません	沒時間了		時=じ|間=かん|がありません
2	y	g	急いでください	いそいでください	請快一點		急=いそ|いでください
2	y	g	どっちでもいいです		哪個都可以		
2	y	g	知っていますか	しっていますか	你知道嗎？		知=し|っていますか
2	y	g	知りませんでした	しりませんでした	我之前不知道		知=し|りませんでした
3	y	g	天気予報によると雪が降るそうです	てんきよほうによるとゆきがふるそうです	根據氣象預報會下雪		天=てん|気=き|予=よ|報=ほう|によると|雪=ゆき|が|降=ふ|るそうです
3	y	g	せっかくの休みなのに雨だ	せっかくのやすみなのにあめだ	難得放假卻下雨		せっかくの|休=やす|みなのに|雨=あめ|だ
3	y	g	それはいい考えですね	それはいいかんがえですね	那是個好主意		それはいい|考=かんが|えですね
3	y	g	仕方がないですね	しかたがないですね	沒辦法呢	syn65	仕=し|方=かた|がないですね
3	y	g	気にしすぎだよ	きにしすぎだよ	你想太多了		気=き|にしすぎだよ
3	y	g	あっという間でした	あっというまでした	一眨眼就過了		あっという|間=ま|でした
3	y	g	どうにかなりますよ		總會有辦法的	syn57	
3	y	g	お言葉に甘えて	おことばにあまえて	那我就恭敬不如從命了		お|言=こと|葉=ば|に|甘=あま|えて
3	y	g	お構いなく	おかまいなく	請不用張羅	syn15	お|構=かま|いなく
1	k	g	ちょっと手伝ってください	ちょっとてつだってください	請幫我一下		ちょっと|手=て|伝=つだ|ってください
1	k	g	これを使ってもいいですか	これをつかってもいいですか	可以用這個嗎？		これを|使=つか|ってもいいですか
1	k	g	ここに座ってもいいですか	ここにすわってもいいですか	可以坐這裡嗎？		ここに|座=すわ|ってもいいですか
1	k	g	入ってもいいですか	はいってもいいですか	可以進去嗎？		入=はい|ってもいいですか
1	k	g	見せてください	みせてください	請給我看看		見=み|せてください
1	k	g	貸してください	かしてください	請借我		貸=か|してください
1	k	g	教えてください	おしえてください	請告訴我；請教我		教=おし|えてください
1	k	g	止めてください	とめてください	請停下來		止=と|めてください
1	k	g	静かにしてください	しずかにしてください	請安靜	syn40	静=しず|かにしてください
1	k	g	ドアを閉めてください	ドアをしめてください	請關門		ドアを|閉=し|めてください
2	k	g	ペンを借りてもいいですか	ペンをかりてもいいですか	可以跟你借筆嗎？		ペンを|借=か|りてもいいですか
2	k	g	トイレを借りてもいいですか	トイレをかりてもいいですか	可以借用廁所嗎？		トイレを|借=か|りてもいいですか
2	k	g	お願いがあるんですが	おねがいがあるんですが	我有件事想拜託你		お|願=ねが|いがあるんですが
2	k	g	ちょっと聞いてもいいですか	ちょっときいてもいいですか	可以問一下嗎？		ちょっと|聞=き|いてもいいですか
2	k	g	手を貸してもらえますか	てをかしてもらえますか	可以幫我一把嗎？		手=て|を|貸=か|してもらえますか
2	k	g	代わりに行ってもらえますか	かわりにいってもらえますか	可以幫我去嗎？		代=か|わりに|行=い|ってもらえますか
2	k	g	これを持っていてもらえますか	これをもっていてもらえますか	可以幫我拿著這個嗎？		これを|持=も|っていてもらえますか
2	k	g	エアコンをつけてもいいですか		可以開冷氣嗎？		
2	k	g	先に帰ってもいいですか	さきにかえってもいいですか	我可以先回去嗎？		先=さき|に|帰=かえ|ってもいいですか
2	k	g	ここでたばこを吸ってもいいですか	ここでたばこをすってもいいですか	這裡可以抽菸嗎？		ここでたばこを|吸=す|ってもいいですか
2	k	g	ここに荷物を置いてもいいですか	ここににもつをおいてもいいですか	行李可以放這裡嗎？		ここに|荷=に|物=もつ|を|置=お|いてもいいですか
2	k	g	もう少し待ってもらえますか	もうすこしまってもらえますか	可以再等一下嗎？	syn22	もう|少=すこ|し|待=ま|ってもらえますか
2	k	g	起こしてください	おこしてください	請叫醒我		起=お|こしてください
2	k	g	写真を送ってください	しゃしんをおくってください	請把照片傳給我		写=しゃ|真=しん|を|送=おく|ってください
2	k	g	触らないでください	さわらないでください	請不要碰		触=さわ|らないでください
2	k	g	押さないでください	おさないでください	請不要推		押=お|さないでください
2	k	g	あとで見てもらえますか	あとでみてもらえますか	晚點可以幫我看一下嗎？		あとで|見=み|てもらえますか
3	k	g	差し支えなければ教えていただけますか	さしつかえなければおしえていただけますか	如果方便的話能告訴我嗎？		差=さ|し|支=つか|えなければ|教=おし|えていただけますか
3	k	g	お力を貸していただけませんか	おちからをかしていただけませんか	能請您助一臂之力嗎？		お|力=ちから|を|貸=か|していただけませんか
3	k	g	一つお願いしてもよろしいでしょうか	ひとつおねがいしてもよろしいでしょうか	可以拜託您一件事嗎？		一=ひと|つお|願=ねが|いしてもよろしいでしょうか
3	k	g	少しお時間をいただけますか	すこしおじかんをいただけますか	能耽誤您一點時間嗎？		少=すこ|しお|時=じ|間=かん|をいただけますか
3	k	g	ご協力をお願いします	ごきょうりょくをおねがいします	請大家配合		ご|協=きょう|力=りょく|をお|願=ねが|いします
3	k	g	ご遠慮ください	ごえんりょください	請勿～（禁止告示）		ご|遠=えん|慮=りょ|ください
3	k	g	お掛けになってお待ちください	おかけになっておまちください	請坐著稍候		お|掛=か|けになってお|待=ま|ちください
3	k	g	こちらにご記入ください	こちらにごきにゅうください	請填寫這裡		こちらにご|記=き|入=にゅう|ください
3	k	g	無理を言ってすみません	むりをいってすみません	抱歉提出無理的要求		無=む|理=り|を|言=い|ってすみません
3	k	g	折り入ってご相談があります	おりいってごそうだんがあります	有件事想特別跟您商量	syn60	折=お|り|入=い|ってご|相=そう|談=だん|があります
3	k	g	お言葉ですが	おことばですが	恕我直言		お|言=こと|葉=ば|ですが
3	k	g	ご一緒してもいいですか	ごいっしょしてもいいですか	我可以跟您一起嗎？		ご|一=いっ|緒=しょ|してもいいですか
1	o	g	どう思いますか	どうおもいますか	你覺得怎麼樣？		どう|思=おも|いますか
1	o	g	いいと思います	いいとおもいます	我覺得不錯		いいと|思=おも|います
1	o	g	反対です	はんたいです	我反對	syn44	反=はん|対=たい|です
1	o	g	賛成です	さんせいです	我贊成		賛=さん|成=せい|です
2	o	g	ちょっと違うと思います	ちょっとちがうとおもいます	我覺得有點不對	syn58	ちょっと|違=ちが|うと|思=おも|います
2	o	g	それはどうかな		那可不一定		
2	o	g	一理ありますね	いちりありますね	有點道理		一=いち|理=り|ありますね
2	o	g	私の意見ですが	わたしのいけんですが	這是我的看法		私=わたし|の|意=い|見=けん|ですが
2	o	g	理由は何ですか	りゆうはなんですか	理由是什麼？		理=り|由=ゆう|は|何=なん|ですか
2	o	g	例を挙げてください	れいをあげてください	請舉個例子		例=れい|を|挙=あ|げてください
2	o	g	つまり、どういうことですか		也就是說，是怎麼回事？		
2	o	g	半分賛成です	はんぶんさんせいです	我一半贊成		半=はん|分=ぶん|賛=さん|成=せい|です
2	o	g	場合によります	ばあいによります	要看情況		場=ば|合=あい|によります
2	o	g	人それぞれですね	ひとそれぞれですね	因人而異呢		人=ひと|それぞれですね
2	o	g	それもそうですね		那也說得對		
2	o	g	やってみる価値はあります	やってみるかちはあります	值得一試		やってみる|価=か|値=ち|はあります
2	o	g	メリットとデメリットがあります		有好處也有壞處		
2	o	g	私だったらやめます	わたしだったらやめます	換作是我就不做		私=わたし|だったらやめます
3	o	g	一概には言えません	いちがいにはいえません	不能一概而論		一=いち|概=がい|には|言=い|えません
3	o	g	おっしゃることはわかりますが		我懂您的意思，但是		
3	o	g	別の見方もできます	べつのみかたもできます	也可以換個角度看		別=べつ|の|見=み|方=かた|もできます
3	o	g	根拠はありますか	こんきょはありますか	有根據嗎？		根=こん|拠=きょ|はありますか
3	o	g	話がずれています	はなしがずれています	話題偏了		話=はなし|がずれています
3	o	g	本題に戻りましょう	ほんだいにもどりましょう	回到正題吧		本=ほん|題=だい|に|戻=もど|りましょう
3	o	g	結論から言うと	けつろんからいうと	先講結論的話		結=けつ|論=ろん|から|言=い|うと
3	o	g	確かにそうですが	たしかにそうですが	確實是那樣沒錯，但是		確=たし|かにそうですが
3	o	g	言い過ぎだと思います	いいすぎだとおもいます	我覺得說得太過分了		言=い|い|過=す|ぎだと|思=おも|います
3	o	g	もう少し考えさせてください	もうすこしかんがえさせてください	請讓我再想想		もう|少=すこ|し|考=かんが|えさせてください
3	o	g	前向きに考えましょう	まえむきにかんがえましょう	往正面的方向想吧		前=まえ|向=む|きに|考=かんが|えましょう
3	o	g	多数決で決めましょう	たすうけつできめましょう	用多數決來決定吧		多=た|数=すう|決=けつ|で|決=き|めましょう
3	o	g	妥協するしかないですね	だきょうするしかないですね	只能妥協了		妥=だ|協=きょう|するしかないですね
3	o	g	意見が分かれていますね	いけんがわかれていますね	意見分歧呢		意=い|見=けん|が|分=わ|かれていますね
3	o	g	一長一短ですね	いっちょういったんですね	各有優缺點呢		一=いっ|長=ちょう|一=いっ|短=たん|ですね
3	o	g	私の考えは少し違います	わたしのかんがえはすこしちがいます	我的想法有點不同		私=わたし|の|考=かんが|えは|少=すこ|し|違=ちが|います
3	o	g	どちらとも言えません	どちらともいえません	很難說是哪一邊		どちらとも|言=い|えません
3	o	g	それは偏見ですよ	それはへんけんですよ	那是偏見喔		それは|偏=へん|見=けん|ですよ
1	r	g	上手ですね	じょうずですね	你很厲害呢		上=じょう|手=ず|ですね
1	r	g	すてきですね		好棒；好漂亮	syn66	
1	r	g	似合っていますね	にあっていますね	很適合你		似=に|合=あ|っていますね
1	r	g	がんばって！		加油！		
1	r	g	大丈夫？	だいじょうぶ？	還好嗎？		大=だい|丈=じょう|夫=ぶ|？
1	r	g	よくできました		做得很好		
2	r	g	日本語が上手ですね	にほんごがじょうずですね	你日文真好		日本語=にほんご|が|上=じょう|手=ず|ですね
2	r	g	さすがですね		不愧是你		
2	r	g	すごく助かりました	すごくたすかりました	真的幫了大忙	syn62	すごく|助=たす|かりました
2	r	g	無理しないでね	むりしないでね	不要太勉強喔		無=む|理=り|しないでね
2	r	g	元気出して	げんきだして	打起精神來		元=げん|気=き|出=だ|して
2	r	g	きっと大丈夫だよ	きっとだいじょうぶだよ	一定沒問題的	syn57	きっと|大=だい|丈=じょう|夫=ぶ|だよ
2	r	g	よくがんばったね		你很努力了呢		
2	r	g	応援しています	おうえんしています	我會支持你		応=おう|援=えん|しています
2	r	g	次はうまくいくよ	つぎはうまくいくよ	下次會順利的		次=つぎ|はうまくいくよ
2	r	g	センスがいいですね		品味真好		
2	r	g	料理が上手ですね	りょうりがじょうずですね	你很會做菜呢		料=りょう|理=り|が|上=じょう|手=ず|ですね
2	r	g	若く見えますね	わかくみえますね	看起來好年輕		若=わか|く|見=み|えますね
2	r	g	かっこいい！		好帥！		
2	r	g	頼りになります	たよりになります	真可靠		頼=たよ|りになります
2	r	g	あなたのおかげです		多虧有你		
3	r	g	見習いたいです	みならいたいです	我想向你學習		見=み|習=なら|いたいです
3	r	g	お見事です	おみごとです	太精彩了		お|見=み|事=ごと|です
3	r	g	おっしゃる通りで、感服しました	おっしゃるとおりで、かんぷくしました	您說得對，我很佩服		おっしゃる|通=とお|りで、|感=かん|服=ぷく|しました
3	r	g	努力が報われましたね	どりょくがむくわれましたね	努力有了回報呢		努=ど|力=りょく|が|報=むく|われましたね
3	r	g	心中お察しします	しんちゅうおさっしします	我能體會您的心情		心=しん|中=ちゅう|お|察=さっ|しします
3	r	g	一人で抱え込まないでね	ひとりでかかえこまないでね	別一個人扛著		一=ひと|人=り|で|抱=かか|え|込=こ|まないでね
3	r	g	焦らなくていいよ	あせらなくていいよ	不用著急	syn43	焦=あせ|らなくていいよ
3	r	g	失敗は成功のもとだよ	しっぱいはせいこうのもとだよ	失敗為成功之母		失=しっ|敗=ぱい|は|成=せい|功=こう|のもとだよ
3	r	g	あなたならできるよ		你一定做得到		
3	r	g	ご活躍を楽しみにしています	ごかつやくをたのしみにしています	期待您大展身手		ご|活=かつ|躍=やく|を|楽=たの|しみにしています
3	r	g	ご冥福をお祈りします	ごめいふくをおいのりします	願逝者安息		ご|冥=めい|福=ふく|をお|祈=いの|りします
3	r	g	お悔やみ申し上げます	おくやみもうしあげます	謹致哀悼		お|悔=く|やみ|申=もう|し|上=あ|げます
3	r	g	話を聞くよ	はなしをきくよ	我聽你說		話=はなし|を|聞=き|くよ
3	r	g	いつでも相談してね	いつでもそうだんしてね	隨時都可以找我商量		いつでも|相=そう|談=だん|してね
3	r	g	成長しましたね	せいちょうしましたね	你成長了呢		成=せい|長=ちょう|しましたね
3	r	g	期待以上です	きたいいじょうです	超出期待		期=き|待=たい|以=い|上=じょう|です
1	b	g	風邪薬はありますか	かぜぐすりはありますか	有感冒藥嗎？		風邪薬=かぜぐすり|はありますか
1	b	g	のどが痛いです	のどがいたいです	我喉嚨痛		のどが|痛=いた|いです
1	b	g	歯が痛いです	はがいたいです	我牙齒痛		歯=は|が|痛=いた|いです
1	b	g	咳が出ます	せきがでます	我會咳嗽		咳=せき|が|出=で|ます
1	b	g	鼻水が出ます	はなみずがでます	我流鼻水		鼻=はな|水=みず|が|出=で|ます
1	b	g	足が痛いです	あしがいたいです	我腳痛		足=あし|が|痛=いた|いです
2	b	g	いつからですか		從什麼時候開始的？		
2	b	g	昨日からです	きのうからです	從昨天開始		昨日=きのう|からです
2	b	g	食欲がありません	しょくよくがありません	沒有食慾		食=しょく|欲=よく|がありません
2	b	g	下痢をしています	げりをしています	我在拉肚子		下=げ|痢=り|をしています
2	b	g	寒気がします	さむけがします	我覺得發冷		寒=さむ|気=け|がします
2	b	g	体がだるいです	からだがだるいです	全身無力		体=からだ|がだるいです
2	b	g	眠れません	ねむれません	我睡不著		眠=ねむ|れません
2	b	g	かゆいです		好癢		
2	b	g	薬を飲んでいます	くすりをのんでいます	我有在吃藥		薬=くすり|を|飲=の|んでいます
2	b	g	一日何回飲みますか	いちにちなんかいのみますか	一天吃幾次？		一=いち|日=にち|何=なん|回=かい|飲=の|みますか
2	b	g	食後に飲んでください	しょくごにのんでください	請飯後服用		食=しょく|後=ご|に|飲=の|んでください
2	b	g	診察券を出してください	しんさつけんをだしてください	請出示掛號證		診=しん|察=さつ|券=けん|を|出=だ|してください
2	b	g	予約なしでも診てもらえますか	よやくなしでもみてもらえますか	沒預約也能看診嗎？		予=よ|約=やく|なしでも|診=み|てもらえますか
2	b	g	保険は使えますか	ほけんはつかえますか	可以用保險嗎？		保=ほ|険=けん|は|使=つか|えますか
2	b	g	足をひねりました	あしをひねりました	我扭到腳了		足=あし|をひねりました
2	b	g	やけどをしました		我燙傷了		
2	b	g	血が止まりません	ちがとまりません	血止不住		血=ち|が|止=と|まりません
2	b	g	息が苦しいです	いきがくるしいです	呼吸困難		息=いき|が|苦=くる|しいです
2	b	g	目がかゆいです	めがかゆいです	眼睛癢		目=め|がかゆいです
2	b	g	花粉症です	かふんしょうです	我有花粉症		花=か|粉=ふん|症=しょう|です
3	b	g	持病があります	じびょうがあります	我有慢性病		持=じ|病=びょう|があります
3	b	g	妊娠しています	にんしんしています	我懷孕了		妊=にん|娠=しん|しています
3	b	g	この薬は眠くなりますか	このくすりはねむくなりますか	這個藥會想睡嗎？		この|薬=くすり|は|眠=ねむ|くなりますか
3	b	g	副作用はありますか	ふくさようはありますか	有副作用嗎？		副=ふく|作=さ|用=よう|はありますか
3	b	g	処方箋をお持ちですか	しょほうせんをおもちですか	您有處方箋嗎？		処=しょ|方=ほう|箋=せん|をお|持=も|ちですか
3	b	g	入院が必要ですか	にゅういんがひつようですか	需要住院嗎？		入=にゅう|院=いん|が|必=ひつ|要=よう|ですか
3	b	g	手術はいつですか	しゅじゅつはいつですか	手術是什麼時候？		手=しゅ|術=じゅつ|はいつですか
3	b	g	血液型は何型ですか	けつえきがたはなにがたですか	你是什麼血型？		血=けつ|液=えき|型=がた|は|何=なに|型=がた|ですか
3	b	g	ズキズキ痛みます	ズキズキいたみます	一陣一陣地抽痛		ズキズキ|痛=いた|みます
3	b	g	胃がムカムカします	いがムカムカします	胃不舒服想吐		胃=い|がムカムカします
3	b	g	診断書をもらえますか	しんだんしょをもらえますか	可以給我診斷書嗎？		診=しん|断=だん|書=しょ|をもらえますか
3	b	g	ペニシリンにアレルギーがあります		我對盤尼西林過敏		
3	b	g	内科はどこですか	ないかはどこですか	內科在哪裡？		内=ない|科=か|はどこですか
3	b	g	検査の結果はいつ出ますか	けんさのけっかはいつでますか	檢查結果什麼時候出來？		検=けん|査=さ|の|結=けっ|果=か|はいつ|出=で|ますか
3	b	g	お見舞いに来ました	おみまいにきました	我來探病了		お|見=み|舞=ま|いに|来=き|ました
3	b	g	早く良くなってね	はやくよくなってね	早日康復喔		早=はや|く|良=よ|くなってね
3	b	g	安静にしてください	あんせいにしてください	請靜養		安=あん|静=せい|にしてください
3	b	g	熱が下がりました	ねつがさがりました	燒退了		熱=ねつ|が|下=さ|がりました
3	b	g	骨が折れたかもしれません	ほねがおれたかもしれません	骨頭可能斷了		骨=ほね|が|折=お|れたかもしれません
3	b	g	ジェネリックでお願いします	ジェネリックでおねがいします	請給我學名藥		ジェネリックでお|願=ねが|いします
1	n	g	お金をおろしたいです	おかねをおろしたいです	我想領錢		お|金=かね|をおろしたいです
1	n	g	切手をください	きってをください	請給我郵票		切=きっ|手=て|をください
2	n	g	両替できますか	りょうがえできますか	可以換錢嗎？		両=りょう|替=がえ|できますか
2	n	g	口座を作りたいです	こうざをつくりたいです	我想開戶		口=こう|座=ざ|を|作=つく|りたいです
2	n	g	この荷物を台湾に送りたいです	このにもつをたいわんにおくりたいです	我想把這件包裹寄到台灣		この|荷=に|物=もつ|を|台=たい|湾=わん|に|送=おく|りたいです
2	n	g	航空便でお願いします	こうくうびんでおねがいします	請寄航空		航=こう|空=くう|便=びん|でお|願=ねが|いします
2	n	g	船便だと何日かかりますか	ふなびんだとなんにちかかりますか	海運要幾天？		船=ふな|便=びん|だと|何=なん|日=にち|かかりますか
2	n	g	速達でお願いします	そくたつでおねがいします	請寄限時		速=そく|達=たつ|でお|願=ねが|いします
2	n	g	書留にしてください	かきとめにしてください	請寄掛號		書=かき|留=とめ|にしてください
2	n	g	この書類に記入してください	このしょるいにきにゅうしてください	請填寫這份文件		この|書=しょ|類=るい|に|記=き|入=にゅう|してください
2	n	g	印鑑を持ってきてください	いんかんをもってきてください	請帶印章來		印=いん|鑑=かん|を|持=も|ってきてください
2	n	g	サインでもいいですか		簽名也可以嗎？		
2	n	g	手数料はいくらですか	てすうりょうはいくらですか	手續費多少？		手=て|数=すう|料=りょう|はいくらですか
2	n	g	振り込みたいです	ふりこみたいです	我想匯款		振=ふ|り|込=こ|みたいです
2	n	g	カードが出てきません	カードがでてきません	卡片吐不出來		カードが|出=で|てきません
2	n	g	暗証番号を忘れました	あんしょうばんごうをわすれました	我忘了密碼		暗=あん|証=しょう|番=ばん|号=ごう|を|忘=わす|れました
2	n	g	再配達をお願いします	さいはいたつをおねがいします	麻煩重新配送		再=さい|配=はい|達=たつ|をお|願=ねが|いします
2	n	g	不在票が入っていました	ふざいひょうがはいっていました	信箱裡有招領通知單		不=ふ|在=ざい|票=ひょう|が|入=はい|っていました
2	n	g	番号札を取ってお待ちください	ばんごうふだをとっておまちください	請抽號碼牌等候		番=ばん|号=ごう|札=ふだ|を|取=と|ってお|待=ま|ちください
3	n	g	住民票を取りたいのですが	じゅうみんひょうをとりたいのですが	我想申請住民票		住=じゅう|民=みん|票=ひょう|を|取=と|りたいのですが
3	n	g	在留カードを見せてください	ざいりゅうカードをみせてください	請出示在留卡		在=ざい|留=りゅう|カードを|見=み|せてください
3	n	g	転入届を出しに来ました	てんにゅうとどけをだしにきました	我來辦遷入登記		転=てん|入=にゅう|届=とどけ|を|出=だ|しに|来=き|ました
3	n	g	本人確認書類はお持ちですか	ほんにんかくにんしょるいはおもちですか	您有帶身分證明文件嗎？		本=ほん|人=にん|確=かく|認=にん|書=しょ|類=るい|はお|持=も|ちですか
3	n	g	口座を解約したいです	こうざをかいやくしたいです	我想解約帳戶		口=こう|座=ざ|を|解=かい|約=やく|したいです
3	n	g	通帳を記入したいです	つうちょうをきにゅうしたいです	我想補登存摺		通=つう|帳=ちょう|を|記=き|入=にゅう|したいです
3	n	g	為替レートはいくらですか	かわせレートはいくらですか	匯率是多少？		為替=かわせ|レートはいくらですか
3	n	g	送金の手続きをしたいです	そうきんのてつづきをしたいです	我想辦理匯款手續		送=そう|金=きん|の|手=て|続=つづ|きをしたいです
3	n	g	郵便番号を書いてください	ゆうびんばんごうをかいてください	請寫上郵遞區號		郵=ゆう|便=びん|番=ばん|号=ごう|を|書=か|いてください
3	n	g	窓口は何時までですか	まどぐちはなんじまでですか	窗口開到幾點？		窓=まど|口=ぐち|は|何=なん|時=じ|までですか
3	n	g	必要な書類を教えてください	ひつようなしょるいをおしえてください	請告訴我需要哪些文件		必=ひつ|要=よう|な|書=しょ|類=るい|を|教=おし|えてください
3	n	g	ビザを更新したいです	ビザをこうしんしたいです	我想更新簽證		ビザを|更=こう|新=しん|したいです
3	n	g	代理人でも大丈夫ですか	だいりにんでもだいじょうぶですか	代理人也可以嗎？		代=だい|理=り|人=にん|でも|大=だい|丈=じょう|夫=ぶ|ですか
3	n	g	この欄は空けておいてください	このらんはあけておいてください	這一欄請空著		この|欄=らん|は|空=あ|けておいてください
3	n	g	控えをお渡しします	ひかえをおわたしします	這是您的存根		控=ひか|えをお|渡=わた|しします
3	n	g	マイナンバーカードを作りたいです	マイナンバーカードをつくりたいです	我想辦個人編號卡		マイナンバーカードを|作=つく|りたいです
3	n	g	国民健康保険に加入したいです	こくみんけんこうほけんにかにゅうしたいです	我想加入國民健康保險		国=こく|民=みん|健=けん|康=こう|保=ほ|険=けん|に|加=か|入=にゅう|したいです
3	n	g	税金の払い方を教えてください	ぜいきんのはらいかたをおしえてください	請教我怎麼繳稅		税=ぜい|金=きん|の|払=はら|い|方=かた|を|教=おし|えてください
1	u	g	ここに住んでいます	ここにすんでいます	我住在這裡		ここに|住=す|んでいます
1	u	g	お風呂に入ります	おふろにはいります	我要洗澡		お|風=ふ|呂=ろ|に|入=はい|ります
1	u	g	掃除をします	そうじをします	我要打掃		掃=そう|除=じ|をします
1	u	g	洗濯をします	せんたくをします	我要洗衣服		洗=せん|濯=たく|をします
1	u	g	ご飯ができたよ	ごはんができたよ	飯好了喔		ご|飯=はん|ができたよ
2	u	g	部屋を探しています	へやをさがしています	我在找房子		部屋=へや|を|探=さが|しています
2	u	g	家賃はいくらですか	やちんはいくらですか	房租多少？		家=や|賃=ちん|はいくらですか
2	u	g	駅から近い部屋がいいです	えきからちかいへやがいいです	我想要離車站近的房子		駅=えき|から|近=ちか|い|部屋=へや|がいいです
2	u	g	内見できますか	ないけんできますか	可以看房嗎？		内=ない|見=けん|できますか
2	u	g	ペットは飼えますか	ペットはかえますか	可以養寵物嗎？		ペットは|飼=か|えますか
2	u	g	敷金と礼金はいくらですか	しききんとれいきんはいくらですか	押金和禮金是多少？		敷=しき|金=きん|と|礼=れい|金=きん|はいくらですか
2	u	g	ゴミの日はいつですか	ゴミのひはいつですか	哪天收垃圾？		ゴミの|日=ひ|はいつですか
2	u	g	燃えるゴミは月曜日です	もえるゴミはげつようびです	可燃垃圾是星期一		燃=も|えるゴミは|月=げつ|曜=よう|日=び|です
2	u	g	電気がつきません	でんきがつきません	電燈不亮		電=でん|気=き|がつきません
2	u	g	水が漏れています	みずがもれています	在漏水		水=みず|が|漏=も|れています
2	u	g	トイレが詰まりました	トイレがつまりました	馬桶塞住了		トイレが|詰=つ|まりました
2	u	g	鍵を閉め忘れました	かぎをしめわすれました	我忘了鎖門		鍵=かぎ|を|閉=し|め|忘=わす|れました
2	u	g	隣の人がうるさいです	となりのひとがうるさいです	隔壁很吵		隣=となり|の|人=ひと|がうるさいです
2	u	g	引っ越しの挨拶に来ました	ひっこしのあいさつにきました	我來打聲招呼，剛搬來		引=ひ|っ|越=こ|しの|挨=あい|拶=さつ|に|来=き|ました
2	u	g	洗濯物を干します	せんたくものをほします	我要曬衣服		洗=せん|濯=たく|物=もの|を|干=ほ|します
2	u	g	布団を敷きます	ふとんをしきます	我要鋪被子		布=ふ|団=とん|を|敷=し|きます
2	u	g	お湯を沸かします	おゆをわかします	我要燒開水		お|湯=ゆ|を|沸=わ|かします
3	u	g	更新料はかかりますか	こうしんりょうはかかりますか	要付續約費嗎？		更=こう|新=しん|料=りょう|はかかりますか
3	u	g	退去の連絡をしたいです	たいきょのれんらくをしたいです	我想通知退租		退=たい|去=きょ|の|連=れん|絡=らく|をしたいです
3	u	g	管理会社に連絡してください	かんりがいしゃにれんらくしてください	請聯絡管理公司		管=かん|理=り|会=がい|社=しゃ|に|連=れん|絡=らく|してください
3	u	g	ガスの開栓をお願いしたいです	ガスのかいせんをおねがいしたいです	我想申請開通瓦斯		ガスの|開=かい|栓=せん|をお|願=ねが|いしたいです
3	u	g	日当たりがいい部屋です	ひあたりがいいへやです	採光很好的房間		日=ひ|当=あ|たりがいい|部屋=へや|です
3	u	g	駐輪場はありますか	ちゅうりんじょうはありますか	有腳踏車停車場嗎？		駐=ちゅう|輪=りん|場=じょう|はありますか
3	u	g	粗大ゴミはどう出しますか	そだいゴミはどうだしますか	大型垃圾要怎麼丟？		粗=そ|大=だい|ゴミはどう|出=だ|しますか
3	u	g	分別のルールを教えてください	ぶんべつのルールをおしえてください	請告訴我垃圾分類規則		分=ぶん|別=べつ|のルールを|教=おし|えてください
3	u	g	夜は静かにお願いします	よるはしずかにおねがいします	晚上請保持安靜	syn40	夜=よる|は|静=しず|かにお|願=ねが|いします
3	u	g	エアコンが効きません	エアコンがききません	冷氣不冷		エアコンが|効=き|きません
3	u	g	カビが生えています	カビがはえています	發霉了		カビが|生=は|えています
3	u	g	保証人が必要ですか	ほしょうにんがひつようですか	需要保證人嗎？		保=ほ|証=しょう|人=にん|が|必=ひつ|要=よう|ですか
3	u	g	オートロックですか		有自動門禁嗎？		
3	u	g	家具付きの部屋はありますか	かぐつきのへやはありますか	有附家具的房間嗎？		家=か|具=ぐ|付=つ|きの|部屋=へや|はありますか
3	u	g	お隣さんにおすそ分けです	おとなりさんにおすそわけです	分一點給鄰居		お|隣=となり|さんにおすそ|分=わ|けです
3	u	g	回覧板を回してください	かいらんばんをまわしてください	請把傳閱板傳下去		回=かい|覧=らん|板=ばん|を|回=まわ|してください
1	x	g	電話番号は何番ですか	でんわばんごうはなんばんですか	電話號碼是幾號？		電=でん|話=わ|番=ばん|号=ごう|は|何=なん|番=ばん|ですか
1	x	g	メールを送ります	メールをおくります	我會寄電子郵件		メールを|送=おく|ります
1	x	g	写真を見せて	しゃしんをみせて	給我看照片		写=しゃ|真=しん|を|見=み|せて
2	x	g	ラインやってる？		你有用LINE嗎？		
2	x	g	ラインを交換しませんか	ラインをこうかんしませんか	要不要交換LINE？		ラインを|交=こう|換=かん|しませんか
2	x	g	スマホの電池が切れそうです	スマホのでんちがきれそうです	手機快沒電了		スマホの|電=でん|池=ち|が|切=き|れそうです
2	x	g	充電させてもらえますか	じゅうでんさせてもらえますか	可以讓我充個電嗎？		充=じゅう|電=でん|させてもらえますか
2	x	g	ネットがつながりません		網路連不上		
2	x	g	電波が悪いです	でんぱがわるいです	收訊不好		電=でん|波=ぱ|が|悪=わる|いです
2	x	g	既読がつかない	きどくがつかない	訊息還沒被讀		既=き|読=どく|がつかない
2	x	g	あとで送るね	あとでおくるね	我等等傳給你		あとで|送=おく|るね
2	x	g	パソコンが動かなくなりました	パソコンがうごかなくなりました	電腦當機了		パソコンが|動=うご|かなくなりました
2	x	g	画面が割れました	がめんがわれました	螢幕摔破了		画=が|面=めん|が|割=わ|れました
2	x	g	パスワードを変えました	パスワードをかえました	我改了密碼		パスワードを|変=か|えました
2	x	g	この動画見た？	このどうがみた？	你看過這部影片嗎？		この|動=どう|画=が|見=み|た？
2	x	g	インスタに上げました	インスタにあげました	我傳到IG了		インスタに|上=あ|げました
2	x	g	フォローしてね		追蹤我喔		
2	x	g	アプリをダウンロードしてください		請下載應用程式		
2	x	g	無料のワイファイはありますか	むりょうのワイファイはありますか	有免費網路嗎？		無=む|料=りょう|のワイファイはありますか
2	x	g	データが消えてしまいました	データがきえてしまいました	資料不見了		データが|消=き|えてしまいました
2	x	g	返信が遅れてごめん	へんしんがおくれてごめん	抱歉晚回訊息		返=へん|信=しん|が|遅=おく|れてごめん
2	x	g	グループに招待するね	グループにしょうたいするね	我邀請你進群組		グループに|招=しょう|待=たい|するね
2	x	g	スクショ送ります	スクショおくります	我傳截圖給你		スクショ|送=おく|ります
2	x	g	音が出ません	おとがでません	沒有聲音		音=おと|が|出=で|ません
3	x	g	再起動してみてください	さいきどうしてみてください	請試著重新開機		再=さい|起=き|動=どう|してみてください
3	x	g	アップデートが必要です	アップデートがひつようです	需要更新		アップデートが|必=ひつ|要=よう|です
3	x	g	迷惑メールに入っていました	めいわくメールにはいっていました	跑到垃圾郵件裡了		迷=めい|惑=わく|メールに|入=はい|っていました
3	x	g	添付ファイルが開けません	てんぷファイルがひらけません	附件打不開		添=てん|付=ぷ|ファイルが|開=ひら|けません
3	x	g	ログインできません		無法登入		
3	x	g	アカウントが乗っ取られました	アカウントがのっとられました	帳號被盜了		アカウントが|乗=の|っ|取=と|られました
3	x	g	バックアップを取っておいてください	バックアップをとっておいてください	請先備份		バックアップを|取=と|っておいてください
3	x	g	通信量が足りません	つうしんりょうがたりません	流量不夠		通=つう|信=しん|量=りょう|が|足=た|りません
3	x	g	格安スマホに変えました	かくやすスマホにかえました	我換了平價方案的手機		格=かく|安=やす|スマホに|変=か|えました
3	x	g	ネットで予約しました	ネットでよやくしました	我在網路上預約了		ネットで|予=よ|約=やく|しました
3	x	g	オンラインで参加します	オンラインでさんかします	我線上參加		オンラインで|参=さん|加=か|します
3	x	g	カメラをオンにしてください		請開鏡頭		
3	x	g	声が途切れています	こえがとぎれています	聲音斷斷續續		声=こえ|が|途=と|切=ぎ|れています
3	x	g	画面を共有します	がめんをきょうゆうします	我分享螢幕		画=が|面=めん|を|共=きょう|有=ゆう|します
3	x	g	ミュートになっていますよ		你開了靜音喔		
3	x	g	炎上しています	えんじょうしています	在網路上被炎上（被罵翻）		炎=えん|上=じょう|しています
3	x	g	ネットの情報は当てになりません	ネットのじょうほうはあてになりません	網路上的資訊不可靠		ネットの|情=じょう|報=ほう|は|当=あ|てになりません
3	x	g	個人情報は入力しないでください	こじんじょうほうはにゅうりょくしないでください	請不要輸入個人資料		個=こ|人=じん|情=じょう|報=ほう|は|入=にゅう|力=りょく|しないでください
1	j	g	映画が好きです	えいががすきです	我喜歡電影		映=えい|画=が|が|好=す|きです
1	j	g	音楽を聞きます	おんがくをききます	我會聽音樂		音=おん|楽=がく|を|聞=き|きます
1	j	g	本を読むのが好きです	ほんをよむのがすきです	我喜歡看書		本=ほん|を|読=よ|むのが|好=す|きです
1	j	g	サッカーをします		我踢足球		
1	j	g	歌が好きです	うたがすきです	我喜歡唱歌		歌=うた|が|好=す|きです
2	j	g	どんな音楽が好きですか	どんなおんがくがすきですか	你喜歡什麼音樂？		どんな|音=おん|楽=がく|が|好=す|きですか
2	j	g	カラオケに行きませんか	カラオケにいきませんか	要不要去唱卡拉OK？		カラオケに|行=い|きませんか
2	j	g	この映画、面白かったです	このえいが、おもしろかったです	這部電影很好看		この|映=えい|画=が|、|面=おも|白=しろ|かったです
2	j	g	最近ハマっているものは？	さいきんハマっているものは？	你最近迷上什麼？		最=さい|近=きん|ハマっているものは？
2	j	g	ゲームが得意です	ゲームがとくいです	我很會打電動		ゲームが|得=とく|意=い|です
2	j	g	週末はよく山に登ります	しゅうまつはよくやまにのぼります	週末常去爬山		週=しゅう|末=まつ|はよく|山=やま|に|登=のぼ|ります
2	j	g	写真を撮るのが趣味です	しゃしんをとるのがしゅみです	我的興趣是拍照		写=しゃ|真=しん|を|撮=と|るのが|趣=しゅ|味=み|です
2	j	g	ピアノを習っています	ピアノをならっています	我在學鋼琴		ピアノを|習=なら|っています
2	j	g	チケットが取れました	チケットがとれました	搶到票了		チケットが|取=と|れました
2	j	g	ライブに行ってきました	ライブにいってきました	我去看了演唱會		ライブに|行=い|ってきました
2	j	g	どのチームを応援していますか	どのチームをおうえんしていますか	你支持哪一隊？		どのチームを|応=おう|援=えん|していますか
2	j	g	今日の試合、見ましたか	きょうのしあい、みましたか	今天的比賽你看了嗎？		今日=きょう|の|試=し|合=あい|、|見=み|ましたか
2	j	g	このアニメ、知っていますか	このアニメ、しっていますか	你知道這部動畫嗎？		このアニメ、|知=し|っていますか
2	j	g	ネタバレしないで		不要爆雷		
2	j	g	釣りが好きです	つりがすきです	我喜歡釣魚		釣=つ|りが|好=す|きです
2	j	g	一緒にジョギングしませんか	いっしょにジョギングしませんか	要不要一起慢跑？		一=いっ|緒=しょ|にジョギングしませんか
2	j	g	ジムに通っています	ジムにかよっています	我有在上健身房		ジムに|通=かよ|っています
3	j	g	推しは誰ですか	おしはだれですか	你推誰？（最喜歡的偶像）		推=お|しは|誰=だれ|ですか
3	j	g	続編が待ち遠しいです	ぞくへんがまちどおしいです	好期待續集		続=ぞく|編=へん|が|待=ま|ち|遠=どお|しいです
3	j	g	原作のほうが好きです	げんさくのほうがすきです	我比較喜歡原作		原=げん|作=さく|のほうが|好=す|きです
3	j	g	最後まで目が離せませんでした	さいごまでめがはなせませんでした	看到最後都捨不得移開視線		最=さい|後=ご|まで|目=め|が|離=はな|せませんでした
3	j	g	字幕なしで見られるようになりたいです	じまくなしでみられるようになりたいです	我想看得懂沒字幕的		字=じ|幕=まく|なしで|見=み|られるようになりたいです
3	j	g	一気見しました	いっきみしました	我一口氣看完了		一=いっ|気=き|見=み|しました
3	j	g	昔からファンなんです	むかしからファンなんです	我很早就是粉絲了		昔=むかし|からファンなんです
3	j	g	腕が上がりましたね	うでがあがりましたね	你技術進步了呢	syn52	腕=うで|が|上=あ|がりましたね
3	j	g	今度教えてもらえませんか	こんどおしえてもらえませんか	下次可以教我嗎？		今=こん|度=ど|教=おし|えてもらえませんか
3	j	g	休日は家でごろごろしています	きゅうじつはいえでごろごろしています	假日都在家耍廢		休=きゅう|日=じつ|は|家=いえ|でごろごろしています
3	j	g	多趣味ですね	たしゅみですね	你興趣真廣泛		多=た|趣=しゅ|味=み|ですね
3	j	g	満員で入れませんでした	まんいんではいれませんでした	客滿進不去		満=まん|員=いん|で|入=はい|れませんでした
3	j	g	当日券はありますか	とうじつけんはありますか	有當日票嗎？		当=とう|日=じつ|券=けん|はありますか
3	j	g	サインをもらいました		我拿到簽名了		
3	j	g	ルールがよくわかりません		我不太懂規則		
1	z	g	今日は寒いですね	きょうはさむいですね	今天好冷喔		今日=きょう|は|寒=さむ|いですね
1	z	g	今日は暑いですね	きょうはあついですね	今天好熱喔		今日=きょう|は|暑=あつ|いですね
1	z	g	雪が降っています	ゆきがふっています	正在下雪		雪=ゆき|が|降=ふ|っています
1	z	g	風が強いです	かぜがつよいです	風很大		風=かぜ|が|強=つよ|いです
1	z	g	曇っています	くもっています	是陰天		曇=くも|っています
1	z	g	晴れています	はれています	天氣晴朗		晴=は|れています
2	z	g	明日の天気はどうですか	あしたのてんきはどうですか	明天天氣怎麼樣？		明日=あした|の|天=てん|気=き|はどうですか
2	z	g	雨がやみました	あめがやみました	雨停了		雨=あめ|がやみました
2	z	g	蒸し暑いですね	むしあついですね	好悶熱喔		蒸=む|し|暑=あつ|いですね
2	z	g	涼しくなりましたね	すずしくなりましたね	變涼了呢		涼=すず|しくなりましたね
2	z	g	暖かくなってきました	あたたかくなってきました	天氣變暖了		暖=あたた|かくなってきました
2	z	g	桜が咲きました	さくらがさきました	櫻花開了		桜=さくら|が|咲=さ|きました
2	z	g	紅葉がきれいですね	こうようがきれいですね	楓葉好漂亮		紅=こう|葉=よう|がきれいですね
2	z	g	梅雨に入りました	つゆにはいりました	進入梅雨季了		梅雨=つゆ|に|入=はい|りました
2	z	g	台風が来るそうです	たいふうがくるそうです	聽說颱風要來了		台=たい|風=ふう|が|来=く|るそうです
2	z	g	傘を忘れました	かさをわすれました	我忘了帶傘		傘=かさ|を|忘=わす|れました
2	z	g	雷が鳴っています	かみなりがなっています	在打雷		雷=かみなり|が|鳴=な|っています
2	z	g	日焼けしました	ひやけしました	我曬黑了		日=ひ|焼=や|けしました
2	z	g	今年の冬は寒いですね	ことしのふゆはさむいですね	今年冬天好冷		今年=ことし|の|冬=ふゆ|は|寒=さむ|いですね
2	z	g	夕焼けがきれいです	ゆうやけがきれいです	晚霞好美		夕=ゆう|焼=や|けがきれいです
3	z	g	朝晩は冷え込みます	あさばんはひえこみます	早晚很冷		朝=あさ|晩=ばん|は|冷=ひ|え|込=こ|みます
3	z	g	にわか雨に降られました	にわかあめにふられました	被陣雨淋到了		にわか|雨=あめ|に|降=ふ|られました
3	z	g	雨が降ったりやんだりしています	あめがふったりやんだりしています	雨下下停停		雨=あめ|が|降=ふ|ったりやんだりしています
3	z	g	天気が崩れそうです	てんきがくずれそうです	天氣好像要變壞了		天=てん|気=き|が|崩=くず|れそうです
3	z	g	熱中症に気をつけてください	ねっちゅうしょうにきをつけてください	請小心中暑		熱=ねっ|中=ちゅう|症=しょう|に|気=き|をつけてください
3	z	g	花粉がひどいです	かふんがひどいです	花粉好嚴重		花=か|粉=ふん|がひどいです
3	z	g	梅雨明けはまだですか	つゆあけはまだですか	梅雨季還沒結束嗎？		梅雨明=つゆあ|けはまだですか
3	z	g	季節の変わり目ですね	きせつのかわりめですね	換季了呢		季=き|節=せつ|の|変=か|わり|目=め|ですね
3	z	g	雪で電車が止まっています	ゆきででんしゃがとまっています	電車因下雪停駛		雪=ゆき|で|電=でん|車=しゃ|が|止=と|まっています
3	z	g	洗濯物が乾きません	せんたくものがかわきません	衣服曬不乾		洗=せん|濯=たく|物=もの|が|乾=かわ|きません
3	z	g	天気予報が外れました	てんきよほうがはずれました	氣象預報不準		天=てん|気=き|予=よ|報=ほう|が|外=はず|れました
3	z	g	今日は快晴です	きょうはかいせいです	今天萬里無雲		今日=きょう|は|快=かい|晴=せい|です
3	z	g	すっかり秋ですね	すっかりあきですね	完全是秋天了呢		すっかり|秋=あき|ですね
3	z	g	霧が濃いです	きりがこいです	霧很濃		霧=きり|が|濃=こ|いです
3	z	g	路面が凍っています	ろめんがこおっています	路面結冰了		路=ろ|面=めん|が|凍=こお|っています
3	z	g	過ごしやすい季節ですね	すごしやすいきせつですね	很舒適的季節呢		過=す|ごしやすい|季=き|節=せつ|ですね
1	v	g	いらっしゃいませ		歡迎光臨		
1	v	g	何名様ですか	なんめいさまですか	請問幾位？		何=なん|名=めい|様=さま|ですか
1	v	g	こちらへどうぞ		這邊請		
1	v	g	ありがとうございました		謝謝惠顧	syn0	
1	v	g	またお越しください	またおこしください	歡迎再度光臨		またお|越=こ|しください
2	v	g	ご注文はお決まりですか	ごちゅうもんはおきまりですか	請問決定好要點什麼了嗎？		ご|注=ちゅう|文=もん|はお|決=き|まりですか
2	v	g	お飲み物はいかがですか	おのみものはいかがですか	要不要來點飲料？		お|飲=の|み|物=もの|はいかがですか
2	v	g	店内でお召し上がりですか	てんないでおめしあがりですか	請問是內用嗎？		店=てん|内=ない|でお|召=め|し|上=あ|がりですか
2	v	g	お持ち帰りですか	おもちかえりですか	請問是外帶嗎？		お|持=も|ち|帰=かえ|りですか
2	v	g	温めますか	あたためますか	需要加熱嗎？		温=あたた|めますか
2	v	g	お箸はお付けしますか	おはしはおつけしますか	需要附筷子嗎？		お|箸=はし|はお|付=つ|けしますか
2	v	g	レジ袋はご利用ですか	レジぶくろはごりようですか	需要塑膠袋嗎？	syn56	レジ|袋=ぶくろ|はご|利=り|用=よう|ですか
2	v	g	お支払いはどうなさいますか	おしはらいはどうなさいますか	請問要怎麼付款？		お|支=し|払=はら|いはどうなさいますか
2	v	g	一括でよろしいですか	いっかつでよろしいですか	一次付清可以嗎？		一=いっ|括=かつ|でよろしいですか
2	v	g	千円お預かりします	せんえんおあずかりします	收您一千日圓		千=せん|円=えん|お|預=あず|かりします
2	v	g	お釣りでございます	おつりでございます	這是找您的錢		お|釣=つ|りでございます
2	v	g	ただいま満席です	ただいままんせきです	目前客滿		ただいま|満=まん|席=せき|です
2	v	g	お席にご案内します	おせきにごあんないします	帶您入座		お|席=せき|にご|案=あん|内=ない|します
2	v	g	ご予約のお名前は？	ごよやくのおなまえは？	請問預約大名是？		ご|予=よ|約=やく|のお|名=な|前=まえ|は？
2	v	g	少々お時間をいただきます	しょうしょうおじかんをいただきます	需要稍等一些時間		少=しょう|々=しょう|お|時=じ|間=かん|をいただきます
2	v	g	ごゆっくりどうぞ		請慢用		
2	v	g	お下げしてもよろしいですか	おさげしてもよろしいですか	可以幫您收走嗎？		お|下=さ|げしてもよろしいですか
2	v	g	ラストオーダーになります		最後點餐時間到了		
2	v	g	こちら、お熱いのでお気をつけください	こちら、おあついのでおきをつけください	這個很燙，請小心		こちら、お|熱=あつ|いのでお|気=き|をつけください
3	v	g	あいにく売り切れております	あいにくうりきれております	很不巧已經賣完了		あいにく|売=う|り|切=き|れております
3	v	g	ただいま品切れでございます	ただいましなぎれでございます	目前缺貨		ただいま|品=しな|切=ぎ|れでございます
3	v	g	お取り置きいたしましょうか	おとりおきいたしましょうか	要幫您保留嗎？		お|取=と|り|置=お|きいたしましょうか
3	v	g	サイズはいかがでしたか		尺寸還合適嗎？		
3	v	g	ご試着されますか	ごしちゃくされますか	要試穿嗎？		ご|試=し|着=ちゃく|されますか
3	v	g	お包みいたしましょうか	おつつみいたしましょうか	需要幫您包起來嗎？		お|包=つつ|みいたしましょうか
3	v	g	ご自宅用ですか	ごじたくようですか	是自用的嗎？		ご|自=じ|宅=たく|用=よう|ですか
3	v	g	こちらの商品は返品できかねます	こちらのしょうひんはへんぴんできかねます	這項商品恕不退貨		こちらの|商=しょう|品=ひん|は|返=へん|品=ぴん|できかねます
3	v	g	お待たせいたしました	おまたせいたしました	讓您久等了（店員）		お|待=ま|たせいたしました
3	v	g	大変お待たせして申し訳ございません	たいへんおまたせしてもうしわけございません	讓您久等真的非常抱歉		大=たい|変=へん|お|待=ま|たせして|申=もう|し|訳=わけ|ございません
3	v	g	身分証明書を拝見してもよろしいですか	みぶんしょうめいしょをはいけんしてもよろしいですか	可以看一下您的證件嗎？		身=み|分=ぶん|証=しょう|明=めい|書=しょ|を|拝=はい|見=けん|してもよろしいですか
3	v	g	こちらにサインをお願いいたします	こちらにサインをおねがいいたします	請在這裡簽名		こちらにサインをお|願=ねが|いいたします
3	v	g	お会計は別々になさいますか	おかいけいはべつべつになさいますか	要分開結帳嗎？		お|会=かい|計=けい|は|別=べつ|々=べつ|になさいますか
3	v	g	恐れ入りますが、店内は禁煙です	おそれいりますが、てんないはきんえんです	不好意思，店內禁菸		恐=おそ|れ|入=い|りますが、|店=てん|内=ない|は|禁=きん|煙=えん|です
3	v	g	お手洗いは奥にございます	おてあらいはおくにございます	洗手間在裡面		お|手=て|洗=あら|いは|奥=おく|にございます
3	v	g	足元にお気をつけください	あしもとにおきをつけください	請小心腳步		足=あし|元=もと|にお|気=き|をつけください
3	v	g	またのご来店をお待ちしております	またのごらいてんをおまちしております	期待您再次光臨		またのご|来=らい|店=てん|をお|待=ま|ちしております
3	v	g	本日のおすすめはこちらです	ほんじつのおすすめはこちらです	這是今日推薦		本=ほん|日=じつ|のおすすめはこちらです
3	v	g	ご不明な点はございますか	ごふめいなてんはございますか	有什麼不清楚的地方嗎？		ご|不=ふ|明=めい|な|点=てん|はございますか
3	v	g	お一人様一点限りです	おひとりさまいってんかぎりです	每人限購一件		お|一=ひと|人=り|様=さま|一=いっ|点=てん|限=かぎ|りです
3	v	g	整理券をお持ちください	せいりけんをおもちください	請拿號碼券		整=せい|理=り|券=けん|をお|持=も|ちください
3	v	g	当店は現金のみです	とうてんはげんきんのみです	本店只收現金		当=とう|店=てん|は|現=げん|金=きん|のみです
3	v	g	お呼びしますので、お待ちください	およびしますので、おまちください	會叫您的，請稍候		お|呼=よ|びしますので、お|待=ま|ちください
1	g	g	友達になりましょう	ともだちになりましょう	我們做朋友吧		友=とも|達=だち|になりましょう
1	g	g	好きです	すきです	我喜歡你		好=す|きです
1	g	g	会いたい	あいたい	好想見你	syn45	会=あ|いたい
1	g	g	大好き！	だいすき！	最喜歡你了！		大=だい|好=す|き！
1	g	g	元気だった？	げんきだった？	最近好嗎？（朋友間）		元=げん|気=き|だった？
2	g	g	付き合ってください	つきあってください	請跟我交往		付=つ|き|合=あ|ってください
2	g	g	彼氏はいますか	かれしはいますか	你有男朋友嗎？		彼=かれ|氏=し|はいますか
2	g	g	彼女はいますか	かのじょはいますか	你有女朋友嗎？		彼=かの|女=じょ|はいますか
2	g	g	どんなタイプが好き？	どんなタイプがすき？	你喜歡哪種類型？		どんなタイプが|好=す|き？
2	g	g	今度二人で出かけない？	こんどふたりででかけない？	下次要不要兩個人出去？		今=こん|度=ど|二=ふた|人=り|で|出=で|かけない？
2	g	g	ライン教えて	ラインおしえて	告訴我你的LINE		ライン|教=おし|えて
2	g	g	デートに行きませんか	デートにいきませんか	要不要去約會？		デートに|行=い|きませんか
2	g	g	一目惚れしました	ひとめぼれしました	我一見鍾情了		一=ひと|目=め|惚=ぼ|れしました
2	g	g	ずっと一緒にいたい	ずっといっしょにいたい	想一直在一起		ずっと|一=いっ|緒=しょ|にいたい
2	g	g	やきもちを焼かないで	やきもちをやかないで	不要吃醋啦		やきもちを|焼=や|かないで
2	g	g	振られました	ふられました	我被甩了		振=ふ|られました
2	g	g	別れました	わかれました	我們分手了		別=わか|れました
2	g	g	ケンカしちゃった		我們吵架了		
2	g	g	仲直りしよう	なかなおりしよう	我們和好吧		仲=なか|直=なお|りしよう
2	g	g	昔からの友達です	むかしからのともだちです	是老朋友		昔=むかし|からの|友=とも|達=だち|です
2	g	g	幼なじみです	おさななじみです	是青梅竹馬		幼=おさな|なじみです
2	g	g	紹介してくれない？	しょうかいしてくれない？	可以幫我介紹嗎？		紹=しょう|介=かい|してくれない？
2	g	g	いつも一緒にいてくれてありがとう	いつもいっしょにいてくれてありがとう	謝謝你一直陪著我		いつも|一=いっ|緒=しょ|にいてくれてありがとう
3	g	g	結婚してください	けっこんしてください	請嫁給我；請跟我結婚		結=けっ|婚=こん|してください
3	g	g	片思いしています	かたおもいしています	我在單戀		片=かた|思=おも|いしています
3	g	g	告白されました	こくはくされました	我被告白了		告=こく|白=はく|されました
3	g	g	遠距離恋愛です	えんきょりれんあいです	是遠距離戀愛		遠=えん|距=きょ|離=り|恋=れん|愛=あい|です
3	g	g	友達以上恋人未満です	ともだちいじょうこいびとみまんです	友達以上戀人未滿		友=とも|達=だち|以=い|上=じょう|恋=こい|人=びと|未=み|満=まん|です
3	g	g	気が合いますね	きがあいますね	我們很合得來呢		気=き|が|合=あ|いますね
3	g	g	彼とは縁を切りました	かれとはえんをきりました	我跟他斷絕關係了		彼=かれ|とは|縁=えん|を|切=き|りました
3	g	g	浮気されました	うわきされました	被劈腿了		浮気=うわき|されました
3	g	g	今でも連絡を取っています	いまでもれんらくをとっています	現在還有聯絡		今=いま|でも|連=れん|絡=らく|を|取=と|っています
3	g	g	疎遠になってしまいました	そえんになってしまいました	變得疏遠了		疎=そ|遠=えん|になってしまいました
3	g	g	合コンに誘われました	ごうコンにさそわれました	我被邀去聯誼		合=ごう|コンに|誘=さそ|われました
3	g	g	脈ありかな	みゃくありかな	是不是有希望呢？		脈=みゃく|ありかな
3	g	g	両思いだったんだ	りょうおもいだったんだ	原來是兩情相悅		両=りょう|思=おも|いだったんだ
3	g	g	恋人と同棲しています	こいびととどうせいしています	我跟戀人同居		恋=こい|人=びと|と|同=どう|棲=せい|しています
3	g	g	婚約しました	こんやくしました	我們訂婚了		婚=こん|約=やく|しました
3	g	g	親友の結婚式に出ます	しんゆうのけっこんしきにでます	我要參加好朋友的婚禮		親=しん|友=ゆう|の|結=けっ|婚=こん|式=しき|に|出=で|ます
3	g	g	相談に乗ってくれる？	そうだんにのってくれる？	可以聽我商量一下嗎？		相=そう|談=だん|に|乗=の|ってくれる？
3	g	g	秘密にしてね	ひみつにしてね	要保密喔	syn39	秘=ひ|密=みつ|にしてね
3	g	g	一緒にいると落ち着きます	いっしょにいるとおちつきます	跟你在一起很安心		一=いっ|緒=しょ|にいると|落=お|ち|着=つ|きます
1	f	g	甘いです	あまいです	很甜		甘=あま|いです
1	f	g	しょっぱいです		很鹹		
1	f	g	ビールをください		請給我啤酒		
1	f	g	お茶をください	おちゃをください	請給我茶		お|茶=ちゃ|をください
1	f	g	朝ご飯を食べましたか	あさごはんをたべましたか	你吃早餐了嗎？		朝=あさ|ご|飯=はん|を|食=た|べましたか
1	f	g	何が食べたいですか	なにがたべたいですか	你想吃什麼？		何=なに|が|食=た|べたいですか
2	f	g	これは何の料理ですか	これはなんのりょうりですか	這是什麼料理？		これは|何=なん|の|料=りょう|理=り|ですか
2	f	g	肉は食べられません	にくはたべられません	我不能吃肉		肉=にく|は|食=た|べられません
2	f	g	ベジタリアンです		我吃素		
2	f	g	大盛りにしてください	おおもりにしてください	請給我大份		大=おお|盛=も|りにしてください
2	f	g	氷なしでお願いします	こおりなしでおねがいします	請去冰		氷=こおり|なしでお|願=ねが|いします
2	f	g	砂糖は少なめで	さとうはすくなめで	糖少一點		砂=さ|糖=とう|は|少=すく|なめで
2	f	g	取り皿をもらえますか	とりざらをもらえますか	可以給我小盤子嗎？		取=と|り|皿=ざら|をもらえますか
2	f	g	お箸をもう一膳ください	おはしをもういちぜんください	請再給我一雙筷子		お|箸=はし|をもう|一=いち|膳=ぜん|ください
2	f	g	スプーンをください		請給我湯匙		
2	f	g	これ、頼んでいません	これ、たのんでいません	這個我沒有點		これ、|頼=たの|んでいません
2	f	g	もう少し焼いてください	もうすこしやいてください	請再烤熟一點		もう|少=すこ|し|焼=や|いてください
2	f	g	ここの名物は何ですか	ここのめいぶつはなんですか	這裡的名產是什麼？		ここの|名=めい|物=ぶつ|は|何=なん|ですか
2	f	g	カウンター席でもいいですか	カウンターせきでもいいですか	吧台座位也可以嗎？		カウンター|席=せき|でもいいですか
2	f	g	何分くらい待ちますか	なんぷんくらいまちますか	大概要等幾分鐘？		何=なん|分=ぷん|くらい|待=ま|ちますか
2	f	g	ランチはやっていますか		有供應午餐嗎？		
2	f	g	飲み物は何がありますか	のみものはなにがありますか	有什麼飲料？		飲=の|み|物=もの|は|何=なに|がありますか
2	f	g	お酒は飲めません	おさけはのめません	我不會喝酒		お|酒=さけ|は|飲=の|めません
2	f	g	ちょっと味が薄いです	ちょっとあじがうすいです	味道有點淡		ちょっと|味=あじ|が|薄=うす|いです
2	f	g	ご飯をおかわりできますか	ごはんをおかわりできますか	白飯可以續嗎？		ご|飯=はん|をおかわりできますか
2	f	g	ソフトドリンクはありますか		有不含酒精的飲料嗎？		
2	f	g	生ビールを二つ	なまビールをふたつ	兩杯生啤酒		生=なま|ビールを|二=ふた|つ
2	f	g	これ、シェアしよう		這個一起分著吃吧		
2	f	g	作りすぎちゃった	つくりすぎちゃった	煮太多了		作=つく|りすぎちゃった
2	f	g	一口ちょうだい	ひとくちちょうだい	給我吃一口		一=ひと|口=くち|ちょうだい
2	f	g	冷めないうちにどうぞ	さめないうちにどうぞ	趁熱吃吧		冷=さ|めないうちにどうぞ
3	f	g	お通しは何ですか	おとおしはなんですか	小菜是什麼？		お|通=とお|しは|何=なん|ですか
3	f	g	ワサビ抜きでお願いします	ワサビぬきでおねがいします	請不要加芥末		ワサビ|抜=ぬ|きでお|願=ねが|いします
3	f	g	焼き加減はどうなさいますか	やきかげんはどうなさいますか	牛排要幾分熟？		焼=や|き|加=か|減=げん|はどうなさいますか
3	f	g	ミディアムでお願いします	ミディアムでおねがいします	請給我五分熟		ミディアムでお|願=ねが|いします
3	f	g	飲み放題はありますか	のみほうだいはありますか	有喝到飽嗎？		飲=の|み|放=ほう|題=だい|はありますか
3	f	g	ハラールの料理はありますか	ハラールのりょうりはありますか	有清真料理嗎？		ハラールの|料=りょう|理=り|はありますか
3	f	g	このお店は予約が取れません	このおみせはよやくがとれません	這家店訂不到位		このお|店=みせ|は|予=よ|約=やく|が|取=と|れません
3	f	g	行列ができていますね	ぎょうれつができていますね	大排長龍呢		行=ぎょう|列=れつ|ができていますね
3	f	g	口に合いますか	くちにあいますか	合你胃口嗎？		口=くち|に|合=あ|いますか
3	f	g	コクがありますね		味道很濃郁呢		
3	f	g	あっさりしています		很清爽		
3	f	g	脂っこいです	あぶらっこいです	好油膩		脂=あぶら|っこいです
3	f	g	歯ごたえがあります	はごたえがあります	很有嚼勁		歯=は|ごたえがあります
3	f	g	この料理は何が入っていますか	このりょうりはなにがはいっていますか	這道菜放了什麼？		この|料=りょう|理=り|は|何=なに|が|入=はい|っていますか
3	f	g	残してもいいですか	のこしてもいいですか	可以吃不完嗎？		残=のこ|してもいいですか
3	f	g	割り勘にしましょう	わりかんにしましょう	我們平分吧		割=わ|り|勘=かん|にしましょう
3	f	g	ここは私がおごります	ここはわたしがおごります	這頓我請	syn55	ここは|私=わたし|がおごります
3	f	g	ごちそうになります		那我就不客氣讓你請了		
3	f	g	賞味期限が切れています	しょうみきげんがきれています	過了賞味期限		賞=しょう|味=み|期=き|限=げん|が|切=き|れています
3	f	g	腹八分目にしておきます	はらはちぶんめにしておきます	吃八分飽就好		腹=はら|八=はち|分=ぶん|目=め|にしておきます
1	s	g	これはいくらですか		這個多少錢？	syn32	
1	s	g	それをください		請給我那個	syn31	
1	s	g	大きいです	おおきいです	太大了		大=おお|きいです
1	s	g	小さいです	ちいさいです	太小了		小=ちい|さいです
1	s	g	赤いのはありますか	あかいのはありますか	有紅色的嗎？		赤=あか|いのはありますか
2	s	g	ほかのデザインはありますか		有其他款式嗎？		
2	s	g	ちょっときついです		有點緊		
2	s	g	ちょっと緩いです	ちょっとゆるいです	有點鬆		ちょっと|緩=ゆる|いです
2	s	g	鏡はありますか	かがみはありますか	有鏡子嗎？		鏡=かがみ|はありますか
2	s	g	セール中ですか	セールちゅうですか	在特價嗎？		セール|中=ちゅう|ですか
2	s	g	これは割引になりますか	これはわりびきになりますか	這個有打折嗎？		これは|割=わり|引=びき|になりますか
2	s	g	新しいものはありますか	あたらしいものはありますか	有新的嗎？		新=あたら|しいものはありますか
2	s	g	これは日本製ですか	これはにほんせいですか	這是日本製的嗎？		これは|日本製=にほんせい|ですか
2	s	g	保証はついていますか	ほしょうはついていますか	有保固嗎？		保=ほ|証=しょう|はついていますか
2	s	g	電池は別売りですか	でんちはべつうりですか	電池是另外賣的嗎？		電=でん|池=ち|は|別=べつ|売=う|りですか
2	s	g	使い方を教えてください	つかいかたをおしえてください	請教我怎麼用		使=つか|い|方=かた|を|教=おし|えてください
2	s	g	ちょっと考えます	ちょっとかんがえます	我再考慮一下		ちょっと|考=かんが|えます
2	s	g	また来ます	またきます	我會再來		また|来=き|ます
2	s	g	一つずつ包んでください	ひとつずつつつんでください	請一個一個分開包		一=ひと|つずつ|包=つつ|んでください
2	s	g	配送してもらえますか	はいそうしてもらえますか	可以幫我配送嗎？		配=はい|送=そう|してもらえますか
2	s	g	今日中に届きますか	きょうじゅうにとどきますか	今天之內會送到嗎？		今日中=きょうじゅう|に|届=とど|きますか
2	s	g	お菓子売り場はどこですか	おかしうりばはどこですか	零食區在哪裡？		お|菓=か|子=し|売=う|り|場=ば|はどこですか
2	s	g	レジはどこですか		收銀台在哪裡？		
2	s	g	これ、半額になっています	これ、はんがくになっています	這個半價		これ、|半=はん|額=がく|になっています
2	s	g	この靴を履いてみてもいいですか	このくつをはいてみてもいいですか	這雙鞋可以試穿嗎？		この|靴=くつ|を|履=は|いてみてもいいですか
2	s	g	すそ上げできますか	すそあげできますか	可以修改褲長嗎？		すそ|上=あ|げできますか
3	s	g	まとめて買うと安くなりますか	まとめてかうとやすくなりますか	一起買會比較便宜嗎？		まとめて|買=か|うと|安=やす|くなりますか
3	s	g	一番人気の商品はどれですか	いちばんにんきのしょうひんはどれですか	最受歡迎的商品是哪個？		一=いち|番=ばん|人=にん|気=き|の|商=しょう|品=ひん|はどれですか
3	s	g	お土産におすすめはありますか	おみやげにおすすめはありますか	有推薦的伴手禮嗎？		お|土産=みやげ|におすすめはありますか
3	s	g	日持ちしますか	ひもちしますか	可以放比較久嗎？		日=ひ|持=も|ちしますか
3	s	g	海外でも使えますか	かいがいでもつかえますか	在國外也能用嗎？		海=かい|外=がい|でも|使=つか|えますか
3	s	g	領収書を宛名なしでお願いします	りょうしゅうしょをあてななしでおねがいします	收據請不要寫抬頭		領=りょう|収=しゅう|書=しょ|を|宛=あて|名=な|なしでお|願=ねが|いします
3	s	g	現品限りです	げんぴんかぎりです	只剩現貨這件		現=げん|品=ぴん|限=かぎ|りです
3	s	g	予約注文できますか	よやくちゅうもんできますか	可以預購嗎？		予=よ|約=やく|注=ちゅう|文=もん|できますか
3	s	g	値札を取ってください	ねふだをとってください	請把價格標籤拿掉		値=ね|札=ふだ|を|取=と|ってください
3	s	g	交換してもらえますか	こうかんしてもらえますか	可以換貨嗎？		交=こう|換=かん|してもらえますか
3	s	g	不良品だったんですが	ふりょうひんだったんですが	這是瑕疵品		不=ふ|良=りょう|品=ひん|だったんですが
3	s	g	衝動買いしてしまいました	しょうどうがいしてしまいました	我衝動購物了		衝=しょう|動=どう|買=が|いしてしまいました
3	s	g	お買い得ですよ	おかいどくですよ	很划算喔		お|買=か|い|得=どく|ですよ
3	s	g	在庫を確認してもらえますか	ざいこをかくにんしてもらえますか	可以幫我查庫存嗎？		在=ざい|庫=こ|を|確=かく|認=にん|してもらえますか
3	s	g	ギフトカードは使えますか		可以用禮物卡嗎？		ギフトカードは|使=使|えますか
3	s	g	電子マネーで払います	でんしマネーではらいます	我用電子錢包付		電=でん|子=し|マネーで|払=はら|います
3	s	g	おまけしてもらえませんか		可以送點什麼嗎？		
3	s	g	サンプルをもらえますか		可以給我試用品嗎？		
1	d	g	バス停はどこですか	バスていはどこですか	公車站在哪裡？		バス|停=てい|はどこですか
1	d	g	ここで止めてください	ここでとめてください	請在這裡停車		ここで|止=と|めてください
1	d	g	空港までいくらですか	くうこうまでいくらですか	到機場多少錢？		空=くう|港=こう|までいくらですか
1	d	g	この道で合っていますか	このみちであっていますか	走這條路對嗎？		この|道=みち|で|合=あ|っていますか
1	d	g	あそこです		在那裡		
2	d	g	東京駅までお願いします	とうきょうえきまでおねがいします	請到東京車站		東=とう|京=きょう|駅=えき|までお|願=ねが|いします
2	d	g	このバスは駅に行きますか	このバスはえきにいきますか	這班公車有到車站嗎？		このバスは|駅=えき|に|行=い|きますか
2	d	g	何番のバスに乗ればいいですか	なんばんのバスにのればいいですか	要搭幾號公車？		何=なん|番=ばん|のバスに|乗=の|ればいいですか
2	d	g	急行は止まりますか	きゅうこうはとまりますか	急行有停嗎？		急=きゅう|行=こう|は|止=と|まりますか
2	d	g	指定席を一枚ください	していせきをいちまいください	請給我一張對號座		指=し|定=てい|席=せき|を|一=いち|枚=まい|ください
2	d	g	自由席でいいです	じゆうせきでいいです	自由座就可以		自=じ|由=ゆう|席=せき|でいいです
2	d	g	窓側の席をお願いします	まどがわのせきをおねがいします	請給我靠窗的座位		窓=まど|側=がわ|の|席=せき|をお|願=ねが|いします
2	d	g	通路側でお願いします	つうろがわでおねがいします	請給我靠走道的座位		通=つう|路=ろ|側=がわ|でお|願=ねが|いします
2	d	g	往復でお願いします	おうふくでおねがいします	我要來回票		往=おう|復=ふく|でお|願=ねが|いします
2	d	g	片道です	かたみちです	單程		片=かた|道=みち|です
2	d	g	交通系カードにチャージしたいです	こうつうけいカードにチャージしたいです	我想儲值交通卡		交=こう|通=つう|系=けい|カードにチャージしたいです
2	d	g	改札はどこですか	かいさつはどこですか	剪票口在哪裡？		改=かい|札=さつ|はどこですか
2	d	g	何番出口ですか	なんばんでぐちですか	是幾號出口？		何=なん|番=ばん|出=で|口=ぐち|ですか
2	d	g	このあたりに駐車場はありますか	このあたりにちゅうしゃじょうはありますか	這附近有停車場嗎？		このあたりに|駐=ちゅう|車=しゃ|場=じょう|はありますか
2	d	g	自転車を借りたいです	じてんしゃをかりたいです	我想租腳踏車		自=じ|転=てん|車=しゃ|を|借=か|りたいです
2	d	g	タクシー乗り場はどこですか	タクシーのりばはどこですか	計程車招呼站在哪裡？		タクシー|乗=の|り|場=ば|はどこですか
2	d	g	道が混んでいます	みちがこんでいます	路上塞車		道=みち|が|混=こ|んでいます
2	d	g	電車が遅れています	でんしゃがおくれています	電車誤點了		電=でん|車=しゃ|が|遅=おく|れています
2	d	g	反対側のホームです	はんたいがわのホームです	在對面的月台		反=はん|対=たい|側=がわ|のホームです
2	d	g	ここから何駅目ですか	ここからなんえきめですか	從這裡算第幾站？		ここから|何=なん|駅=えき|目=め|ですか
2	d	g	歩いて行けますか	あるいていけますか	走路到得了嗎？		歩=ある|いて|行=い|けますか
2	d	g	そこの角を曲がってください	そこのかどをまがってください	請在那個轉角轉彎		そこの|角=かど|を|曲=ま|がってください
2	d	g	二つ目の信号を右です	ふたつめのしんごうをみぎです	第二個紅綠燈右轉		二=ふた|つ|目=め|の|信=しん|号=ごう|を|右=みぎ|です
3	d	g	運転見合わせ中です	うんてんみあわせちゅうです	目前暫停行駛		運=うん|転=てん|見=み|合=あ|わせ|中=ちゅう|です
3	d	g	振替輸送をしています	ふりかえゆそうをしています	正在進行替代運輸		振=ふり|替=かえ|輸=ゆ|送=そう|をしています
3	d	g	快速と各駅停車、どちらが早いですか	かいそくとかくえきていしゃ、どちらがはやいですか	快速和普通車哪個比較快？		快=かい|速=そく|と|各=かく|駅=えき|停=てい|車=しゃ|、どちらが|早=はや|いですか
3	d	g	始発は何時ですか	しはつはなんじですか	首班車是幾點？		始=し|発=はつ|は|何=なん|時=じ|ですか
3	d	g	乗車券と特急券が必要です	じょうしゃけんととっきゅうけんがひつようです	需要乘車券和特急券		乗=じょう|車=しゃ|券=けん|と|特=とっ|急=きゅう|券=けん|が|必=ひつ|要=よう|です
3	d	g	乗り越し精算をお願いします	のりこしせいさんをおねがいします	我要補票		乗=の|り|越=こ|し|精=せい|算=さん|をお|願=ねが|いします
3	d	g	網棚に忘れ物をしました	あみだなにわすれものをしました	我把東西忘在行李架上		網=あみ|棚=だな|に|忘=わす|れ|物=もの|をしました
3	d	g	遺失物取扱所はどこですか	いしつぶつとりあつかいじょはどこですか	失物招領處在哪裡？		遺=い|失=しつ|物=ぶつ|取=とり|扱=あつかい|所=じょ|はどこですか
3	d	g	女性専用車両です	じょせいせんようしゃりょうです	是女性專用車廂		女=じょ|性=せい|専=せん|用=よう|車=しゃ|両=りょう|です
3	d	g	この道は一方通行です	このみちはいっぽうつうこうです	這條路是單行道		この|道=みち|は|一=いっ|方=ぽう|通=つう|行=こう|です
3	d	g	国際免許証を持っています	こくさいめんきょしょうをもっています	我有國際駕照		国=こく|際=さい|免=めん|許=きょ|証=しょう|を|持=も|っています
3	d	g	ガソリンを満タンにしてください	ガソリンをまんタンにしてください	請加滿油		ガソリンを|満=まん|タンにしてください
3	d	g	レンタカーを予約しています	レンタカーをよやくしています	我有預約租車		レンタカーを|予=よ|約=やく|しています
3	d	g	高速道路の料金はいくらですか	こうそくどうろのりょうきんはいくらですか	高速公路過路費多少？		高=こう|速=そく|道=どう|路=ろ|の|料=りょう|金=きん|はいくらですか
3	d	g	渋滞に巻き込まれました	じゅうたいにまきこまれました	遇到塞車了		渋=じゅう|滞=たい|に|巻=ま|き|込=こ|まれました
3	d	g	目的地に到着しました	もくてきちにとうちゃくしました	已抵達目的地		目=もく|的=てき|地=ち|に|到=とう|着=ちゃく|しました
3	d	g	搭乗口はどこですか	とうじょうぐちはどこですか	登機門在哪裡？		搭=とう|乗=じょう|口=ぐち|はどこですか
3	d	g	預ける荷物はありますか	あずけるにもつはありますか	有要託運的行李嗎？		預=あず|ける|荷=に|物=もつ|はありますか
3	d	g	機内持ち込みできますか	きないもちこみできますか	可以帶上飛機嗎？		機=き|内=ない|持=も|ち|込=こ|みできますか
3	d	g	乗り継ぎの便に間に合いますか	のりつぎのびんにまにあいますか	趕得上轉機的班機嗎？		乗=の|り|継=つ|ぎの|便=びん|に|間=ま|に|合=あ|いますか
3	d	g	荷物が出てきません	にもつがでてきません	行李沒有出來		荷=に|物=もつ|が|出=で|てきません
3	d	g	欠航になりました	けっこうになりました	班機取消了		欠=けっ|航=こう|になりました
3	d	g	窓口で払い戻しできますか	まどぐちではらいもどしできますか	可以在窗口退票嗎？		窓=まど|口=ぐち|で|払=はら|い|戻=もど|しできますか
1	h	g	きれいですね		好漂亮呢	syn66	
1	h	g	地図はありますか	ちずはありますか	有地圖嗎？		地=ち|図=ず|はありますか
1	h	g	一泊です	いっぱくです	住一晚		一=いっ|泊=ぱく|です
1	h	g	二泊したいです	にはくしたいです	我想住兩晚		二=に|泊=はく|したいです
2	h	g	空いている部屋はありますか	あいているへやはありますか	還有空房嗎？		空=あ|いている|部屋=へや|はありますか
2	h	g	朝食付きですか	ちょうしょくつきですか	有附早餐嗎？		朝=ちょう|食=しょく|付=つ|きですか
2	h	g	部屋にタオルがありません	へやにタオルがありません	房間裡沒有毛巾		部屋=へや|にタオルがありません
2	h	g	隣の部屋がうるさいです	となりのへやがうるさいです	隔壁房間很吵		隣=となり|の|部屋=へや|がうるさいです
2	h	g	部屋は禁煙ですか	へやはきんえんですか	房間是禁菸的嗎？		部屋=へや|は|禁=きん|煙=えん|ですか
2	h	g	大浴場は何時までですか	だいよくじょうはなんじまでですか	大浴場開到幾點？		大=だい|浴=よく|場=じょう|は|何=なん|時=じ|までですか
2	h	g	観光案内所はどこですか	かんこうあんないしょはどこですか	旅遊服務中心在哪裡？		観=かん|光=こう|案=あん|内=ない|所=しょ|はどこですか
2	h	g	パンフレットはありますか		有導覽手冊嗎？		
2	h	g	中国語のガイドはありますか	ちゅうごくごのガイドはありますか	有中文導覽嗎？		中=ちゅう|国=ごく|語=ご|のガイドはありますか
2	h	g	ここは何が有名ですか	ここはなにがゆうめいですか	這裡以什麼出名？		ここは|何=なに|が|有=ゆう|名=めい|ですか
2	h	g	日帰りで行けますか	ひがえりでいけますか	當天來回去得了嗎？		日=ひ|帰=がえ|りで|行=い|けますか
2	h	g	一緒に写真を撮ってもいいですか	いっしょにしゃしんをとってもいいですか	可以跟你合照嗎？		一=いっ|緒=しょ|に|写=しゃ|真=しん|を|撮=と|ってもいいですか
2	h	g	ロッカーはありますか		有置物櫃嗎？		
2	h	g	靴を脱いでください	くつをぬいでください	請脫鞋		靴=くつ|を|脱=ぬ|いでください
2	h	g	荷物を部屋まで運んでもらえますか	にもつをへやまではこんでもらえますか	可以幫我把行李送到房間嗎？		荷=に|物=もつ|を|部屋=へや|まで|運=はこ|んでもらえますか
3	h	g	浴衣の着方を教えてください	ゆかたのきかたをおしえてください	請教我浴衣怎麼穿		浴衣=ゆかた|の|着=き|方=かた|を|教=おし|えてください
3	h	g	温泉に入れ墨は大丈夫ですか	おんせんにいれずみはだいじょうぶですか	有刺青可以泡溫泉嗎？		温=おん|泉=せん|に|入=い|れ|墨=ずみ|は|大=だい|丈=じょう|夫=ぶ|ですか
3	h	g	貸切風呂はありますか	かしきりぶろはありますか	有包租浴池嗎？		貸=かし|切=きり|風=ぶ|呂=ろ|はありますか
3	h	g	夕食は部屋食ですか	ゆうしょくはへやしょくですか	晚餐是在房間吃嗎？		夕=ゆう|食=しょく|は|部屋食=へやしょく|ですか
3	h	g	チェックアウトを延長できますか	チェックアウトをえんちょうできますか	可以延後退房嗎？		チェックアウトを|延=えん|長=ちょう|できますか
3	h	g	モーニングコールをお願いします		請給我晨間叫醒服務		モーニングコールをお|願=願|いします
3	h	g	御朱印をいただけますか	ごしゅいんをいただけますか	可以給我御朱印嗎？		御=ご|朱=しゅ|印=いん|をいただけますか
3	h	g	お参りの仕方を教えてください	おまいりのしかたをおしえてください	請教我參拜的方式		お|参=まい|りの|仕=し|方=かた|を|教=おし|えてください
3	h	g	おみくじを引きたいです	おみくじをひきたいです	我想抽籤		おみくじを|引=ひ|きたいです
3	h	g	見どころはどこですか	みどころはどこですか	值得看的地方是哪裡？		見=み|どころはどこですか
3	h	g	穴場を教えてください	あなばをおしえてください	請告訴我私房景點		穴=あな|場=ば|を|教=おし|えてください
3	h	g	混雑していますね	こんざつしていますね	好擁擠喔		混=こん|雑=ざつ|していますね
3	h	g	ツアーに申し込みたいです	ツアーにもうしこみたいです	我想報名旅行團		ツアーに|申=もう|し|込=こ|みたいです
3	h	g	集合時間は何時ですか	しゅうごうじかんはなんじですか	集合時間是幾點？		集=しゅう|合=ごう|時=じ|間=かん|は|何=なん|時=じ|ですか
3	h	g	ここで解散です	ここでかいさんです	在這裡解散		ここで|解=かい|散=さん|です
3	h	g	ライトアップは何時からですか	ライトアップはなんじからですか	點燈是幾點開始？		ライトアップは|何=なん|時=じ|からですか
3	h	g	入館は閉館の三十分前までです	にゅうかんはへいかんのさんじゅっぷんまえまでです	閉館前三十分鐘停止入館		入=にゅう|館=かん|は|閉=へい|館=かん|の|三=さん|十=じゅっ|分=ぷん|前=まえ|までです
3	h	g	拝観料はいくらですか	はいかんりょうはいくらですか	參拜費多少錢？		拝=はい|観=かん|料=りょう|はいくらですか
3	h	g	再入場できますか	さいにゅうじょうできますか	可以再入場嗎？		再=さい|入=にゅう|場=じょう|できますか
3	h	g	シャトルバスはありますか		有接駁車嗎？		
3	h	g	景色が最高ですね	けしきがさいこうですね	景色超棒的		景色=けしき|が|最=さい|高=こう|ですね
1	w	g	おはようございます、今日もよろしくお願いします	おはようございます、きょうもよろしくおねがいします	早安，今天也請多指教		おはようございます、|今日=きょう|もよろしくお|願=ねが|いします
1	w	g	これ、お願いします	これ、おねがいします	這個麻煩你了		これ、お|願=ねが|いします
1	w	g	終わりました	おわりました	做完了		終=お|わりました
2	w	g	今日は残業です	きょうはざんぎょうです	今天要加班		今日=きょう|は|残=ざん|業=ぎょう|です
2	w	g	明日、休みをもらえますか	あした、やすみをもらえますか	明天可以請假嗎？		明日=あした|、|休=やす|みをもらえますか
2	w	g	ちょっと相談があります	ちょっとそうだんがあります	有點事想商量	syn60	ちょっと|相=そう|談=だん|があります
2	w	g	締め切りに間に合いません	しめきりにまにあいません	趕不上截止日		締=し|め|切=き|りに|間=ま|に|合=あ|いません
2	w	g	手が空いたら声をかけてください	てがあいたらこえをかけてください	有空的話叫我一下		手=て|が|空=あ|いたら|声=こえ|をかけてください
2	w	g	会議室を予約しました	かいぎしつをよやくしました	我預約了會議室		会=かい|議=ぎ|室=しつ|を|予=よ|約=やく|しました
2	w	g	コピーを十部お願いします	コピーをじゅうぶおねがいします	請影印十份		コピーを|十=じゅう|部=ぶ|お|願=ねが|いします
2	w	g	メールを確認してください	メールをかくにんしてください	請確認郵件		メールを|確=かく|認=にん|してください
2	w	g	今、外出中です	いま、がいしゅつちゅうです	現在外出中		今=いま|、|外=がい|出=しゅつ|中=ちゅう|です
2	w	g	出張で大阪に行きます	しゅっちょうでおおさかにいきます	我要去大阪出差		出=しゅっ|張=ちょう|で|大=おお|阪=さか|に|行=い|きます
2	w	g	今日は在宅勤務です	きょうはざいたくきんむです	今天在家工作		今日=きょう|は|在=ざい|宅=たく|勤=きん|務=む|です
2	w	g	電車が遅れて遅刻します	でんしゃがおくれてちこくします	電車誤點我會遲到		電=でん|車=しゃ|が|遅=おく|れて|遅=ち|刻=こく|します
2	w	g	体調が悪いので早退します	たいちょうがわるいのでそうたいします	身體不舒服我要早退		体=たい|調=ちょう|が|悪=わる|いので|早=そう|退=たい|します
2	w	g	やり方を教えてもらえますか	やりかたをおしえてもらえますか	可以教我怎麼做嗎？		やり|方=かた|を|教=おし|えてもらえますか
2	w	g	今日の予定を教えてください	きょうのよていをおしえてください	請告訴我今天的行程		今日=きょう|の|予=よ|定=てい|を|教=おし|えてください
2	w	g	すぐやります		馬上做		
2	w	g	間違いがありました	まちがいがありました	有錯誤		間=ま|違=ちが|いがありました
2	w	g	面接を受けに来ました	めんせつをうけにきました	我來面試		面=めん|接=せつ|を|受=う|けに|来=き|ました
2	w	g	昇進おめでとうございます	しょうしんおめでとうございます	恭喜升遷		昇=しょう|進=しん|おめでとうございます
3	w	g	ご報告があります	ごほうこくがあります	我有事要報告		ご|報=ほう|告=こく|があります
3	w	g	念のため確認させてください	ねんのためかくにんさせてください	為了保險起見請讓我確認		念=ねん|のため|確=かく|認=にん|させてください
3	w	g	資料を共有させていただきます	しりょうをきょうゆうさせていただきます	容我分享資料		資=し|料=りょう|を|共=きょう|有=ゆう|させていただきます
3	w	g	私の認識が誤っていました	わたしのにんしきがあやまっていました	是我理解錯了		私=わたし|の|認=にん|識=しき|が|誤=あやま|っていました
3	w	g	至急対応お願いします	しきゅうたいおうおねがいします	請盡快處理		至=し|急=きゅう|対=たい|応=おう|お|願=ねが|いします
3	w	g	進捗はいかがですか	しんちょくはいかがですか	進度如何？		進=しん|捗=ちょく|はいかがですか
3	w	g	その件は持ち帰って検討します	そのけんはもちかえってけんとうします	那件事我帶回去研究	syn46	その|件=けん|は|持=も|ち|帰=かえ|って|検=けん|討=とう|します
3	w	g	上司に確認してからお返事します	じょうしにかくにんしてからおへんじします	我跟主管確認後回覆您		上=じょう|司=し|に|確=かく|認=にん|してからお|返=へん|事=じ|します
3	w	g	今週中に仕上げます	こんしゅうちゅうにしあげます	這週內完成		今=こん|週=しゅう|中=ちゅう|に|仕=し|上=あ|げます
3	w	g	引き継ぎをお願いします	ひきつぎをおねがいします	請交接		引=ひ|き|継=つ|ぎをお|願=ねが|いします
3	w	g	議事録を作成しました	ぎじろくをさくせいしました	會議紀錄做好了		議=ぎ|事=じ|録=ろく|を|作=さく|成=せい|しました
3	w	g	貴社のご発展をお祈りいたします	きしゃのごはってんをおいのりいたします	祝貴公司鴻圖大展		貴=き|社=しゃ|のご|発=はっ|展=てん|をお|祈=いの|りいたします
3	w	g	ご足労いただきありがとうございます	ごそくろういただきありがとうございます	謝謝您特地前來		ご|足=そく|労=ろう|いただきありがとうございます
3	w	g	弊社の田中と申します	へいしゃのたなかともうします	我是敝公司的田中		弊=へい|社=しゃ|の|田=た|中=なか|と|申=もう|します
3	w	g	お名刺を頂戴できますか	おめいしをちょうだいできますか	可以給我您的名片嗎？		お|名=めい|刺=し|を|頂=ちょう|戴=だい|できますか
3	w	g	ご指摘ありがとうございます	ごしてきありがとうございます	謝謝您的指正		ご|指=し|摘=てき|ありがとうございます
3	w	g	ご期待に沿えず申し訳ありません	ごきたいにそえずもうしわけありません	很抱歉未能符合您的期待		ご|期=き|待=たい|に|沿=そ|えず|申=もう|し|訳=わけ|ありません
3	w	g	日程を調整させてください	にっていをちょうせいさせてください	請讓我調整一下日程		日=にっ|程=てい|を|調=ちょう|整=せい|させてください
3	w	g	有給休暇を取りたいです	ゆうきゅうきゅうかをとりたいです	我想請特休		有=ゆう|給=きゅう|休=きゅう|暇=か|を|取=と|りたいです
3	w	g	退職することになりました	たいしょくすることになりました	我要離職了		退=たい|職=しょく|することになりました
3	w	g	ご査収ください	ごさしゅうください	請查收		ご|査=さ|収=しゅう|ください
3	w	g	取り急ぎご連絡まで	とりいそぎごれんらくまで	先簡單聯絡您		取=と|り|急=いそ|ぎご|連=れん|絡=らく|まで
3	w	g	この案で進めてもよろしいでしょうか	このあんですすめてもよろしいでしょうか	可以照這個方案進行嗎？		この|案=あん|で|進=すす|めてもよろしいでしょうか
3	w	g	予算をオーバーしています	よさんをオーバーしています	超出預算了		予=よ|算=さん|をオーバーしています
3	w	g	会議を始めましょう	かいぎをはじめましょう	開始開會吧		会=かい|議=ぎ|を|始=はじ|めましょう
1	c	g	先生、質問です	せんせい、しつもんです	老師，我有問題	syn70	先=せん|生=せい|、|質=しつ|問=もん|です
1	c	g	はい、わかります		是，我懂		
1	c	g	黒板を見てください	こくばんをみてください	請看黑板		黒=こく|板=ばん|を|見=み|てください
1	c	g	宿題は何ですか	しゅくだいはなんですか	作業是什麼？		宿=しゅく|題=だい|は|何=なん|ですか
1	c	g	テストはいつですか		考試是什麼時候？		
1	c	g	読んでください	よんでください	請唸出來		読=よ|んでください
2	c	g	ノートを見せてもらえますか	ノートをみせてもらえますか	可以給我看筆記嗎？		ノートを|見=み|せてもらえますか
2	c	g	答えは何番ですか	こたえはなんばんですか	答案是第幾個？		答=こた|えは|何=なん|番=ばん|ですか
2	c	g	これで合っていますか	これであっていますか	這樣對嗎？		これで|合=あ|っていますか
2	c	g	辞書を使ってもいいですか	じしょをつかってもいいですか	可以用字典嗎？		辞=じ|書=しょ|を|使=つか|ってもいいですか
2	c	g	ペアになってください		請兩人一組		
2	c	g	次は誰の番ですか	つぎはだれのばんですか	下一個輪到誰？		次=つぎ|は|誰=だれ|の|番=ばん|ですか
2	c	g	今日はここまでです	きょうはここまでです	今天就到這裡		今日=きょう|はここまでです
2	c	g	教室を間違えました	きょうしつをまちがえました	我走錯教室了		教=きょう|室=しつ|を|間=ま|違=ちが|えました
2	c	g	プリントが足りません	プリントがたりません	講義不夠		プリントが|足=た|りません
2	c	g	もう一枚ください	もういちまいください	請再給我一張		もう|一=いち|枚=まい|ください
2	c	g	今日は休みます、と伝えてください	きょうはやすみます、とつたえてください	請幫我轉達我今天請假		今日=きょう|は|休=やす|みます、と|伝=つた|えてください
2	c	g	この漢字はどう書きますか	このかんじはどうかきますか	這個漢字怎麼寫？		この|漢=かん|字=じ|はどう|書=か|きますか
2	c	g	違いは何ですか	ちがいはなんですか	差別是什麼？		違=ちが|いは|何=なん|ですか
2	c	g	自然な言い方ですか	しぜんないいかたですか	這是自然的說法嗎？		自=し|然=ぜん|な|言=い|い|方=かた|ですか
2	c	g	試験に合格しました	しけんにごうかくしました	我考試及格了		試=し|験=けん|に|合=ごう|格=かく|しました
2	c	g	試験に落ちました	しけんにおちました	我考試沒過		試=し|験=けん|に|落=お|ちました
2	c	g	毎日少しずつ勉強しています	まいにちすこしずつべんきょうしています	我每天都學一點		毎=まい|日=にち|少=すこ|しずつ|勉=べん|強=きょう|しています
3	c	g	発表の準備ができました	はっぴょうのじゅんびができました	報告準備好了		発=はっ|表=ぴょう|の|準=じゅん|備=び|ができました
3	c	g	レポートの提出期限はいつですか	レポートのていしゅつきげんはいつですか	報告什麼時候要交？		レポートの|提=てい|出=しゅつ|期=き|限=げん|はいつですか
3	c	g	参考文献を教えてください	さんこうぶんけんをおしえてください	請告訴我參考文獻		参=さん|考=こう|文=ぶん|献=けん|を|教=おし|えてください
3	c	g	単位を落としてしまいました	たんいをおとしてしまいました	我被當了		単=たん|位=い|を|落=お|としてしまいました
3	c	g	奨学金に応募したいです	しょうがくきんにおうぼしたいです	我想申請獎學金		奨=しょう|学=がく|金=きん|に|応=おう|募=ぼ|したいです
3	c	g	留学を考えています	りゅうがくをかんがえています	我在考慮留學		留=りゅう|学=がく|を|考=かんが|えています
3	c	g	この文法の使い方がわかりません	このぶんぽうのつかいかたがわかりません	我不懂這個文法怎麼用		この|文=ぶん|法=ぽう|の|使=つか|い|方=かた|がわかりません
3	c	g	敬語が苦手です	けいごがにがてです	我不擅長敬語		敬=けい|語=ご|が|苦=にが|手=て|です
3	c	g	ニュアンスの違いを教えてください	ニュアンスのちがいをおしえてください	請告訴我語感的差別		ニュアンスの|違=ちが|いを|教=おし|えてください
3	c	g	丸暗記するしかないですね	まるあんきするしかないですね	只能死背了		丸=まる|暗=あん|記=き|するしかないですね
3	c	g	復習しておいてください	ふくしゅうしておいてください	請先複習		復=ふく|習=しゅう|しておいてください
3	c	g	予習してきましたか	よしゅうしてきましたか	你有預習嗎？		予=よ|習=しゅう|してきましたか
3	c	g	一夜漬けしました	いちやづけしました	我臨時抱佛腳了		一=いち|夜=や|漬=づ|けしました
3	c	g	ゼミの発表が近いです	ゼミのはっぴょうがちかいです	研討課的報告快到了		ゼミの|発=はっ|表=ぴょう|が|近=ちか|いです
3	c	g	卒業論文を書いています	そつぎょうろんぶんをかいています	我在寫畢業論文		卒=そつ|業=ぎょう|論=ろん|文=ぶん|を|書=か|いています
3	c	g	方言が聞き取れません	ほうげんがききとれません	我聽不懂方言		方=ほう|言=げん|が|聞=き|き|取=と|れません
3	c	g	日本語能力試験を受けます	にほんごのうりょくしけんをうけます	我要考日檢		日本語能力試験=にほんごのうりょくしけん|を|受=う|けます
1	l	g	今、電話してもいいですか	いま、でんわしてもいいですか	現在可以打電話給你嗎？		今=いま|、|電=でん|話=わ|してもいいですか
1	l	g	電話をください	でんわをください	請打電話給我		電=でん|話=わ|をください
2	l	g	今、話せる？	いま、はなせる？	現在方便講電話嗎？		今=いま|、|話=はな|せる？
2	l	g	電話に出られなくてごめん	でんわにでられなくてごめん	抱歉沒接到電話		電=でん|話=わ|に|出=で|られなくてごめん
2	l	g	もう一度かけ直します	もういちどかけなおします	我重打一次		もう|一=いち|度=ど|かけ|直=なお|します
2	l	g	番号を間違えました	ばんごうをまちがえました	我撥錯號碼了		番=ばん|号=ごう|を|間=ま|違=ちが|えました
2	l	g	留守番電話にメッセージを残しました	るすばんでんわにメッセージをのこしました	我在語音信箱留言了		留=る|守=す|番=ばん|電=でん|話=わ|にメッセージを|残=のこ|しました
2	l	g	電話が鳴っていますよ	でんわがなっていますよ	電話在響喔		電=でん|話=わ|が|鳴=な|っていますよ
2	l	g	田中さんをお願いします	たなかさんをおねがいします	麻煩請田中先生聽電話		田=た|中=なか|さんをお|願=ねが|いします
2	l	g	今、電車の中なので、あとでかけます	いま、でんしゃのなかなので、あとでかけます	我現在在電車上，等等再打		今=いま|、|電=でん|車=しゃ|の|中=なか|なので、あとでかけます
3	l	g	契約の件でお電話しました	けいやくのけんでおでんわしました	我是為了合約的事打來的		契=けい|約=やく|の|件=けん|でお|電=でん|話=わ|しました
3	l	g	ただいま電話が込み合っております	ただいまでんわがこみあっております	目前電話忙線中		ただいま|電=でん|話=わ|が|込=こ|み|合=あ|っております
3	l	g	担当者に代わります	たんとうしゃにかわります	我幫您轉給負責人		担=たん|当=とう|者=しゃ|に|代=か|わります
3	l	g	お電話ありがとうございます	おでんわありがとうございます	感謝您的來電		お|電=でん|話=わ|ありがとうございます
3	l	g	少々お待ちいただけますか	しょうしょうおまちいただけますか	可以請您稍等一下嗎？	syn21	少=しょう|々=しょう|お|待=ま|ちいただけますか
3	l	g	ご伝言を承ります	ごでんごんをうけたまわります	我幫您留言		ご|伝=でん|言=ごん|を|承=うけたまわ|ります
3	l	g	戻りましたら電話するよう伝えます	もどりましたらでんわするようつたえます	他回來後我會請他回電		戻=もど|りましたら|電=でん|話=わ|するよう|伝=つた|えます
3	l	g	お電話番号をお伺いしてもよろしいですか	おでんわばんごうをおうかがいしてもよろしいですか	可以請教您的電話號碼嗎？		お|電=でん|話=わ|番=ばん|号=ごう|をお|伺=うかが|いしてもよろしいですか
3	l	g	夜分遅くに申し訳ありません	やぶんおそくにもうしわけありません	這麼晚打擾非常抱歉		夜=や|分=ぶん|遅=おそ|くに|申=もう|し|訳=わけ|ありません
3	l	g	お忙しいところすみません	おいそがしいところすみません	百忙之中打擾了		お|忙=いそが|しいところすみません
3	l	g	では、失礼いたします	では、しつれいいたします	那麼，先這樣（掛電話）		では、|失=しつ|礼=れい|いたします
3	l	g	本日は休業日です	ほんじつはきゅうぎょうびです	今天是公休日		本=ほん|日=じつ|は|休=きゅう|業=ぎょう|日=び|です
3	l	g	営業時間外です	えいぎょうじかんがいです	現在是營業時間外		営=えい|業=ぎょう|時=じ|間=かん|外=がい|です
1	y	g	今日は何日ですか	きょうはなんにちですか	今天幾號？		今日=きょう|は|何=なん|日=にち|ですか
1	y	g	誕生日はいつですか	たんじょうびはいつですか	你生日是什麼時候？		誕=たん|生=じょう|日=び|はいつですか
1	y	g	お誕生日おめでとう	おたんじょうびおめでとう	生日快樂	syn36	お|誕=たん|生=じょう|日=び|おめでとう
1	y	g	何時に起きましたか	なんじにおきましたか	你幾點起床的？		何=なん|時=じ|に|起=お|きましたか
1	y	g	もう時間です	もうじかんです	時間到了	syn67	もう|時=じ|間=かん|です
1	y	g	ちょっと来て	ちょっときて	過來一下		ちょっと|来=き|て
1	y	g	見て見て！	みてみて！	你看你看！		見=み|て|見=み|て！
1	y	g	これは誰のですか	これはだれのですか	這是誰的？		これは|誰=だれ|のですか
1	y	g	私のです	わたしのです	是我的		私=わたし|のです
1	y	g	どこへ行くの？	どこへいくの？	你要去哪裡？		どこへ|行=い|くの？
1	y	g	もう食べた？	もうたべた？	你吃過了嗎？		もう|食=た|べた？
1	y	g	まだです		還沒		
2	y	g	何時ごろ帰る？	なんじごろかえる？	你大概幾點回來？		何=なん|時=じ|ごろ|帰=かえ|る？
2	y	g	晩ご飯、何にする？	ばんごはん、なににする？	晚餐要吃什麼？		晩=ばん|ご|飯=はん|、|何=なに|にする？
2	y	g	今日はもう疲れたから外で食べよう	きょうはもうつかれたからそとでたべよう	今天好累，去外面吃吧		今日=きょう|はもう|疲=つか|れたから|外=そと|で|食=た|べよう
2	y	g	鍵、持った？	かぎ、もった？	鑰匙帶了嗎？		鍵=かぎ|、|持=も|った？
2	y	g	忘れ物ない？	わすれものない？	沒忘記東西吧？		忘=わす|れ|物=もの|ない？
2	y	g	今から行くね	いまからいくね	我現在過去喔		今=いま|から|行=い|くね
2	y	g	もうすぐ着きます	もうすぐつきます	快到了		もうすぐ|着=つ|きます
2	y	g	先に寝てていいよ	さきにねてていいよ	你可以先睡		先=さき|に|寝=ね|てていいよ
2	y	g	テレビを消して	テレビをけして	把電視關掉		テレビを|消=け|して
2	y	g	音を小さくしてください	おとをちいさくしてください	請把音量調小		音=おと|を|小=ちい|さくしてください
2	y	g	お風呂が沸きました	おふろがわきました	洗澡水好了		お|風=ふ|呂=ろ|が|沸=わ|きました
2	y	g	冷蔵庫に入れておいて	れいぞうこにいれておいて	放進冰箱裡		冷=れい|蔵=ぞう|庫=こ|に|入=い|れておいて
2	y	g	ゴミを出してくれる？	ゴミをだしてくれる？	可以幫我倒垃圾嗎？		ゴミを|出=だ|してくれる？
2	y	g	買い物に行ってきます	かいものにいってきます	我去買東西		買=か|い|物=もの|に|行=い|ってきます
2	y	g	何か買ってくるものある？	なにかかってくるものある？	有要我買什麼回來嗎？		何=なに|か|買=か|ってくるものある？
2	y	g	牛乳が切れてるよ	ぎゅうにゅうがきれてるよ	牛奶喝完了喔		牛=ぎゅう|乳=にゅう|が|切=き|れてるよ
2	y	g	寝坊しました	ねぼうしました	我睡過頭了		寝=ね|坊=ぼう|しました
2	y	g	目覚ましが鳴らなかった	めざましがならなかった	鬧鐘沒響		目=め|覚=ざ|ましが|鳴=な|らなかった
2	y	g	今日は早く寝ます	きょうははやくねます	今天要早點睡		今日=きょう|は|早=はや|く|寝=ね|ます
2	y	g	ちょっと横になります	ちょっとよこになります	我躺一下		ちょっと|横=よこ|になります
2	y	g	髪を切りました	かみをきりました	我剪頭髮了		髪=かみ|を|切=き|りました
2	y	g	どっちがいいと思う？	どっちがいいとおもう？	你覺得哪個好？		どっちがいいと|思=おも|う？
2	y	g	久しぶりに晴れましたね	ひさしぶりにはれましたね	好久沒放晴了		久=ひさ|しぶりに|晴=は|れましたね
2	y	g	それ、どこで買ったの？	それ、どこでかったの？	那個在哪裡買的？		それ、どこで|買=か|ったの？
2	y	g	もうこんな時間！	もうこんなじかん！	已經這麼晚了！		もうこんな|時=じ|間=かん|！
2	y	g	あとでいい？		等一下可以嗎？		
2	y	g	今それどころじゃない	いまそれどころじゃない	現在沒空管那個		今=いま|それどころじゃない
3	y	g	一息つきましょう	ひといきつきましょう	喘口氣吧		一=ひと|息=いき|つきましょう
3	y	g	ついでに買ってきて	ついでにかってきて	順便幫我買		ついでに|買=か|ってきて
3	y	g	散らかっていてすみません	ちらかっていてすみません	家裡很亂不好意思		散=ち|らかっていてすみません
3	y	g	片付けておいてね	かたづけておいてね	要收拾好喔		片=かた|付=づ|けておいてね
3	y	g	物忘れがひどくて	ものわすれがひどくて	我最近很健忘		物=もの|忘=わす|れがひどくて
3	y	g	最近、運動不足です	さいきん、うんどうぶそくです	最近運動不足		最=さい|近=きん|、|運=うん|動=どう|不=ぶ|足=そく|です
3	y	g	ダイエット中です	ダイエットちゅうです	我在減肥		ダイエット|中=ちゅう|です
3	y	g	三日坊主になりました	みっかぼうずになりました	我三分鐘熱度了		三=みっ|日=か|坊=ぼう|主=ず|になりました
3	y	g	節約しています	せつやくしています	我在省錢		節=せつ|約=やく|しています
3	y	g	今月はピンチです	こんげつはピンチです	這個月手頭很緊		今=こん|月=げつ|はピンチです
3	y	g	宝くじが当たったらいいな	たからくじがあたったらいいな	要是中樂透就好了		宝=たから|くじが|当=あ|たったらいいな
3	y	g	話は変わりますが	はなしはかわりますが	換個話題		話=はなし|は|変=か|わりますが
3	y	g	そういえば		說起來		
3	y	g	ここだけの話ですが	ここだけのはなしですが	這話只在這裡說		ここだけの|話=はなし|ですが
3	y	g	噂で聞きました	うわさでききました	我聽到傳聞		噂=うわさ|で|聞=き|きました
3	y	g	結局どうなったの？	けっきょくどうなったの？	結果怎麼樣了？		結=けっ|局=きょく|どうなったの？
3	y	g	案の定、遅刻した	あんのじょう、ちこくした	果然又遲到了		案=あん|の|定=じょう|、|遅=ち|刻=こく|した
3	y	g	気がついたら朝でした	きがついたらあさでした	回過神來已經早上了		気=き|がついたら|朝=あさ|でした
3	y	g	時間がたつのは早いですね	じかんがたつのははやいですね	時間過得真快		時=じ|間=かん|がたつのは|早=はや|いですね
3	y	g	もう年末ですね	もうねんまつですね	已經年底了呢		もう|年=ねん|末=まつ|ですね
3	y	g	そろそろ帰ります	そろそろかえります	我差不多該回去了		そろそろ|帰=かえ|ります
3	y	g	せっかくだから行ってみよう	せっかくだからいってみよう	難得的機會就去看看吧		せっかくだから|行=い|ってみよう
1	m	g	おもしろい！		好有趣！		
1	m	g	こわい！		好可怕！		
1	m	g	うるさい！		好吵！		
1	m	g	いやだ！		不要！討厭！		
1	m	g	悲しいです	かなしいです	好難過		悲=かな|しいです
1	m	g	おなかいっぱい、幸せ	おなかいっぱい、しあわせ	吃好飽，好幸福		おなかいっぱい、|幸=しあわ|せ
2	m	g	わくわくします		好興奮；好期待		
2	m	g	ドキドキしています		心跳好快		
2	m	g	イライラします		好煩躁		
2	m	g	もやもやします		心裡悶悶的		
2	m	g	めんどくさい		好麻煩		
2	m	g	つまらない		好無聊		
2	m	g	退屈です	たいくつです	好無聊（閒得發慌）		退=たい|屈=くつ|です
2	m	g	信じられない！	しんじられない！	真不敢相信！		信=しん|じられない！
2	m	g	最高！	さいこう！	超棒！		最=さい|高=こう|！
2	m	g	最悪！	さいあく！	糟透了！		最=さい|悪=あく|！
2	m	g	ずるい！		好奸詐！		
2	m	g	もったいない		好浪費；好可惜		
2	m	g	懐かしい！	なつかしい！	好懷念！		懐=なつ|かしい！
2	m	g	ありえない！		不可能吧！太扯了！		
2	m	g	助かった！	たすかった！	得救了！		助=たす|かった！
2	m	g	やばい！		糟了！（也可指超讚）		
2	m	g	うそでしょ？		騙人的吧？		
2	m	g	気持ちいい！	きもちいい！	好舒服！		気=き|持=も|ちいい！
2	m	g	気持ち悪い	きもちわるい	好噁心；不舒服	syn64	気=き|持=も|ち|悪=わる|い
2	m	g	落ち込んでいます	おちこんでいます	我很沮喪		落=お|ち|込=こ|んでいます
2	m	g	怒っていますか	おこっていますか	你在生氣嗎？		怒=おこ|っていますか
2	m	g	後悔しています	こうかいしています	我很後悔		後=こう|悔=かい|しています
3	m	g	頭にきた！	あたまにきた！	氣死我了！		頭=あたま|にきた！
3	m	g	呆れました	あきれました	真是傻眼		呆=あき|れました
3	m	g	気まずいです	きまずいです	好尷尬		気=き|まずいです
3	m	g	やる気が出ません	やるきがでません	提不起勁		やる|気=き|が|出=で|ません
3	m	g	やる気満々です	やるきまんまんです	幹勁十足		やる|気=き|満=まん|々=まん|です
3	m	g	自信がありません	じしんがありません	我沒有自信		自=じ|信=しん|がありません
3	m	g	焦っています	あせっています	我很焦急		焦=あせ|っています
3	m	g	ショックでした		好受打擊		
3	m	g	鳥肌が立ちました	とりはだがたちました	起雞皮疙瘩了		鳥=とり|肌=はだ|が|立=た|ちました
3	m	g	涙が出そうです	なみだがでそうです	快哭出來了		涙=なみだ|が|出=で|そうです
3	m	g	心が折れそうです	こころがおれそうです	快撐不下去了		心=こころ|が|折=お|れそうです
3	m	g	すっきりしました		心情舒暢了		
3	m	g	しみじみ思います	しみじみおもいます	深深地這麼覺得		しみじみ|思=おも|います
3	m	g	ありがた迷惑です	ありがためいわくです	好心幫倒忙		ありがた|迷=めい|惑=わく|です
3	m	g	胸が痛みます	むねがいたみます	好心痛		胸=むね|が|痛=いた|みます
3	m	g	うんざりです		受夠了	syn50	
3	m	g	ほっこりしました		心裡暖暖的		
3	m	g	居心地がいいです	いごこちがいいです	待起來很舒服		居心地=いごこち|がいいです
3	m	g	気が重いです	きがおもいです	心情沉重		気=き|が|重=おも|いです
3	m	g	ハラハラしました		好緊張刺激		
1	a	g	どうも		你好；謝啦（隨口招呼）		
1	a	g	また来週	またらいしゅう	下週見		また|来=らい|週=しゅう
1	a	g	では、また		那麼，再會	syn2	
1	a	g	おはよう		早（朋友間）		
2	a	g	お元気そうですね	おげんきそうですね	你看起來氣色很好		お|元=げん|気=き|そうですね
2	a	g	メリークリスマス		聖誕快樂		
2	a	g	ご結婚おめでとうございます	ごけっこんおめでとうございます	恭喜結婚		ご|結=けっ|婚=こん|おめでとうございます
2	a	g	ご卒業おめでとうございます	ごそつぎょうおめでとうございます	恭喜畢業		ご|卒=そつ|業=ぎょう|おめでとうございます
2	a	g	ご入学おめでとうございます	ごにゅうがくおめでとうございます	恭喜入學		ご|入=にゅう|学=がく|おめでとうございます
2	a	g	合格おめでとう	ごうかくおめでとう	恭喜考上		合=ごう|格=かく|おめでとう
2	a	g	ようこそ		歡迎		
2	a	g	ようこそ日本へ	ようこそにほんへ	歡迎來到日本		ようこそ|日本=にほん|へ
2	a	g	お疲れ！	おつかれ！	辛苦啦！（朋友間）	syn5	お|疲=つか|れ！
2	a	g	お休みのところすみません	おやすみのところすみません	休息時間打擾了		お|休=やす|みのところすみません
2	a	g	またね		掰掰	syn2	
3	a	g	ご出産おめでとうございます	ごしゅっさんおめでとうございます	恭喜生產		ご|出=しゅっ|産=さん|おめでとうございます
3	a	g	本年もよろしくお願いいたします	ほんねんもよろしくおねがいいたします	今年也請多指教		本=ほん|年=ねん|もよろしくお|願=ねが|いいたします
3	a	g	旧年中はお世話になりました	きゅうねんちゅうはおせわになりました	去年承蒙照顧了	syn13	旧=きゅう|年=ねん|中=ちゅう|はお|世=せ|話=わ|になりました
3	a	g	暑中お見舞い申し上げます	しょちゅうおみまいもうしあげます	暑期問候		暑=しょ|中=ちゅう|お|見=み|舞=ま|い|申=もう|し|上=あ|げます
3	a	g	寒くなりましたが、いかがお過ごしですか	さむくなりましたが、いかがおすごしですか	天氣變冷了，您過得好嗎？		寒=さむ|くなりましたが、いかがお|過=す|ごしですか
3	a	g	ご家族の皆様によろしく	ごかぞくのみなさまによろしく	請代我向您家人問好		ご|家=か|族=ぞく|の|皆=みな|様=さま|によろしく
3	a	g	お目にかかれて光栄です	おめにかかれてこうえいです	很榮幸見到您		お|目=め|にかかれて|光=こう|栄=えい|です
3	a	g	お待ちしておりました	おまちしておりました	恭候大駕		お|待=ま|ちしておりました
3	a	g	遠いところをありがとうございます	とおいところをありがとうございます	謝謝您遠道而來		遠=とお|いところをありがとうございます
3	a	g	お気をつけてお帰りください	おきをつけておかえりください	回去路上請小心		お|気=き|をつけてお|帰=かえ|りください
3	a	g	どうぞお上がりください	どうぞおあがりください	請進（進屋）		どうぞお|上=あ|がりください
3	a	g	お構いもできませんで	おかまいもできませんで	招待不周		お|構=かま|いもできませんで
3	a	g	つまらないものですが		一點小意思（送禮時）		
3	a	g	ご無事で何よりです	ごぶじでなによりです	您平安就好		ご|無=ぶ|事=じ|で|何=なに|よりです
1	i	g	林です	りんです	我姓林		林=りん|です
1	i	g	大学生です	だいがくせいです	我是大學生		大=だい|学=がく|生=せい|です
1	i	g	日本語を勉強して一年です	にほんごをべんきょうしていちねんです	我學日文一年了		日本語=にほんご|を|勉=べん|強=きょう|して|一=いち|年=ねん|です
1	i	g	兄弟が二人います	きょうだいがふたりいます	我有兩個兄弟姊妹		兄=きょう|弟=だい|が|二=ふた|人=り|います
1	i	g	一人っ子です	ひとりっこです	我是獨生子女		一=ひと|人=り|っ|子=こ|です
2	i	g	台北で生まれました	たいぺいでうまれました	我在台北出生		台北=たいぺい|で|生=う|まれました
2	i	g	エンジニアをしています		我是工程師		
2	i	g	看護師として働いています	かんごしとしてはたらいています	我在當護理師		看=かん|護=ご|師=し|として|働=はたら|いています
2	i	g	日本のアニメが好きで日本語を始めました	にほんのアニメがすきでにほんごをはじめました	因為喜歡日本動畫開始學日文		日本=にほん|のアニメが|好=す|きで|日本語=にほんご|を|始=はじ|めました
2	i	g	結婚しています	けっこんしています	我已婚		結=けっ|婚=こん|しています
2	i	g	独身です	どくしんです	我單身		独=どく|身=しん|です
2	i	g	子どもが一人います	こどもがひとりいます	我有一個小孩		子=こ|どもが|一=ひと|人=り|います
2	i	g	犬を飼っています	いぬをかっています	我有養狗		犬=いぬ|を|飼=か|っています
2	i	g	ワーキングホリデーで来ました	ワーキングホリデーできました	我是打工度假來的		ワーキングホリデーで|来=き|ました
2	i	g	留学生です	りゅうがくせいです	我是留學生		留=りゅう|学=がく|生=せい|です
2	i	g	家は駅の近くです	いえはえきのちかくです	我家在車站附近		家=いえ|は|駅=えき|の|近=ちか|くです
2	i	g	リンと呼んでください	リンとよんでください	請叫我林		リンと|呼=よ|んでください
2	i	g	朝型の人間です	あさがたのにんげんです	我是早起型的人		朝=あさ|型=がた|の|人=にん|間=げん|です
3	i	g	人見知りなんです	ひとみしりなんです	我很怕生		人=ひと|見=み|知=し|りなんです
3	i	g	大雑把な性格です	おおざっぱなせいかくです	我個性大而化之		大=おお|雑=ざっ|把=ぱ|な|性=せい|格=かく|です
3	i	g	几帳面な性格です	きちょうめんなせいかくです	我個性一絲不苟		几=き|帳=ちょう|面=めん|な|性=せい|格=かく|です
3	i	g	ゲーム会社に勤めています	ゲームがいしゃにつとめています	我在遊戲公司上班		ゲーム|会社=がいしゃ|に|勤=つと|めています
3	i	g	来年、日本で就職したいです	らいねん、にほんでしゅうしょくしたいです	明年想在日本找工作		来=らい|年=ねん|、|日本=にほん|で|就=しゅう|職=しょく|したいです
3	i	g	日本に住んで三年になります	にほんにすんでさんねんになります	我住日本三年了		日本=にほん|に|住=す|んで|三=さん|年=ねん|になります
3	i	g	座右の銘は「継続は力なり」です	ざゆうのめいは「けいぞくはちからなり」です	我的座右銘是「持續就是力量」		座=ざ|右=ゆう|の|銘=めい|は「|継=けい|続=ぞく|は|力=ちから|なり」です
3	i	g	特技はピアノです	とくぎはピアノです	我的專長是鋼琴		特=とく|技=ぎ|はピアノです
3	i	g	将来の夢は通訳になることです	しょうらいのゆめはつうやくになることです	我的夢想是當口譯		将=しょう|来=らい|の|夢=ゆめ|は|通=つう|訳=やく|になることです
3	i	g	生まれも育ちも高雄です	うまれもそだちもたかおです	我在高雄土生土長		生=う|まれも|育=そだ|ちも|高=たか|雄=お|です
1	t	g	どうも、すみません		真是不好意思	syn1	
1	t	g	本当にありがとう	ほんとうにありがとう	真的很謝謝你	syn0	本=ほん|当=とう|にありがとう
2	t	g	わざわざありがとうございます		謝謝您特地這麼做		
2	t	g	ご親切にどうも	ごしんせつにどうも	謝謝您的好意		ご|親=しん|切=せつ|にどうも
2	t	g	プレゼント、ありがとう		謝謝你的禮物		
2	t	g	待っててくれてありがとう	まっててくれてありがとう	謝謝你等我		待=ま|っててくれてありがとう
2	t	g	心配かけてごめんね	しんぱいかけてごめんね	讓你擔心了，對不起	syn12	心=しん|配=ぱい|かけてごめんね
2	t	g	うっかりしていました		我一時疏忽了		
2	t	g	わざとじゃないんです		我不是故意的		
2	t	g	二度としません	にどとしません	我不會再犯了	syn49	二=に|度=ど|としません
2	t	g	許してください	ゆるしてください	請原諒我		許=ゆる|してください
2	t	g	こちらこそ		彼此彼此；我才要謝謝你		
2	t	g	いえいえ		哪裡哪裡	syn25	
2	t	g	いつもありがとう		一直以來謝謝你	syn0	
2	t	g	返事が遅くなってすみません	へんじがおそくなってすみません	抱歉這麼晚回覆		返=へん|事=じ|が|遅=おそ|くなってすみません
3	t	g	お詫び申し上げます	おわびもうしあげます	謹此致歉	syn1	お|詫=わ|び|申=もう|し|上=あ|げます
3	t	g	深く反省しております	ふかくはんせいしております	深切反省中		深=ふか|く|反=はん|省=せい|しております
3	t	g	お騒がせしました	おさわがせしました	造成騷動了，抱歉		お|騒=さわ|がせしました
3	t	g	ご心配をおかけしました	ごしんぱいをおかけしました	讓您擔心了	syn12	ご|心=しん|配=ぱい|をおかけしました
3	t	g	身に余る光栄です	みにあまるこうえいです	受寵若驚		身=み|に|余=あま|る|光=こう|栄=えい|です
3	t	g	感謝の気持ちでいっぱいです	かんしゃのきもちでいっぱいです	滿懷感激		感=かん|謝=しゃ|の|気=き|持=も|ちでいっぱいです
3	t	g	お礼の申し上げようもありません	おれいのもうしあげようもありません	感激得不知如何道謝		お|礼=れい|の|申=もう|し|上=あ|げようもありません
3	t	g	このご恩は一生忘れません	このごおんはいっしょうわすれません	這份恩情我一輩子不會忘		このご|恩=おん|は|一=いっ|生=しょう|忘=わす|れません
3	t	g	お手を煩わせてすみません	おてをわずらわせてすみません	勞煩您了，不好意思		お|手=て|を|煩=わずら|わせてすみません
3	t	g	勘違いしていました	かんちがいしていました	是我誤會了		勘=かん|違=ちが|いしていました
3	t	g	言い訳はしません	いいわけはしません	我不找藉口		言=い|い|訳=わけ|はしません
3	t	g	お気持ちだけいただきます	おきもちだけいただきます	心意我收下了（婉拒禮物）		お|気=き|持=も|ちだけいただきます
1	q	g	ええ		嗯；是的	syn33	
1	q	g	うん		嗯（口語）	syn33	
1	q	g	ううん		不（口語）	syn34	
1	q	g	え？		咦？		
1	q	g	あ、そうだ		啊，對了		
2	q	g	へえ、知らなかった	へえ、しらなかった	哦，我都不知道		へえ、|知=し|らなかった
2	q	g	それで？		然後呢？		
2	q	g	なんで？		為什麼？		
2	q	g	本当ですか	ほんとうですか	是真的嗎？（禮貌）	syn20	本=ほん|当=とう|ですか
2	q	g	たぶん		大概吧		
2	q	g	まあね		還好啦；算是吧		
2	q	g	別に	べつに	沒什麼；無所謂	syn63	別=べつ|に
2	q	g	ですよね		就是說啊	syn19	
2	q	g	そうでもないです		也沒有那麼～		
2	q	g	いいえ、全然	いいえ、ぜんぜん	不，一點也不		いいえ、|全=ぜん|然=ぜん
2	q	g	ぜひお願いします	ぜひおねがいします	那就麻煩你了（樂意接受）		ぜひお|願=ねが|いします
2	q	g	大丈夫です、自分でできます	だいじょうぶです、じぶんでできます	沒關係，我自己來		大=だい|丈=じょう|夫=ぶ|です、|自=じ|分=ぶん|でできます
2	q	g	さあ、どうでしょう		這個嘛，誰知道呢		
3	q	g	ごもっともです		您說得很對	syn19	
3	q	g	それはそれは		哎呀呀（感嘆）		
3	q	g	左様でございますか	さようでございますか	是這樣啊（極敬語）		左=さ|様=よう|でございますか
3	q	g	おっしゃる意味がよくわかりません	おっしゃるいみがよくわかりません	我不太明白您的意思		おっしゃる|意=い|味=み|がよくわかりません
3	q	g	まさにその通りです	まさにそのとおりです	正是如此	syn19	まさにその|通=とお|りです
3	q	g	と言いますと？	といいますと？	您的意思是？		と|言=い|いますと？
3	q	g	あながち間違いではないです	あながちまちがいではないです	也不完全是錯的		あながち|間=ま|違=ちが|いではないです
3	q	g	どうりで		難怪		
3	q	g	それはお気の毒に	それはおきのどくに	那真是遺憾		それはお|気=き|の|毒=どく|に
1	p	g	明日、空いていますか	あした、あいていますか	明天有空嗎？		明日=あした|、|空=あ|いていますか
1	p	g	映画を見に行きませんか	えいがをみにいきませんか	要不要去看電影？		映=えい|画=が|を|見=み|に|行=い|きませんか
1	p	g	いつがいいですか		什麼時候好？		
1	p	g	土曜日はどうですか	どようびはどうですか	星期六怎麼樣？		土=ど|曜=よう|日=び|はどうですか
1	p	g	大丈夫です、行けます	だいじょうぶです、いけます	沒問題，我可以去		大=だい|丈=じょう|夫=ぶ|です、|行=い|けます
2	p	g	ごめん、その日は用事がある	ごめん、そのひはようじがある	抱歉，那天有事		ごめん、その|日=ひ|は|用=よう|事=じ|がある
2	p	g	お昼、一緒にどう？	おひる、いっしょにどう？	午餐一起吃怎麼樣？		お|昼=ひる|、|一=いっ|緒=しょ|にどう？
2	p	g	飲みに行こうよ	のみにいこうよ	去喝一杯吧	syn69	飲=の|みに|行=い|こうよ
2	p	g	何時に待ち合わせる？	なんじにまちあわせる？	幾點碰面？		何=なん|時=じ|に|待=ま|ち|合=あ|わせる？
2	p	g	着いたら連絡してね	ついたられんらくしてね	到了跟我說喔		着=つ|いたら|連=れん|絡=らく|してね
2	p	g	今どこにいる？	いまどこにいる？	你現在在哪？		今=いま|どこにいる？
2	p	g	改札の前にいます	かいさつのまえにいます	我在剪票口前面		改=かい|札=さつ|の|前=まえ|にいます
2	p	g	先に入ってて	さきにはいってて	你先進去		先=さき|に|入=はい|ってて
2	p	g	また誘うね	またさそうね	下次再約你		また|誘=さそ|うね
2	p	g	楽しかったね、また行こう	たのしかったね、またいこう	好好玩，下次再去吧		楽=たの|しかったね、また|行=い|こう
2	p	g	家に遊びに来ない？	いえにあそびにこない？	要不要來我家玩？		家=いえ|に|遊=あそ|びに|来=こ|ない？
2	p	g	何か持っていこうか	なにかもっていこうか	要我帶點什麼去嗎？		何=なに|か|持=も|っていこうか
2	p	g	手ぶらで来てね	てぶらできてね	空手來就好		手=て|ぶらで|来=き|てね
2	p	g	誕生日パーティーをします	たんじょうびパーティーをします	我要辦生日派對		誕=たん|生=じょう|日=び|パーティーをします
2	p	g	みんなで行こう	みんなでいこう	大家一起去吧		みんなで|行=い|こう
2	p	g	予定が空いたら教えて	よていがあいたらおしえて	有空檔再告訴我		予=よ|定=てい|が|空=あ|いたら|教=おし|えて
2	p	g	行けたら行くね	いけたらいくね	能去的話就去		行=い|けたら|行=い|くね
3	p	g	日程を合わせましょう	にっていをあわせましょう	我們來喬一下時間		日=にっ|程=てい|を|合=あ|わせましょう
3	p	g	都合のいい日を教えてください	つごうのいいひをおしえてください	請告訴我你方便的日子		都=つ|合=ごう|のいい|日=ひ|を|教=おし|えてください
3	p	g	ドタキャンしてごめん		抱歉臨時放鳥		
3	p	g	延期にしましょうか	えんきにしましょうか	要不要延期？		延=えん|期=き|にしましょうか
3	p	g	残念ですが、今回は見送ります	ざんねんですが、こんかいはみおくります	很可惜，這次就不參加了		残=ざん|念=ねん|ですが、|今=こん|回=かい|は|見=み|送=おく|ります
3	p	g	ぜひご一緒させてください	ぜひごいっしょさせてください	請務必讓我同行		ぜひご|一=いっ|緒=しょ|させてください
3	p	g	お言葉に甘えてお邪魔します	おことばにあまえておじゃまします	那我就不客氣去打擾了		お|言=こと|葉=ば|に|甘=あま|えてお|邪=じゃ|魔=ま|します
3	p	g	幹事をお願いできますか	かんじをおねがいできますか	可以請你當召集人嗎？		幹=かん|事=じ|をお|願=ねが|いできますか
3	p	g	お店は私が予約しておきます	おみせはわたしがよやくしておきます	店我來訂		お|店=みせ|は|私=わたし|が|予=よ|約=やく|しておきます
3	p	g	集合場所が変わりました	しゅうごうばしょがかわりました	集合地點改了		集=しゅう|合=ごう|場=ば|所=しょ|が|変=か|わりました
3	p	g	雨天中止です	うてんちゅうしです	雨天取消		雨=う|天=てん|中=ちゅう|止=し|です
3	p	g	現地集合でいいですか	げんちしゅうごうでいいですか	現場集合可以嗎？		現=げん|地=ち|集=しゅう|合=ごう|でいいですか
3	p	g	二次会に行く人？	にじかいにいくひと？	有誰要去續攤？		二=に|次=じ|会=かい|に|行=い|く|人=ひと|？
3	p	g	終電を逃しました	しゅうでんをのがしました	我錯過末班車了		終=しゅう|電=でん|を|逃=のが|しました
3	p	g	また機会があればぜひ	またきかいがあればぜひ	有機會的話下次一定		また|機=き|会=かい|があればぜひ
1	e	g	すみません、助けてください	すみません、たすけてください	不好意思，請幫幫我	syn61	すみません、|助=たす|けてください
1	e	g	逃げて！	にげて！	快逃！		逃=に|げて！
1	e	g	止まれ！	とまれ！	站住！		止=と|まれ！
1	e	g	泥棒！	どろぼう！	小偷！		泥=どろ|棒=ぼう|！
2	e	g	道で倒れている人がいます	みちでたおれているひとがいます	路上有人倒下了		道=みち|で|倒=たお|れている|人=ひと|がいます
2	e	g	交通事故です	こうつうじこです	發生車禍了		交=こう|通=つう|事=じ|故=こ|です
2	e	g	けが人がいます	けがにんがいます	有人受傷		けが|人=にん|がいます
2	e	g	子どもが迷子になりました	こどもがまいごになりました	小孩走失了		子=こ|どもが|迷子=まいご|になりました
2	e	g	バッグを盗まれました	バッグをぬすまれました	包包被偷了		バッグを|盗=ぬす|まれました
2	e	g	携帯をなくしました	けいたいをなくしました	我手機不見了	syn54	携=けい|帯=たい|をなくしました
2	e	g	交番はどこですか	こうばんはどこですか	派出所在哪裡？		交=こう|番=ばん|はどこですか
2	e	g	日本語が話せる人を呼んでください	にほんごがはなせるひとをよんでください	請叫會說日文的人來		日本語=にほんご|が|話=はな|せる|人=ひと|を|呼=よ|んでください
2	e	g	中国語ができる人はいますか	ちゅうごくごができるひとはいますか	有會中文的人嗎？		中=ちゅう|国=ごく|語=ご|ができる|人=ひと|はいますか
2	e	g	閉じ込められました	とじこめられました	我被關在裡面了		閉=と|じ|込=こ|められました
2	e	g	ガスのにおいがします		有瓦斯味		
2	e	g	煙が出ています	けむりがでています	在冒煙		煙=けむり|が|出=で|ています
2	e	g	電車に財布を忘れました	でんしゃにさいふをわすれました	我把錢包忘在電車上		電=でん|車=しゃ|に|財=さい|布=ふ|を|忘=わす|れました
3	e	g	意識がありません	いしきがありません	沒有意識		意=い|識=しき|がありません
3	e	g	呼吸をしていません	こきゅうをしていません	沒有呼吸		呼=こ|吸=きゅう|をしていません
3	e	g	アレルギーで呼吸が苦しいです	アレルギーでこきゅうがくるしいです	過敏導致呼吸困難		アレルギーで|呼=こ|吸=きゅう|が|苦=くる|しいです
3	e	g	痴漢です！	ちかんです！	有色狼！		痴=ち|漢=かん|です！
3	e	g	不審者がいます	ふしんしゃがいます	有可疑人物		不=ふ|審=しん|者=しゃ|がいます
3	e	g	ぼったくられました		我被敲竹槓了		
3	e	g	詐欺に遭いました	さぎにあいました	我被詐騙了		詐=さ|欺=ぎ|に|遭=あ|いました
3	e	g	紛失届を出したいです	ふんしつとどけをだしたいです	我想報遺失		紛=ふん|失=しつ|届=とどけ|を|出=だ|したいです
3	e	g	盗難証明書をください	とうなんしょうめいしょをください	請給我失竊證明		盗=とう|難=なん|証=しょう|明=めい|書=しょ|をください
3	e	g	津波警報が出ています	つなみけいほうがでています	發布海嘯警報了		津=つ|波=なみ|警=けい|報=ほう|が|出=で|ています
3	e	g	高いところに逃げてください	たかいところににげてください	請往高處逃		高=たか|いところに|逃=に|げてください
3	e	g	停電しています	ていでんしています	停電了		停=てい|電=でん|しています
3	e	g	断水しています	だんすいしています	停水了		断=だん|水=すい|しています
3	e	g	エレベーターが止まりました	エレベーターがとまりました	電梯停了		エレベーターが|止=と|まりました
3	e	g	非常口はどこですか	ひじょうぐちはどこですか	緊急出口在哪裡？		非=ひ|常=じょう|口=ぐち|はどこですか
3	e	g	頭を打ちました	あたまをうちました	我撞到頭了		頭=あたま|を|打=う|ちました
3	e	g	蜂に刺されました	はちにさされました	我被蜜蜂螫了		蜂=はち|に|刺=さ|されました
3	e	g	犬にかまれました	いぬにかまれました	我被狗咬了		犬=いぬ|にかまれました
1	k	g	窓を開けてください	まどをあけてください	請開窗		窓=まど|を|開=あ|けてください
1	k	g	電気をつけてください	でんきをつけてください	請開燈		電=でん|気=き|をつけてください
1	k	g	ここに書いてください	ここにかいてください	請寫在這裡		ここに|書=か|いてください
1	k	g	名前を書いてください	なまえをかいてください	請寫名字		名=な|前=まえ|を|書=か|いてください
1	k	g	こっちに来てください	こっちにきてください	請到這邊來		こっちに|来=き|てください
2	k	g	もう一回やってみてください	もういっかいやってみてください	請再試一次		もう|一=いっ|回=かい|やってみてください
2	k	g	駅まで送ってもらえますか	えきまでおくってもらえますか	可以送我到車站嗎？		駅=えき|まで|送=おく|ってもらえますか
2	k	g	順番を代わってもらえますか	じゅんばんをかわってもらえますか	可以跟你換順序嗎？		順=じゅん|番=ばん|を|代=か|わってもらえますか
2	k	g	席を詰めてもらえますか	せきをつめてもらえますか	可以往裡面挪一下嗎？		席=せき|を|詰=つ|めてもらえますか
2	k	g	通してください	とおしてください	請讓我過		通=とお|してください
2	k	g	ちょっと声を小さくしてもらえますか	ちょっとこえをちいさくしてもらえますか	可以小聲一點嗎？		ちょっと|声=こえ|を|小=ちい|さくしてもらえますか
2	k	g	後で返してね	あとでかえしてね	等一下要還我喔		後=あと|で|返=かえ|してね
2	k	g	内緒にしてください	ないしょにしてください	請幫我保密	syn39	内=ない|緒=しょ|にしてください
2	k	g	起きて！	おきて！	起床！		起=お|きて！
2	k	g	急がなくていいですよ	いそがなくていいですよ	不用急喔	syn43	急=いそ|がなくていいですよ
2	k	g	走らないでください	はしらないでください	請不要奔跑		走=はし|らないでください
2	k	g	写真はご遠慮ください	しゃしんはごえんりょください	請勿拍照	syn38	写=しゃ|真=しん|はご|遠=えん|慮=りょ|ください
2	k	g	列に並んでください	れつにならんでください	請排隊		列=れつ|に|並=なら|んでください
2	k	g	一列でお願いします	いちれつでおねがいします	請排成一列		一=いち|列=れつ|でお|願=ねが|いします
3	k	g	お手すきの際にご確認ください	おてすきのさいにごかくにんください	請在您有空時確認		お|手=て|すきの|際=さい|にご|確=かく|認=にん|ください
3	k	g	ご検討いただけますと幸いです	ごけんとういただけますとさいわいです	若您能考慮將不勝感激		ご|検=けん|討=とう|いただけますと|幸=さいわ|いです
3	k	g	ご一読ください	ごいちどくください	請過目		ご|一=いち|読=どく|ください
3	k	g	お静かに願います	おしずかにねがいます	請保持安靜（告示）	syn40	お|静=しず|かに|願=ねが|います
3	k	g	土足厳禁	どそくげんきん	禁止穿鞋進入		土=ど|足=そく|厳=げん|禁=きん
3	k	g	立入禁止	たちいりきんし	禁止進入		立=たち|入=いり|禁=きん|止=し
3	k	g	駆け込み乗車はおやめください	かけこみじょうしゃはおやめください	請勿強行上車		駆=か|け|込=こ|み|乗=じょう|車=しゃ|はおやめください
3	k	g	携帯電話はマナーモードに設定してください	けいたいでんわはマナーモードにせっていしてください	請將手機調成靜音		携=けい|帯=たい|電=でん|話=わ|はマナーモードに|設=せっ|定=てい|してください
3	k	g	ご理解のほどお願いいたします	ごりかいのほどおねがいいたします	敬請見諒		ご|理=り|解=かい|のほどお|願=ねが|いいたします
3	k	g	お手元の資料をご覧ください	おてもとのしりょうをごらんください	請看您手邊的資料		お|手=て|元=もと|の|資=し|料=りょう|をご|覧=らん|ください
2	o	g	どっちがおすすめですか		你推薦哪一個？		
2	o	g	正直に言うと	しょうじきにいうと	老實說		正=しょう|直=じき|に|言=い|うと
2	o	g	個人的には好きです	こじんてきにはすきです	我個人是喜歡的		個=こ|人=じん|的=てき|には|好=す|きです
2	o	g	間違っていないと思います	まちがっていないとおもいます	我覺得沒錯		間=ま|違=ちが|っていないと|思=おも|います
2	o	g	ちょっと高すぎると思います	ちょっとたかすぎるとおもいます	我覺得有點太貴了		ちょっと|高=たか|すぎると|思=おも|います
2	o	g	やめたほうがいいと思う	やめたほうがいいとおもう	我覺得還是別做比較好	syn51	やめたほうがいいと|思=おも|う
2	o	g	やったほうがいいよ		做了比較好喔		
2	o	g	もっといい方法があります	もっといいほうほうがあります	有更好的方法		もっといい|方=ほう|法=ほう|があります
2	o	g	まだ決められません	まだきめられません	我還沒辦法決定		まだ|決=き|められません
2	o	g	どちらかというと賛成です	どちらかというとさんせいです	硬要說的話是贊成		どちらかというと|賛=さん|成=せい|です
3	o	g	それとこれとは話が別です	それとこれとははなしがべつです	那是兩回事		それとこれとは|話=はなし|が|別=べつ|です
3	o	g	裏を返せば	うらをかえせば	反過來說		裏=うら|を|返=かえ|せば
3	o	g	要するに	ようするに	總而言之		要=よう|するに
3	o	g	一方で	いっぽうで	另一方面		一=いっ|方=ぽう|で
3	o	g	私はそうは考えません	わたしはそうはかんがえません	我不是那樣想的		私=わたし|はそうは|考=かんが|えません
3	o	g	ごもっともですが、一つ懸念があります	ごもっともですが、ひとつけねんがあります	您說得對，但我有一點顧慮		ごもっともですが、|一=ひと|つ|懸=け|念=ねん|があります
3	o	g	現実的ではないと思います	げんじつてきではないとおもいます	我覺得不切實際		現=げん|実=じつ|的=てき|ではないと|思=おも|います
3	o	g	議論の余地があります	ぎろんのよちがあります	還有討論空間		議=ぎ|論=ろん|の|余=よ|地=ち|があります
3	o	g	話し合いで解決しましょう	はなしあいでかいけつしましょう	透過討論來解決吧		話=はな|し|合=あ|いで|解=かい|決=けつ|しましょう
3	o	g	白黒はっきりさせましょう	しろくろはっきりさせましょう	把是非說清楚吧		白=しろ|黒=くろ|はっきりさせましょう
3	o	g	それは結果論です	それはけっかろんです	那是事後諸葛		それは|結=けっ|果=か|論=ろん|です
3	o	g	趣旨には賛同します	しゅしにはさんどうします	我贊同宗旨		趣=しゅ|旨=し|には|賛=さん|同=どう|します
3	o	g	代案はありますか	だいあんはありますか	有替代方案嗎？		代=だい|案=あん|はありますか
2	r	g	おしゃれですね		好時髦喔		
2	r	g	声がきれいですね	こえがきれいですね	你聲音真好聽		声=こえ|がきれいですね
2	r	g	字がきれいですね	じがきれいですね	你字寫得真漂亮		字=じ|がきれいですね
2	r	g	優しいですね	やさしいですね	你人真好		優=やさ|しいですね
2	r	g	面白い人ですね	おもしろいひとですね	你真是個有趣的人		面=おも|白=しろ|い|人=ひと|ですね
2	r	g	いいアイデアですね		好點子		
2	r	g	大したものです	たいしたものです	真了不起		大=たい|したものです
2	r	g	一緒にがんばろう	いっしょにがんばろう	一起加油吧		一=いっ|緒=しょ|にがんばろう
2	r	g	泣いてもいいよ	ないてもいいよ	想哭就哭吧		泣=な|いてもいいよ
2	r	g	そばにいるよ		我在你身邊		
3	r	g	あなたの頑張りはみんな知っています	あなたのがんばりはみんなしっています	大家都知道你很努力		あなたの|頑=がん|張=ば|りはみんな|知=し|っています
3	r	g	気の持ちようですよ	きのもちようですよ	就看你怎麼想了		気=き|の|持=も|ちようですよ
3	r	g	肩の力を抜いて	かたのちからをぬいて	放輕鬆點		肩=かた|の|力=ちから|を|抜=ぬ|いて
3	r	g	自分を責めないで	じぶんをせめないで	別責怪自己		自=じ|分=ぶん|を|責=せ|めないで
3	r	g	誰にでもあることです	だれにでもあることです	誰都會遇到的		誰=だれ|にでもあることです
3	r	g	時間が解決してくれますよ	じかんがかいけつしてくれますよ	時間會解決一切的		時=じ|間=かん|が|解=かい|決=けつ|してくれますよ
3	r	g	あなたらしくていいと思います	あなたらしくていいとおもいます	很有你的風格，很好		あなたらしくていいと|思=おも|います
3	r	g	才能がありますね	さいのうがありますね	你很有才華		才=さい|能=のう|がありますね
3	r	g	飲み込みが早いですね	のみこみがはやいですね	你學得真快		飲=の|み|込=こ|みが|早=はや|いですね
3	r	g	気が利きますね	きがききますね	你真貼心；真機靈		気=き|が|利=き|きますね
2	b	g	風邪がうつりました	かぜがうつりました	我被傳染感冒了		風邪=かぜ|がうつりました
2	b	g	ちょっと熱っぽいです	ちょっとねつっぽいです	好像有點發燒	syn41	ちょっと|熱=ねつ|っぽいです
2	b	g	吐きそうです	はきそうです	快吐了	syn42	吐=は|きそうです
2	b	g	肩が凝っています	かたがこっています	肩膀很僵硬		肩=かた|が|凝=こ|っています
2	b	g	腰が痛いです	こしがいたいです	我腰痛		腰=こし|が|痛=いた|いです
2	b	g	目薬はありますか	めぐすりはありますか	有眼藥水嗎？		目=め|薬=ぐすり|はありますか
2	b	g	絆創膏をください	ばんそうこうをください	請給我OK繃		絆創膏=ばんそうこう|をください
2	b	g	マスクはどこにありますか		口罩放在哪裡？		
2	b	g	二日酔いです	ふつかよいです	我宿醉		二日酔=ふつかよ|いです
2	b	g	寝不足です	ねぶそくです	我睡眠不足		寝=ね|不=ぶ|足=そく|です
3	b	g	健康診断を受けました	けんこうしんだんをうけました	我做了健康檢查		健=けん|康=こう|診=しん|断=だん|を|受=う|けました
3	b	g	かかりつけの医者に相談します	かかりつけのいしゃにそうだんします	我問問家庭醫生		かかりつけの|医=い|者=しゃ|に|相=そう|談=だん|します
3	b	g	点滴を打ちました	てんてきをうちました	我打了點滴		点=てん|滴=てき|を|打=う|ちました
3	b	g	予防接種を受けたいです	よぼうせっしゅをうけたいです	我想打預防針		予=よ|防=ぼう|接=せっ|種=しゅ|を|受=う|けたいです
3	b	g	リハビリに通っています	リハビリにかよっています	我在做復健		リハビリに|通=かよ|っています
3	b	g	食物アレルギーはありますか	しょくもつアレルギーはありますか	有食物過敏嗎？		食=しょく|物=もつ|アレルギーはありますか
3	b	g	胃カメラの検査をしました	いカメラのけんさをしました	我做了胃鏡		胃=い|カメラの|検=けん|査=さ|をしました
3	b	g	お大事になさってください	おだいじになさってください	請多保重（敬語）	syn37	お|大=だい|事=じ|になさってください
2	n	g	箱をください	はこをください	請給我箱子		箱=はこ|をください
2	n	g	いつ届きますか	いつとどきますか	什麼時候會到？		いつ|届=とど|きますか
2	n	g	ハガキを三枚ください	ハガキをさんまいください	請給我三張明信片		ハガキを|三=さん|枚=まい|ください
2	n	g	残高を確認したいです	ざんだかをかくにんしたいです	我想查餘額		残=ざん|高=だか|を|確=かく|認=にん|したいです
2	n	g	通帳をなくしました	つうちょうをなくしました	我存摺不見了		通=つう|帳=ちょう|をなくしました
3	n	g	海外送金はできますか	かいがいそうきんはできますか	可以海外匯款嗎？		海=かい|外=がい|送=そう|金=きん|はできますか
3	n	g	引き落としの手続きをしたいです	ひきおとしのてつづきをしたいです	我想辦自動扣款		引=ひ|き|落=お|としの|手=て|続=つづ|きをしたいです
3	n	g	口座の名義を変更したいです	こうざのめいぎをへんこうしたいです	我想變更帳戶名義		口=こう|座=ざ|の|名=めい|義=ぎ|を|変=へん|更=こう|したいです
3	n	g	転出届はどこで出せますか	てんしゅつとどけはどこでだせますか	遷出登記在哪裡辦？		転=てん|出=しゅつ|届=とどけ|はどこで|出=だ|せますか
3	n	g	整理番号でお呼びします	せいりばんごうでおよびします	會依號碼叫號		整=せい|理=り|番=ばん|号=ごう|でお|呼=よ|びします
3	n	g	オンラインで申請できますか	オンラインでしんせいできますか	可以線上申請嗎？		オンラインで|申=しん|請=せい|できますか
3	n	g	申請から何日かかりますか	しんせいからなんにちかかりますか	申請後要幾天？		申=しん|請=せい|から|何=なん|日=にち|かかりますか
3	n	g	原本とコピーが必要です	げんぽんとコピーがひつようです	需要正本和影本		原=げん|本=ぽん|とコピーが|必=ひつ|要=よう|です
3	n	g	証明写真を撮りたいです	しょうめいしゃしんをとりたいです	我想拍證件照		証=しょう|明=めい|写=しゃ|真=しん|を|撮=と|りたいです
3	n	g	宅配便で送ってください	たくはいびんでおくってください	請用宅配寄送		宅=たく|配=はい|便=びん|で|送=おく|ってください
3	n	g	着払いでお願いします	ちゃくばらいでおねがいします	請用貨到付款		着=ちゃく|払=ばら|いでお|願=ねが|いします
3	n	g	コンビニで受け取れますか	コンビニでうけとれますか	可以在便利商店取貨嗎？		コンビニで|受=う|け|取=と|れますか
2	u	g	鍵をなくして家に入れません	かぎをなくしていえにはいれません	鑰匙不見進不了家門		鍵=かぎ|をなくして|家=いえ|に|入=はい|れません
2	u	g	家具を買いに行きます	かぐをかいにいきます	我要去買家具		家=か|具=ぐ|を|買=か|いに|行=い|きます
2	u	g	カーテンを開けて	カーテンをあけて	把窗簾打開		カーテンを|開=あ|けて
2	u	g	部屋が寒いです	へやがさむいです	房間好冷		部屋=へや|が|寒=さむ|いです
2	u	g	お隣さんにあいさつしました	おとなりさんにあいさつしました	我跟鄰居打過招呼了		お|隣=となり|さんにあいさつしました
2	u	g	引っ越しを手伝ってもらえますか	ひっこしをてつだってもらえますか	可以幫我搬家嗎？		引=ひ|っ|越=こ|しを|手=て|伝=つだ|ってもらえますか
3	u	g	ネット回線の工事が必要です	ネットかいせんのこうじがひつようです	需要施工安裝網路線路		ネット|回=かい|線=せん|の|工=こう|事=じ|が|必=ひつ|要=よう|です
3	u	g	大家さんに相談してみます	おおやさんにそうだんしてみます	我跟房東商量看看		大=おお|家=や|さんに|相=そう|談=だん|してみます
3	u	g	騒音の苦情が来ました	そうおんのくじょうがきました	收到噪音投訴了		騒=そう|音=おん|の|苦=く|情=じょう|が|来=き|ました
3	u	g	ベランダで洗濯物を干してもいいですか	ベランダでせんたくものをほしてもいいですか	可以在陽台曬衣服嗎？		ベランダで|洗=せん|濯=たく|物=もの|を|干=ほ|してもいいですか
3	u	g	水道代はいくらくらいですか	すいどうだいはいくらくらいですか	水費大概多少？		水=すい|道=どう|代=だい|はいくらくらいですか
3	u	g	光熱費込みですか	こうねつひこみですか	有含水電瓦斯費嗎？		光=こう|熱=ねつ|費=ひ|込=こ|みですか
3	u	g	ルームシェアをしています		我跟人合租		
3	u	g	築年数は何年ですか	ちくねんすうはなんねんですか	屋齡幾年？		築=ちく|年=ねん|数=すう|は|何=なん|年=ねん|ですか
3	u	g	害虫が出ました	がいちゅうがでました	出現害蟲了		害=がい|虫=ちゅう|が|出=で|ました
2	x	g	このアプリ、便利ですよ	このアプリ、べんりですよ	這個應用程式很方便喔		このアプリ、|便=べん|利=り|ですよ
2	x	g	リンクを送ります	リンクをおくります	我傳連結給你		リンクを|送=おく|ります
2	x	g	電話番号を登録しておきます	でんわばんごうをとうろくしておきます	我先存你的電話		電=でん|話=わ|番=ばん|号=ごう|を|登=とう|録=ろく|しておきます
2	x	g	スマホを機種変更しました	スマホをきしゅへんこうしました	我換了新手機		スマホを|機=き|種=しゅ|変=へん|更=こう|しました
2	x	g	イヤホンを忘れました	イヤホンをわすれました	我忘了帶耳機		イヤホンを|忘=わす|れました
2	x	g	写真を撮ってアップしよう	しゃしんをとってアップしよう	拍照上傳吧		写=しゃ|真=しん|を|撮=と|ってアップしよう
2	x	g	通知がうるさいです	つうちがうるさいです	通知好煩		通=つう|知=ち|がうるさいです
2	x	g	地図アプリで調べます	ちずアプリでしらべます	我用地圖App查		地=ち|図=ず|アプリで|調=しら|べます
2	x	g	翻訳アプリを使っています	ほんやくアプリをつかっています	我在用翻譯App		翻=ほん|訳=やく|アプリを|使=つか|っています
2	x	g	スマホを見すぎです	スマホをみすぎです	手機滑太多了		スマホを|見=み|すぎです
3	x	g	二段階認証を設定してください	にだんかいにんしょうをせっていしてください	請設定雙重驗證		二=に|段=だん|階=かい|認=にん|証=しょう|を|設=せっ|定=てい|してください
3	x	g	ウイルスに感染したかもしれません	ウイルスにかんせんしたかもしれません	可能中毒了		ウイルスに|感=かん|染=せん|したかもしれません
3	x	g	容量がいっぱいです	ようりょうがいっぱいです	容量滿了		容=よう|量=りょう|がいっぱいです
3	x	g	変換がうまくいきません	へんかんがうまくいきません	打字選字一直選不到		変=へん|換=かん|がうまくいきません
3	x	g	フリーズしました		當機了（畫面卡住）		
3	x	g	動作が重いです	どうさがおもいです	跑得很慢		動=どう|作=さ|が|重=おも|いです
3	x	g	このサイトは怪しいです	このサイトはあやしいです	這個網站很可疑		このサイトは|怪=あや|しいです
3	x	g	口コミを見て決めました	くちコミをみてきめました	我看評價決定的		口=くち|コミを|見=み|て|決=き|めました
3	x	g	ネットショッピングにはまっています		我迷上網購		
3	x	g	既読スルーされました	きどくスルーされました	被已讀不回了		既=き|読=どく|スルーされました
3	x	g	スタンプで返事しました	スタンプでへんじしました	我用貼圖回覆		スタンプで|返=へん|事=じ|しました
2	j	g	釣りに行きませんか	つりにいきませんか	要不要去釣魚？		釣=つ|りに|行=い|きませんか
2	j	g	キャンプが好きです	キャンプがすきです	我喜歡露營		キャンプが|好=す|きです
2	j	g	絵を描くのが好きです	えをかくのがすきです	我喜歡畫畫		絵=え|を|描=か|くのが|好=す|きです
2	j	g	料理教室に通っています	りょうりきょうしつにかよっています	我在上烹飪課		料=りょう|理=り|教=きょう|室=しつ|に|通=かよ|っています
2	j	g	テニスはできますか		你會打網球嗎？		
2	j	g	泳げません	およげません	我不會游泳		泳=およ|げません
2	j	g	この曲、いいですね	このきょく、いいですね	這首歌真好聽		この|曲=きょく|、いいですね
2	j	g	どの俳優が好きですか	どのはいゆうがすきですか	你喜歡哪個演員？		どの|俳=はい|優=ゆう|が|好=す|きですか
2	j	g	今度一緒にやろうよ	こんどいっしょにやろうよ	下次一起玩吧		今=こん|度=ど|一=いっ|緒=しょ|にやろうよ
2	j	g	漫画をよく読みます	まんがをよくよみます	我很常看漫畫		漫=まん|画=が|をよく|読=よ|みます
3	j	g	聖地巡礼をしました	せいちじゅんれいをしました	我去動漫聖地巡禮了		聖=せい|地=ち|巡=じゅん|礼=れい|をしました
3	j	g	ファンクラブに入っています	ファンクラブにはいっています	我有加入粉絲俱樂部		ファンクラブに|入=はい|っています
3	j	g	抽選に外れました	ちゅうせんにはずれました	抽選沒抽中		抽=ちゅう|選=せん|に|外=はず|れました
3	j	g	一番前の席でした	いちばんまえのせきでした	我坐最前排		一=いち|番=ばん|前=まえ|の|席=せき|でした
3	j	g	コレクションしています		我在收藏		
3	j	g	最近始めたばかりです	さいきんはじめたばかりです	我最近才剛開始		最=さい|近=きん|始=はじ|めたばかりです
3	j	g	初心者なのでお手柔らかに	しょしんしゃなのでおてやわらかに	我是新手，請手下留情		初=しょ|心=しん|者=しゃ|なのでお|手=て|柔=やわ|らかに
3	j	g	この作品の見どころは何ですか	このさくひんのみどころはなんですか	這部作品的看點是什麼？		この|作=さく|品=ひん|の|見=み|どころは|何=なん|ですか
3	j	g	試合は延長戦になりました	しあいはえんちょうせんになりました	比賽進入延長賽了		試=し|合=あい|は|延=えん|長=ちょう|戦=せん|になりました
3	j	g	逆転勝ちしました	ぎゃくてんがちしました	逆轉勝了		逆=ぎゃく|転=てん|勝=が|ちしました
3	j	g	惜しかったですね	おしかったですね	好可惜喔（差一點）		惜=お|しかったですね
2	z	g	ちょっと肌寒いですね	ちょっとはださむいですね	有點涼颼颼的		ちょっと|肌=はだ|寒=さむ|いですね
2	z	g	傘を持っていったほうがいいですよ	かさをもっていったほうがいいですよ	最好帶把傘喔		傘=かさ|を|持=も|っていったほうがいいですよ
2	z	g	雨が強くなってきました	あめがつよくなってきました	雨變大了		雨=あめ|が|強=つよ|くなってきました
2	z	g	夏は暑くて苦手です	なつはあつくてにがてです	夏天太熱我受不了		夏=なつ|は|暑=あつ|くて|苦=にが|手=て|です
2	z	g	冬が好きです	ふゆがすきです	我喜歡冬天		冬=ふゆ|が|好=す|きです
2	z	g	雪が積もりました	ゆきがつもりました	積雪了		雪=ゆき|が|積=つ|もりました
2	z	g	お花見に行きましょう	おはなみにいきましょう	去賞櫻吧		お|花=はな|見=み|に|行=い|きましょう
2	z	g	花火大会に行きました	はなびたいかいにいきました	我去看了煙火大會		花=はな|火=び|大=たい|会=かい|に|行=い|きました
3	z	g	秋晴れのいい天気です	あきばれのいいてんきです	秋高氣爽的好天氣		秋=あき|晴=ば|れのいい|天=てん|気=き|です
3	z	g	猛暑日が続いています	もうしょびがつづいています	酷暑持續中		猛=もう|暑=しょ|日=び|が|続=つづ|いています
3	z	g	寒暖差が激しいです	かんだんさがはげしいです	溫差很大		寒=かん|暖=だん|差=さ|が|激=はげ|しいです
3	z	g	大雨警報が出ています	おおあめけいほうがでています	發布豪雨警報了		大=おお|雨=あめ|警=けい|報=ほう|が|出=で|ています
3	z	g	ゲリラ豪雨に遭いました	ゲリラごううにあいました	遇到午後暴雨		ゲリラ|豪=ごう|雨=う|に|遭=あ|いました
3	z	g	日が長くなりましたね	ひがながくなりましたね	白天變長了呢		日=ひ|が|長=なが|くなりましたね
3	z	g	日が暮れるのが早いですね	ひがくれるのがはやいですね	天黑得好早		日=ひ|が|暮=く|れるのが|早=はや|いですね
3	z	g	紫外線が強いです	しがいせんがつよいです	紫外線很強		紫=し|外=がい|線=せん|が|強=つよ|いです
3	z	g	湿気がひどいです	しっけがひどいです	濕氣好重		湿=しっ|気=け|がひどいです
3	z	g	今年は暖冬ですね	ことしはだんとうですね	今年是暖冬呢		今年=ことし|は|暖=だん|冬=とう|ですね
2	v	g	お決まりになりましたらお呼びください	おきまりになりましたらおよびください	決定好了請叫我		お|決=き|まりになりましたらお|呼=よ|びください
2	v	g	お先にお飲み物をお伺いします	おさきにおのみものをおうかがいします	先為您點飲料		お|先=さき|にお|飲=の|み|物=もの|をお|伺=うかが|いします
2	v	g	ご注文を繰り返します	ごちゅうもんをくりかえします	跟您確認一下餐點		ご|注=ちゅう|文=もん|を|繰=く|り|返=かえ|します
2	v	g	以上でよろしいですか	いじょうでよろしいですか	這樣就好了嗎？		以=い|上=じょう|でよろしいですか
2	v	g	袋は分けますか	ふくろはわけますか	袋子要分開裝嗎？		袋=ふくろ|は|分=わ|けますか
2	v	g	レシートはご入用ですか	レシートはごいりようですか	需要收據嗎？		レシートはご|入=いり|用=よう|ですか
2	v	g	次の方どうぞ	つぎのかたどうぞ	下一位請		次=つぎ|の|方=かた|どうぞ
3	v	g	お会計はレジでお願いします	おかいけいはレジでおねがいします	請到收銀台結帳		お|会=かい|計=けい|はレジでお|願=ねが|いします
3	v	g	お荷物お預かりしましょうか	おにもつおあずかりしましょうか	要幫您保管行李嗎？		お|荷=に|物=もつ|お|預=あず|かりしましょうか
3	v	g	お客様、お忘れ物です	おきゃくさま、おわすれものです	客人，您忘了東西		お|客=きゃく|様=さま|、お|忘=わす|れ|物=もの|です
3	v	g	只今キャンペーン中です	ただいまキャンペーンちゅうです	目前正在舉辦活動		只=ただ|今=いま|キャンペーン|中=ちゅう|です
3	v	g	お手数ですが、こちらにお並びください	おてすうですが、こちらにおならびください	麻煩請在這裡排隊		お|手=て|数=すう|ですが、こちらにお|並=なら|びください
3	v	g	申し訳ございません、ただいま準備中です	もうしわけございません、ただいまじゅんびちゅうです	非常抱歉，目前準備中		申=もう|し|訳=わけ|ございません、ただいま|準=じゅん|備=び|中=ちゅう|です
3	v	g	カードを差し込んでください	カードをさしこんでください	請插入卡片		カードを|差=さ|し|込=こ|んでください
3	v	g	暗証番号を入力してください	あんしょうばんごうをにゅうりょくしてください	請輸入密碼		暗=あん|証=しょう|番=ばん|号=ごう|を|入=にゅう|力=りょく|してください
3	v	g	お気軽にお声がけください	おきがるにおこえがけください	有需要請隨時叫我		お|気=き|軽=がる|にお|声=こえ|がけください
3	v	g	ご案内まで少々お待ちください	ごあんないまでしょうしょうおまちください	請稍候，馬上為您帶位		ご|案=あん|内=ない|まで|少=しょう|々=しょう|お|待=ま|ちください
3	v	g	お足元の悪い中ありがとうございます	おあしもとのわるいなかありがとうございます	天氣不好還勞您前來，謝謝		お|足=あし|元=もと|の|悪=わる|い|中=なか|ありがとうございます
2	g	g	最近どうしてる？	さいきんどうしてる？	最近在幹嘛？		最=さい|近=きん|どうしてる？
2	g	g	今度ご飯行こう	こんどごはんいこう	下次去吃飯吧		今=こん|度=ど|ご|飯=はん|行=い|こう
2	g	g	久しぶりに会えてうれしい	ひさしぶりにあえてうれしい	好久不見很開心	syn24	久=ひさ|しぶりに|会=あ|えてうれしい
2	g	g	あの二人、付き合ってるらしいよ	あのふたり、つきあってるらしいよ	那兩個人好像在交往喔		あの|二=ふた|人=り|、|付=つ|き|合=あ|ってるらしいよ
2	g	g	誰にも言わないでね	だれにもいわないでね	不要跟任何人說喔	syn39	誰=だれ|にも|言=い|わないでね
2	g	g	ずっと友達でいてね	ずっとともだちでいてね	要一直當朋友喔		ずっと|友=とも|達=だち|でいてね
2	g	g	寂しかった	さびしかった	好想你（之前好寂寞）	syn45	寂=さび|しかった
2	g	g	手をつないでもいい？	てをつないでもいい？	可以牽你的手嗎？		手=て|をつないでもいい？
3	g	g	恋愛相談に乗ってください	れんあいそうだんにのってください	聽我說說感情的事		恋=れん|愛=あい|相=そう|談=だん|に|乗=の|ってください
3	g	g	彼とはただの友達です	かれとはただのともだちです	我跟他只是普通朋友		彼=かれ|とはただの|友=とも|達=だち|です
3	g	g	好きな人ができました	すきなひとができました	我有喜歡的人了		好=す|きな|人=ひと|ができました
3	g	g	なかなか素直になれません	なかなかすなおになれません	我總是坦率不起來		なかなか|素=す|直=なお|になれません
3	g	g	記念日を忘れていました	きねんびをわすれていました	我忘了紀念日		記=き|念=ねん|日=び|を|忘=わす|れていました
3	g	g	サプライズを考えています	サプライズをかんがえています	我在想驚喜		サプライズを|考=かんが|えています
3	g	g	親に紹介したいです	おやにしょうかいしたいです	我想介紹給爸媽		親=おや|に|紹=しょう|介=かい|したいです
3	g	g	喧嘩するほど仲がいい	けんかするほどなかがいい	越吵感情越好		喧=けん|嘩=か|するほど|仲=なか|がいい
3	g	g	腐れ縁です	くされえんです	是孽緣（斷不了的關係）		腐=くさ|れ|縁=えん|です
1	d	g	地下鉄の駅はどこですか	ちかてつのえきはどこですか	地鐵站在哪裡？		地=ち|下=か|鉄=てつ|の|駅=えき|はどこですか
1	d	g	この電車は何時に出ますか	このでんしゃはなんじにでますか	這班電車幾點發車？		この|電=でん|車=しゃ|は|何=なん|時=じ|に|出=で|ますか
1	d	g	新幹線に乗りたいです	しんかんせんにのりたいです	我想搭新幹線		新=しん|幹=かん|線=せん|に|乗=の|りたいです
2	d	g	東口はどちらですか	ひがしぐちはどちらですか	東口在哪邊？		東=ひがし|口=ぐち|はどちらですか
2	d	g	この辺に郵便局はありますか	このへんにゆうびんきょくはありますか	這附近有郵局嗎？		この|辺=へん|に|郵=ゆう|便=びん|局=きょく|はありますか
2	d	g	一番近いコンビニはどこですか	いちばんちかいコンビニはどこですか	最近的便利商店在哪裡？		一=いち|番=ばん|近=ちか|いコンビニはどこですか
2	d	g	橋を渡って右です	はしをわたってみぎです	過橋後右轉		橋=はし|を|渡=わた|って|右=みぎ|です
2	d	g	突き当たりを左です	つきあたりをひだりです	走到底左轉		突=つ|き|当=あ|たりを|左=ひだり|です
2	d	g	大きな交差点を渡ってください	おおきなこうさてんをわたってください	請過大十字路口		大=おお|きな|交=こう|差=さ|点=てん|を|渡=わた|ってください
2	d	g	このバスは整理券が必要ですか	このバスはせいりけんがひつようですか	這班公車要拿整理券嗎？		このバスは|整=せい|理=り|券=けん|が|必=ひつ|要=よう|ですか
2	d	g	降りるときにボタンを押してください	おりるときにボタンをおしてください	下車時請按鈴		降=お|りるときにボタンを|押=お|してください
2	d	g	運賃は前払いですか	うんちんはまえばらいですか	車資是先付嗎？		運=うん|賃=ちん|は|前=まえ|払=ばら|いですか
2	d	g	一日乗車券はありますか	いちにちじょうしゃけんはありますか	有一日乘車券嗎？		一=いち|日=にち|乗=じょう|車=しゃ|券=けん|はありますか
2	d	g	次の電車は何分後ですか	つぎのでんしゃはなんぷんごですか	下一班電車幾分鐘後來？		次=つぎ|の|電=でん|車=しゃ|は|何=なん|分=ぷん|後=ご|ですか
2	d	g	トランクを開けてもらえますか	トランクをあけてもらえますか	可以幫我開後車廂嗎？		トランクを|開=あ|けてもらえますか
2	d	g	急いでいるんですが	いそいでいるんですが	我在趕時間		急=いそ|いでいるんですが
2	d	g	領収書をお願いします	りょうしゅうしょをおねがいします	請給我收據（搭車）	syn53	領=りょう|収=しゅう|書=しょ|をお|願=ねが|いします
3	d	g	この電車は途中で切り離されます	このでんしゃはとちゅうできりはなされます	這班電車中途會分離車廂		この|電=でん|車=しゃ|は|途=と|中=ちゅう|で|切=き|り|離=はな|されます
3	d	g	各駅停車に乗り換えてください	かくえきていしゃにのりかえてください	請轉搭普通車		各=かく|駅=えき|停=てい|車=しゃ|に|乗=の|り|換=か|えてください
3	d	g	このバスは終点まで行きますか	このバスはしゅうてんまでいきますか	這班公車開到終點嗎？		このバスは|終=しゅう|点=てん|まで|行=い|きますか
3	d	g	迂回してください	うかいしてください	請繞道		迂=う|回=かい|してください
3	d	g	この先、通行止めです	このさき、つうこうどめです	前方禁止通行		この|先=さき|、|通=つう|行=こう|止=ど|めです
3	d	g	高速バスの乗り場はどこですか	こうそくバスののりばはどこですか	高速巴士在哪裡搭？		高=こう|速=そく|バスの|乗=の|り|場=ば|はどこですか
3	d	g	フェリーは何時に出航しますか	フェリーはなんじにしゅっこうしますか	渡輪幾點開船？		フェリーは|何=なん|時=じ|に|出=しゅっ|航=こう|しますか
3	d	g	定期券を買いたいです	ていきけんをかいたいです	我想買月票		定=てい|期=き|券=けん|を|買=か|いたいです
1	h	g	お土産を買いたいです	おみやげをかいたいです	我想買伴手禮		お|土産=みやげ|を|買=か|いたいです
2	h	g	このお寺は何年前に建てられましたか	このおてらはなんねんまえにたてられましたか	這座寺廟是幾年前建的？		このお|寺=てら|は|何=なん|年=ねん|前=まえ|に|建=た|てられましたか
2	h	g	入口はどこですか	いりぐちはどこですか	入口在哪裡？		入=いり|口=ぐち|はどこですか
2	h	g	出口はどこですか	でぐちはどこですか	出口在哪裡？		出=で|口=ぐち|はどこですか
2	h	g	休憩所はありますか	きゅうけいじょはありますか	有休息區嗎？		休=きゅう|憩=けい|所=じょ|はありますか
2	h	g	日本の文化に興味があります	にほんのぶんかにきょうみがあります	我對日本文化有興趣		日本=にほん|の|文=ぶん|化=か|に|興=きょう|味=み|があります
2	h	g	次はどこに行きますか	つぎはどこにいきますか	接下來要去哪裡？		次=つぎ|はどこに|行=い|きますか
2	h	g	ここで少し休みましょう	ここですこしやすみましょう	在這裡休息一下吧		ここで|少=すこ|し|休=やす|みましょう
3	h	g	着物のレンタルをしたいです	きもののレンタルをしたいです	我想租和服		着=き|物=もの|のレンタルをしたいです
3	h	g	音声ガイドを貸してもらえますか	おんせいガイドをかしてもらえますか	可以借我語音導覽嗎？		音=おん|声=せい|ガイドを|貸=か|してもらえますか
3	h	g	学割はありますか	がくわりはありますか	有學生優惠嗎？		学=がく|割=わり|はありますか
3	h	g	団体割引はありますか	だんたいわりびきはありますか	有團體優惠嗎？		団=だん|体=たい|割=わり|引=びき|はありますか
3	h	g	ここは世界遺産です	ここはせかいいさんです	這裡是世界遺產		ここは|世=せ|界=かい|遺=い|産=さん|です
3	h	g	ここからの眺めは格別です	ここからのながめはかくべつです	從這裡看出去的景色特別美		ここからの|眺=なが|めは|格=かく|別=べつ|です
3	h	g	雨でも楽しめる場所はありますか	あめでもたのしめるばしょはありますか	有下雨也能玩的地方嗎？		雨=あめ|でも|楽=たの|しめる|場=ば|所=しょ|はありますか
3	h	g	旅館に荷物を送りたいです	りょかんににもつをおくりたいです	我想把行李寄到旅館		旅=りょ|館=かん|に|荷=に|物=もつ|を|送=おく|りたいです
3	h	g	門限は何時ですか	もんげんはなんじですか	門禁是幾點？		門=もん|限=げん|は|何=なん|時=じ|ですか
3	h	g	宿泊税はかかりますか	しゅくはくぜいはかかりますか	要付住宿稅嗎？		宿=しゅく|泊=はく|税=ぜい|はかかりますか
3	h	g	旅の思い出になりました	たびのおもいでになりました	成了旅行的回憶		旅=たび|の|思=おも|い|出=で|になりました
2	s	g	ここで買えますか	ここでかえますか	這裡買得到嗎？		ここで|買=か|えますか
2	s	g	カゴをください		請給我購物籃		
2	s	g	試食してもいいですか	ししょくしてもいいですか	可以試吃嗎？		試=し|食=しょく|してもいいですか
2	s	g	安いのはありますか	やすいのはありますか	有便宜一點的嗎？		安=やす|いのはありますか
2	s	g	もう少し小さいのはありますか	もうすこしちいさいのはありますか	有小一點的嗎？		もう|少=すこ|し|小=ちい|さいのはありますか
2	s	g	この色、似合いますか	このいろ、にあいますか	這個顏色適合我嗎？		この|色=いろ|、|似=に|合=あ|いますか
2	s	g	プレゼントにしたいです		我想當作禮物		
2	s	g	お釣りはいりません	おつりはいりません	不用找了		お|釣=つ|りはいりません
2	s	g	閉店は何時ですか	へいてんはなんじですか	幾點打烊？		閉=へい|店=てん|は|何=なん|時=じ|ですか
3	s	g	定価より安いですね	ていかよりやすいですね	比定價便宜呢		定=てい|価=か|より|安=やす|いですね
3	s	g	値段の割に質がいいです	ねだんのわりにしつがいいです	以價格來說品質很好		値=ね|段=だん|の|割=わり|に|質=しつ|がいいです
3	s	g	これは本物ですか	これはほんものですか	這是真貨嗎？		これは|本=ほん|物=もの|ですか
3	s	g	中古品でも大丈夫です	ちゅうこひんでもだいじょうぶです	二手的也可以		中=ちゅう|古=こ|品=ひん|でも|大=だい|丈=じょう|夫=ぶ|です
3	s	g	予算は一万円です	よさんはいちまんえんです	預算是一萬日圓		予=よ|算=さん|は|一=いち|万=まん|円=えん|です
3	s	g	もう少し見て回ります	もうすこしみてまわります	我再逛一下		もう|少=すこ|し|見=み|て|回=まわ|ります
3	s	g	買い忘れはない？	かいわすれはない？	沒有忘記買的吧？		買=か|い|忘=わす|れはない？
3	s	g	お一人様何点までですか	おひとりさまなんてんまでですか	每人限買幾件？		お|一=ひと|人=り|様=さま|何=なん|点=てん|までですか
3	s	g	ポイントで払えますか	ポイントではらえますか	可以用點數付嗎？		ポイントで|払=はら|えますか
3	s	g	領収書の但し書きはお品代でお願いします	りょうしゅうしょのただしがきはおしなだいでおねがいします	收據品名請寫商品費		領=りょう|収=しゅう|書=しょ|の|但=ただ|し|書=が|きはお|品=しな|代=だい|でお|願=ねが|いします
2	f	g	おしぼりをください		請給我濕毛巾		
2	f	g	メニューに写真はありますか	メニューにしゃしんはありますか	菜單有照片嗎？		メニューに|写=しゃ|真=しん|はありますか
2	f	g	英語のメニューはありますか	えいごのメニューはありますか	有英文菜單嗎？		英=えい|語=ご|のメニューはありますか
2	f	g	もう少し時間をください	もうすこしじかんをください	請再給我一點時間	syn22	もう|少=すこ|し|時=じ|間=かん|をください
2	f	g	これと同じものをください	これとおなじものをください	請給我跟這個一樣的		これと|同=おな|じものをください
2	f	g	量はどのくらいですか	りょうはどのくらいですか	份量大概多少？		量=りょう|はどのくらいですか
2	f	g	セットにできますか		可以改成套餐嗎？		
2	f	g	食券を買ってください	しょっけんをかってください	請買餐券		食=しょっ|券=けん|を|買=か|ってください
2	f	g	お水はセルフサービスです	おみずはセルフサービスです	水請自取		お|水=みず|はセルフサービスです
3	f	g	お口直しにどうぞ	おくちなおしにどうぞ	請用點東西轉換一下口味		お|口=くち|直=なお|しにどうぞ
3	f	g	旬の食材を使っています	しゅんのしょくざいをつかっています	使用當季食材		旬=しゅん|の|食=しょく|材=ざい|を|使=つか|っています
3	f	g	一品料理はありますか	いっぴんりょうりはありますか	有單點料理嗎？		一=いっ|品=ぴん|料=りょう|理=り|はありますか
3	f	g	お腹に優しいものが食べたいです	おなかにやさしいものがたべたいです	我想吃對胃好一點的東西		お|腹=なか|に|優=やさ|しいものが|食=た|べたいです
3	f	g	これは生ですか	これはなまですか	這是生的嗎？		これは|生=なま|ですか
3	f	g	よく火を通してください	よくひをとおしてください	請煮熟一點		よく|火=ひ|を|通=とお|してください
3	f	g	コース料理でお願いします	コースりょうりでおねがいします	我要套餐全餐		コース|料=りょう|理=り|でお|願=ねが|いします
3	f	g	デザートは後で持ってきてください	デザートはあとでもってきてください	甜點請晚點上		デザートは|後=あと|で|持=も|ってきてください
2	c	g	この問題がわかりません	このもんだいがわかりません	這題我不會		この|問=もん|題=だい|がわかりません
2	c	g	ヒントをください		請給我提示		
2	c	g	答えを見てもいいですか	こたえをみてもいいですか	可以看答案嗎？		答=こた|えを|見=み|てもいいですか
2	c	g	発音を直してください	はつおんをなおしてください	請糾正我的發音		発=はつ|音=おん|を|直=なお|してください
2	c	g	作文を見てもらえますか	さくぶんをみてもらえますか	可以幫我看作文嗎？		作=さく|文=ぶん|を|見=み|てもらえますか
2	c	g	先生、もう少しゆっくりお願いします	せんせい、もうすこしゆっくりおねがいします	老師，請再慢一點		先=せん|生=せい|、もう|少=すこ|しゆっくりお|願=ねが|いします
2	c	g	どこまで進みましたか	どこまですすみましたか	進度到哪裡了？		どこまで|進=すす|みましたか
2	c	g	何ページですか	なんページですか	第幾頁？		何=なん|ページですか
2	c	g	三十ページを開いてください	さんじゅうページをひらいてください	請翻到第三十頁		三=さん|十=じゅう|ページを|開=ひら|いてください
3	c	g	この表現は目上の人に使えますか	このひょうげんはめうえのひとにつかえますか	這個說法可以對長輩用嗎？		この|表=ひょう|現=げん|は|目=め|上=うえ|の|人=ひと|に|使=つか|えますか
3	c	g	書き言葉ですか、話し言葉ですか	かきことばですか、はなしことばですか	是書面語還是口語？		書=か|き|言=こと|葉=ば|ですか、|話=はな|し|言=こと|葉=ば|ですか
3	c	g	語彙力を伸ばしたいです	ごいりょくをのばしたいです	我想增加詞彙量		語=ご|彙=い|力=りょく|を|伸=の|ばしたいです
3	c	g	シャドーイングで練習しています	シャドーイングでれんしゅうしています	我用跟讀法練習		シャドーイングで|練=れん|習=しゅう|しています
3	c	g	言語交換の相手を探しています	げんごこうかんのあいてをさがしています	我在找語言交換的對象		言=げん|語=ご|交=こう|換=かん|の|相=あい|手=て|を|探=さが|しています
3	c	g	間違いを恐れずに話しましょう	まちがいをおそれずにはなしましょう	不要怕犯錯，開口說吧		間=ま|違=ちが|いを|恐=おそ|れずに|話=はな|しましょう
3	c	g	授業についていけません	じゅぎょうについていけません	我跟不上課程		授=じゅ|業=ぎょう|についていけません
3	c	g	出席を取ります	しゅっせきをとります	我要點名了		出=しゅっ|席=せき|を|取=と|ります
2	w	g	お昼に行ってきます	おひるにいってきます	我去吃午餐		お|昼=ひる|に|行=い|ってきます
2	w	g	ただいま戻りました	ただいまもどりました	我回來了（回公司）	syn48	ただいま|戻=もど|りました
2	w	g	今日は直帰します	きょうはちょっきします	今天直接下班回家		今日=きょう|は|直=ちょっ|帰=き|します
2	w	g	タイムカードを押しました	タイムカードをおしました	我打卡了		タイムカードを|押=お|しました
2	w	g	シフトを代わってもらえますか	シフトをかわってもらえますか	可以跟我換班嗎？		シフトを|代=か|わってもらえますか
2	w	g	来週の会議は中止です	らいしゅうのかいぎはちゅうしです	下週的會議取消了		来=らい|週=しゅう|の|会=かい|議=ぎ|は|中=ちゅう|止=し|です
2	w	g	書類にハンコをお願いします	しょるいにハンコをおねがいします	請在文件上蓋章		書=しょ|類=るい|にハンコをお|願=ねが|いします
2	w	g	給料日はいつですか	きゅうりょうびはいつですか	發薪日是什麼時候？		給=きゅう|料=りょう|日=び|はいつですか
2	w	g	今月は忙しいです	こんげつはいそがしいです	這個月很忙		今=こん|月=げつ|は|忙=いそが|しいです
2	w	g	新人の陳です	しんじんのちんです	我是新人陳		新=しん|人=じん|の|陳=ちん|です
2	w	g	仕事に慣れましたか	しごとになれましたか	工作習慣了嗎？		仕=し|事=ごと|に|慣=な|れましたか
3	w	g	お手すきでしょうか	おてすきでしょうか	您現在有空嗎？	syn47	お|手=て|すきでしょうか
3	w	g	僭越ながら申し上げます	せんえつながらもうしあげます	恕我冒昧發言		僭=せん|越=えつ|ながら|申=もう|し|上=あ|げます
3	w	g	おかげさまで無事に終わりました	おかげさまでぶじにおわりました	託您的福順利結束了		おかげさまで|無=ぶ|事=じ|に|終=お|わりました
3	w	g	ご提案があります	ごていあんがあります	我有個提案		ご|提=てい|案=あん|があります
3	w	g	見積もりをお送りします	みつもりをおおくりします	我寄估價單給您		見=み|積=つ|もりをお|送=おく|りします
3	w	g	納期を延ばしていただけませんか	のうきをのばしていただけませんか	能延後交期嗎？		納=のう|期=き|を|延=の|ばしていただけませんか
3	w	g	契約書にご署名ください	けいやくしょにごしょめいください	請在合約上簽名		契=けい|約=やく|書=しょ|にご|署=しょ|名=めい|ください
3	w	g	打ち合わせの時間を変更したいです	うちあわせのじかんをへんこうしたいです	我想改討論的時間		打=う|ち|合=あ|わせの|時=じ|間=かん|を|変=へん|更=こう|したいです
3	w	g	部長はただいま会議中です	ぶちょうはただいまかいぎちゅうです	部長目前在開會		部=ぶ|長=ちょう|はただいま|会=かい|議=ぎ|中=ちゅう|です
3	w	g	ご不明点があればお知らせください	ごふめいてんがあればおしらせください	若有不清楚的地方請告知		ご|不=ふ|明=めい|点=てん|があればお|知=し|らせください
3	w	g	転職を考えています	てんしょくをかんがえています	我在考慮換工作		転=てん|職=しょく|を|考=かんが|えています
3	w	g	歓迎会を開きます	かんげいかいをひらきます	我們要辦歡迎會		歓=かん|迎=げい|会=かい|を|開=ひら|きます
3	w	g	送別会の幹事です	そうべつかいのかんじです	我是歡送會的召集人		送=そう|別=べつ|会=かい|の|幹=かん|事=じ|です
2	y	g	洗い物は私がやります	あらいものはわたしがやります	碗我來洗		洗=あら|い|物=もの|は|私=わたし|がやります
2	y	g	雨が降りそうだね	あめがふりそうだね	好像要下雨了		雨=あめ|が|降=ふ|りそうだね
2	y	g	行ってくるね	いってくるね	我出門囉（口語）	syn17	行=い|ってくるね
2	y	g	ちょっと手を洗ってくる	ちょっとてをあらってくる	我去洗個手		ちょっと|手=て|を|洗=あら|ってくる
2	y	g	これ、捨ててもいい？	これ、すててもいい？	這個可以丟嗎？		これ、|捨=す|ててもいい？
2	y	g	ここに置いておくね	ここにおいておくね	我放這裡喔		ここに|置=お|いておくね
2	y	g	どこに置いたっけ	どこにおいたっけ	我放到哪裡去了？		どこに|置=お|いたっけ
2	y	g	眼鏡を探しています	めがねをさがしています	我在找眼鏡		眼鏡=めがね|を|探=さが|しています
2	y	g	今日はゆっくりします	きょうはゆっくりします	今天要好好休息		今日=きょう|はゆっくりします
3	y	g	朝から晩まで働きました	あさからばんまではたらきました	從早到晚都在工作		朝=あさ|から|晩=ばん|まで|働=はたら|きました
3	y	g	休みの日は何をしていますか	やすみのひはなにをしていますか	你放假都在做什麼？		休=やす|みの|日=ひ|は|何=なに|をしていますか
3	y	g	相変わらずです	あいかわらずです	還是老樣子		相=あい|変=か|わらずです
3	y	g	ぼちぼちです		還過得去		
3	y	g	お互い様です	おたがいさまです	彼此彼此（互相幫忙）		お|互=たが|い|様=さま|です
3	y	g	それはよかったですね		那太好了呢		
3	y	g	いい経験になりました	いいけいけんになりました	是個很好的經驗		いい|経=けい|験=けん|になりました
3	y	g	話せば長くなります	はなせばながくなります	說來話長		話=はな|せば|長=なが|くなります
2	i	g	名前は漢字でこう書きます	なまえはかんじでこうかきます	我的名字漢字這樣寫		名=な|前=まえ|は|漢=かん|字=じ|でこう|書=か|きます
2	i	g	日本は初めてです	にほんははじめてです	我第一次來日本		日本=にほん|は|初=はじ|めてです
2	i	g	日本に来たのは二回目です	にほんにきたのはにかいめです	這是我第二次來日本		日本=にほん|に|来=き|たのは|二=に|回=かい|目=め|です
2	i	g	今は無職です	いまはむしょくです	我現在沒工作		今=いま|は|無=む|職=しょく|です
2	i	g	主婦です	しゅふです	我是家庭主婦		主=しゅ|婦=ふ|です
2	i	g	日本の会社で働いています	にほんのかいしゃではたらいています	我在日本公司上班		日本=にほん|の|会=かい|社=しゃ|で|働=はたら|いています
3	i	g	長所は粘り強いところです	ちょうしょはねばりづよいところです	我的優點是有毅力		長=ちょう|所=しょ|は|粘=ねば|り|強=づよ|いところです
3	i	g	短所は心配性なところです	たんしょはしんぱいしょうなところです	我的缺點是愛操心		短=たん|所=しょ|は|心=しん|配=ぱい|性=しょう|なところです
3	i	g	以前は銀行に勤めていました	いぜんはぎんこうにつとめていました	我以前在銀行上班		以=い|前=ぜん|は|銀=ぎん|行=こう|に|勤=つと|めていました
3	i	g	三人兄弟の真ん中です	さんにんきょうだいのまんなかです	我是三兄弟姊妹中的老二		三=さん|人=にん|兄=きょう|弟=だい|の|真=ま|ん|中=なか|です
2	l	g	今、運転中だから、あとでね	いま、うんてんちゅうだから、あとでね	我在開車，等等再說		今=いま|、|運=うん|転=てん|中=ちゅう|だから、あとでね
2	l	g	ビデオ通話しよう	ビデオつうわしよう	來視訊吧		ビデオ|通=つう|話=わ|しよう
3	l	g	内線でおつなぎします	ないせんでおつなぎします	我用內線幫您轉接		内=ない|線=せん|でおつなぎします
3	l	g	恐れ入りますが、もう少し大きな声でお願いします	おそれいりますが、もうすこしおおきなこえでおねがいします	不好意思，請大聲一點	syn29	恐=おそ|れ|入=い|りますが、もう|少=すこ|し|大=おお|きな|声=こえ|でお|願=ねが|いします
3	l	g	お電話代わりました	おでんわかわりました	電話換我接聽了		お|電=でん|話=わ|代=か|わりました
3	l	g	メールでも送っておきます	メールでもおくっておきます	我也會寄郵件給您		メールでも|送=おく|っておきます
2	m	g	楽しみにしています	たのしみにしています	我很期待	syn35	楽=たの|しみにしています
2	m	g	寂しくなるね	さびしくなるね	會變寂寞呢		寂=さび|しくなるね
2	m	g	心配しないで	しんぱいしないで	別擔心		心=しん|配=ぱい|しないで
2	m	g	感激しました	かんげきしました	我很感激		感=かん|激=げき|しました
3	m	g	胸が躍ります	むねがおどります	心情雀躍		胸=むね|が|躍=おど|ります
3	m	g	身が引き締まる思いです	みがひきしまるおもいです	心情不禁緊繃起來		身=み|が|引=ひ|き|締=し|まる|思=おも|いです
3	m	g	穴があったら入りたい	あながあったらはいりたい	丟臉到想找個洞鑽進去		穴=あな|があったら|入=はい|りたい
3	m	g	開いた口が塞がりません	あいたくちがふさがりません	驚訝到說不出話		開=あ|いた|口=くち|が|塞=ふさ|がりません
3	m	g	もう懲り懲りです	もうこりごりです	再也不想了（吃夠苦頭）		もう|懲=こ|り|懲=ご|りです
3	m	g	気が気じゃありません	きがきじゃありません	坐立難安		気=き|が|気=き|じゃありません
3	m	g	肩の荷が下りました	かたのにがおりました	如釋重負		肩=かた|の|荷=に|が|下=お|りました
2	e	g	救急病院はどこですか	きゅうきゅうびょういんはどこですか	急診醫院在哪裡？		救=きゅう|急=きゅう|病=びょう|院=いん|はどこですか
2	e	g	子どもが熱を出しました	こどもがねつをだしました	小孩發燒了		子=こ|どもが|熱=ねつ|を|出=だ|しました
2	e	g	道で転びました	みちでころびました	我在路上跌倒了		道=みち|で|転=ころ|びました
2	e	g	大使館の電話番号を教えてください	たいしかんのでんわばんごうをおしえてください	請告訴我大使館電話		大=たい|使=し|館=かん|の|電=でん|話=わ|番=ばん|号=ごう|を|教=おし|えてください
3	e	g	カードを止めたいです	カードをとめたいです	我想停卡		カードを|止=と|めたいです
3	e	g	鍵を開けてもらえますか	かぎをあけてもらえますか	可以幫我開鎖嗎？		鍵=かぎ|を|開=あ|けてもらえますか
3	e	g	避難経路を確認してください	ひなんけいろをかくにんしてください	請確認逃生路線		避=ひ|難=なん|経=けい|路=ろ|を|確=かく|認=にん|してください
3	e	g	余震に注意してください	よしんにちゅういしてください	請注意餘震		余=よ|震=しん|に|注=ちゅう|意=い|してください
2	a	g	お誕生日おめでとうございます	おたんじょうびおめでとうございます	生日快樂（禮貌）	syn36	お|誕=たん|生=じょう|日=び|おめでとうございます
2	a	g	いい一日を	いいいちにちを	祝你有美好的一天		いい|一=いち|日=にち|を
2	a	g	良い週末を	よいしゅうまつを	週末愉快		良=よ|い|週=しゅう|末=まつ|を
3	a	g	今年もお世話になりました	ことしもおせわになりました	今年也承蒙照顧了	syn13	今年=ことし|もお|世=せ|話=わ|になりました
3	a	g	ご無事で到着されましたか	ごぶじでとうちゃくされましたか	您平安抵達了嗎？		ご|無=ぶ|事=じ|で|到=とう|着=ちゃく|されましたか
3	a	g	お元気でお過ごしください	おげんきでおすごしください	請多保重		お|元=げん|気=き|でお|過=す|ごしください
3	a	g	またお会いできる日を楽しみにしています	またおあいできるひをたのしみにしています	期待再次見面		またお|会=あ|いできる|日=ひ|を|楽=たの|しみにしています
2	t	g	いろいろありがとう		謝謝你的一切	syn0	
2	t	g	お世話になります	おせわになります	要麻煩您照顧了		お|世=せ|話=わ|になります
2	t	g	言い過ぎました、ごめんなさい	いいすぎました、ごめんなさい	我說得太過分了，對不起		言=い|い|過=す|ぎました、ごめんなさい
2	t	g	約束を破ってごめん	やくそくをやぶってごめん	抱歉沒遵守約定		約=やく|束=そく|を|破=やぶ|ってごめん
3	t	g	配慮が足りませんでした	はいりょがたりませんでした	是我考慮不周		配=はい|慮=りょ|が|足=た|りませんでした
3	t	g	私の不注意でした	わたしのふちゅういでした	是我不小心		私=わたし|の|不=ふ|注=ちゅう|意=い|でした
3	t	g	大目に見てください	おおめにみてください	請高抬貴手		大=おお|目=め|に|見=み|てください
3	t	g	以後このようなことがないようにします	いごこのようなことがないようにします	今後不會再發生這種事	syn49	以=い|後=ご|このようなことがないようにします
2	p	g	カフェで話そう	カフェではなそう	去咖啡廳聊吧		カフェで|話=はな|そう
2	p	g	夏休みに旅行しない？	なつやすみにりょこうしない？	暑假要不要去旅行？		夏=なつ|休=やす|みに|旅=りょ|行=こう|しない？
2	p	g	現地で会いましょう	げんちであいましょう	我們現場見		現=げん|地=ち|で|会=あ|いましょう
2	p	g	もう着いた？	もうついた？	你到了嗎？		もう|着=つ|いた？
2	p	g	入口で待ってるね	いりぐちでまってるね	我在入口等你		入=いり|口=ぐち|で|待=ま|ってるね
3	p	g	お互いの中間地点で会いましょう	おたがいのちゅうかんちてんであいましょう	約在我們兩個的中間點吧		お|互=たが|いの|中=ちゅう|間=かん|地=ち|点=てん|で|会=あ|いましょう
3	p	g	日を改めましょう	ひをあらためましょう	改天再約吧		日=ひ|を|改=あらた|めましょう
3	p	g	お誘いいただきありがとうございます	おさそいいただきありがとうございます	謝謝您的邀請	syn68	お|誘=さそ|いいただきありがとうございます
3	p	g	今回は都合がつきません	こんかいはつごうがつきません	這次時間配合不上		今=こん|回=かい|は|都=つ|合=ごう|がつきません
3	p	g	一人で行くのは心細いです	ひとりでいくのはこころぼそいです	一個人去有點不安		一=ひと|人=り|で|行=い|くのは|心=こころ|細=ぼそ|いです
2	q	g	それはいいですね		那真好		
2	q	g	それは大変でしたね	それはたいへんでしたね	那真是辛苦你了		それは|大=たい|変=へん|でしたね
2	q	g	そうだったんですか		原來是那樣啊		
2	q	g	ほんとにそう		真的是這樣	syn19	
2	q	g	うーん、どうかな		嗯…不知道耶		
3	q	g	一応確認しておきます	いちおうかくにんしておきます	我姑且確認一下		一=いち|応=おう|確=かく|認=にん|しておきます
3	q	g	願ってもないことです	ねがってもないことです	求之不得		願=ねが|ってもないことです
3	q	g	それには及びません	それにはおよびません	不必那麼做		それには|及=およ|びません
3	q	g	お安い御用です	おやすいごようです	小事一樁		お|安=やす|い|御=ご|用=よう|です
3	q	g	善処します	ぜんしょします	我會妥善處理		善=ぜん|処=しょ|します
2	k	g	日本語で書いてもらえますか	にほんごでかいてもらえますか	可以用日文幫我寫嗎？		日本語=にほんご|で|書=か|いてもらえますか
2	k	g	これを捨ててもらえますか	これをすててもらえますか	可以幫我丟這個嗎？		これを|捨=す|ててもらえますか
2	k	g	しばらく預かってもらえますか	しばらくあずかってもらえますか	可以幫我保管一陣子嗎？		しばらく|預=あず|かってもらえますか
3	k	g	お手数ですが、ご返送ください	おてすうですが、ごへんそうください	麻煩您寄回		お|手=て|数=すう|ですが、ご|返=へん|送=そう|ください
3	k	g	ご署名とご捺印をお願いします	ごしょめいとごなついんをおねがいします	請簽名蓋章		ご|署=しょ|名=めい|とご|捺=なつ|印=いん|をお|願=ねが|いします
2	o	g	それは賛成できません	それはさんせいできません	那我無法贊成	syn44	それは|賛=さん|成=せい|できません
2	o	g	やっぱりこっちがいい		還是這個好		
2	o	g	迷っています	まよっています	我很猶豫		迷=まよ|っています
3	o	g	一度持ち帰らせてください	いちどもちかえらせてください	請讓我帶回去研究一下	syn46	一=いち|度=ど|持=も|ち|帰=かえ|らせてください
3	o	g	あえて言うなら	あえていうなら	硬要說的話		あえて|言=い|うなら
3	o	g	この点については同意します	このてんについてはどういします	關於這一點我同意		この|点=てん|については|同=どう|意=い|します
2	r	g	髪型、似合ってるね	かみがた、にあってるね	髮型很適合你		髪=かみ|型=がた|、|似=に|合=あ|ってるね
2	r	g	笑顔がすてきですね	えがおがすてきですね	你的笑容很迷人		笑=え|顔=がお|がすてきですね
2	r	g	仕事が早いですね	しごとがはやいですね	你做事真快		仕=し|事=ごと|が|早=はや|いですね
3	r	g	あなたがいてくれてよかった		還好有你在		
3	r	g	いつも感心しています	いつもかんしんしています	我一直很佩服你		いつも|感=かん|心=しん|しています
3	r	g	立派になりましたね	りっぱになりましたね	你變得很有出息了		立=りっ|派=ぱ|になりましたね
2	b	g	インフルエンザにかかりました		我得了流感		
2	b	g	歯医者に行きます	はいしゃにいきます	我要去看牙醫		歯=は|医=い|者=しゃ|に|行=い|きます
2	b	g	眼科はありますか	がんかはありますか	有眼科嗎？		眼=がん|科=か|はありますか
2	b	g	今日は休んだほうがいいですよ	きょうはやすんだほうがいいですよ	今天最好休息喔		今日=きょう|は|休=やす|んだほうがいいですよ
3	b	g	血圧が高めです	けつあつがたかめです	血壓偏高		血=けつ|圧=あつ|が|高=たか|めです
3	b	g	むくみがひどいです		水腫很嚴重		
3	b	g	腰をぎっくりやりました	こしをぎっくりやりました	我閃到腰了		腰=こし|をぎっくりやりました
3	b	g	紹介状を書いてもらえますか	しょうかいじょうをかいてもらえますか	可以幫我寫轉診單嗎？		紹=しょう|介=かい|状=じょう|を|書=か|いてもらえますか
2	n	g	お金を入金したいです	おかねをにゅうきんしたいです	我想存錢		お|金=かね|を|入=にゅう|金=きん|したいです
2	n	g	小銭に替えてください	こぜににかえてください	請幫我換零錢		小=こ|銭=ぜに|に|替=か|えてください
3	n	g	クレジットカードの限度額を上げたいです	クレジットカードのげんどがくをあげたいです	我想提高信用卡額度		クレジットカードの|限=げん|度=ど|額=がく|を|上=あ|げたいです
3	n	g	申込書の書き方を教えてください	もうしこみしょのかきかたをおしえてください	請教我申請書怎麼填		申=もうし|込=こみ|書=しょ|の|書=か|き|方=かた|を|教=おし|えてください
2	u	g	部屋の電球が切れました	へやのでんきゅうがきれました	房間燈泡壞了		部屋=へや|の|電=でん|球=きゅう|が|切=き|れました
2	u	g	窓が開きません	まどがあきません	窗戶打不開		窓=まど|が|開=あ|きません
3	u	g	契約を更新したいです	けいやくをこうしんしたいです	我想續約		契=けい|約=やく|を|更=こう|新=しん|したいです
3	u	g	インターホンが鳴りました	インターホンがなりました	對講機響了		インターホンが|鳴=な|りました
3	u	g	宅配ボックスに入れておいてください	たくはいボックスにいれておいてください	請放進宅配箱		宅=たく|配=はい|ボックスに|入=い|れておいてください
2	x	g	メールアドレスを教えてください	メールアドレスをおしえてください	請告訴我你的電子郵件		メールアドレスを|教=おし|えてください
2	x	g	写真、送ったよ	しゃしん、おくったよ	照片傳給你了		写=しゃ|真=しん|、|送=おく|ったよ
2	x	g	電源を切ってください	でんげんをきってください	請關機		電=でん|源=げん|を|切=き|ってください
3	x	g	このアプリは課金が必要です	このアプリはかきんがひつようです	這個App要付費		このアプリは|課=か|金=きん|が|必=ひつ|要=よう|です
3	x	g	位置情報をオンにしてください	いちじょうほうをオンにしてください	請開啟定位		位=い|置=ち|情=じょう|報=ほう|をオンにしてください
3	x	g	通信制限がかかりました	つうしんせいげんがかかりました	網路被限速了		通=つう|信=しん|制=せい|限=げん|がかかりました
2	j	g	カラオケで何を歌いますか	カラオケでなにをうたいますか	唱卡拉OK都唱什麼？		カラオケで|何=なに|を|歌=うた|いますか
2	j	g	週末は映画館に行きます	しゅうまつはえいがかんにいきます	週末要去電影院		週=しゅう|末=まつ|は|映=えい|画=が|館=かん|に|行=い|きます
2	j	g	最近、本を読んでいません	さいきん、ほんをよんでいません	最近都沒在看書		最=さい|近=きん|、|本=ほん|を|読=よ|んでいません
3	j	g	将棋の相手をしてください	しょうぎのあいてをしてください	陪我下將棋		将=しょう|棋=ぎ|の|相=あい|手=て|をしてください
3	j	g	盆踊りに参加しました	ぼんおどりにさんかしました	我參加了盂蘭盆舞		盆=ぼん|踊=おど|りに|参=さん|加=か|しました
3	j	g	温泉巡りが趣味です	おんせんめぐりがしゅみです	我的興趣是泡遍溫泉		温=おん|泉=せん|巡=めぐ|りが|趣=しゅ|味=み|です
2	z	g	明日は雨らしいよ	あしたはあめらしいよ	明天好像會下雨		明日=あした|は|雨=あめ|らしいよ
2	z	g	台風で学校が休みになりました	たいふうでがっこうがやすみになりました	因颱風學校停課了		台=たい|風=ふう|で|学=がっ|校=こう|が|休=やす|みになりました
2	z	g	今日はいい風が吹いていますね	きょうはいいかぜがふいていますね	今天的風很舒服		今日=きょう|はいい|風=かぜ|が|吹=ふ|いていますね
3	z	g	桜が満開です	さくらがまんかいです	櫻花滿開		桜=さくら|が|満=まん|開=かい|です
3	z	g	今年は雪が少ないですね	ことしはゆきがすくないですね	今年雪很少呢		今年=ことし|は|雪=ゆき|が|少=すく|ないですね
3	z	g	秋の夜長ですね	あきのよながですね	秋夜漫漫呢		秋=あき|の|夜=よ|長=なが|ですね
3	v	g	お包みしますので少々お待ちください	おつつみしますのでしょうしょうおまちください	我幫您包裝，請稍等		お|包=つつ|みしますので|少=しょう|々=しょう|お|待=ま|ちください
3	v	g	クーポンはお持ちですか	クーポンはおもちですか	您有優惠券嗎？		クーポンはお|持=も|ちですか
3	v	g	ご予約のお客様ですか	ごよやくのおきゃくさまですか	請問是有預約的客人嗎？		ご|予=よ|約=やく|のお|客=きゃく|様=さま|ですか
2	g	g	昨日は楽しかったね	きのうはたのしかったね	昨天好好玩喔		昨日=きのう|は|楽=たの|しかったね
2	g	g	話を聞いてくれてありがとう	はなしをきいてくれてありがとう	謝謝你聽我說		話=はなし|を|聞=き|いてくれてありがとう
2	g	g	ずっと会いたかった	ずっとあいたかった	一直好想見你	syn45	ずっと|会=あ|いたかった
3	g	g	あなたのことが気になっています	あなたのことがきになっています	我很在意你		あなたのことが|気=き|になっています
3	g	g	結婚を前提に付き合ってください	けっこんをぜんていにつきあってください	請以結婚為前提跟我交往		結=けっ|婚=こん|を|前=ぜん|提=てい|に|付=つ|き|合=あ|ってください
3	g	g	プロポーズされました		我被求婚了		
1	s	g	袋に入れてください	ふくろにいれてください	請幫我裝袋		袋=ふくろ|に|入=い|れてください
1	s	g	カードで払います	カードではらいます	我刷卡		カードで|払=はら|います
1	s	g	現金で払います	げんきんではらいます	我付現		現=げん|金=きん|で|払=はら|います
2	s	g	ラッピングは有料ですか	ラッピングはゆうりょうですか	包裝要收費嗎？		ラッピングは|有=ゆう|料=りょう|ですか
2	s	g	もう一つ同じものをください	もうひとつおなじものをください	請再給我一個一樣的		もう|一=ひと|つ|同=おな|じものをください
2	s	g	値段が書いてありません	ねだんがかいてありません	沒有標價		値=ね|段=だん|が|書=か|いてありません
2	s	g	このクーポンは使えますか	このクーポンはつかえますか	這張優惠券能用嗎？		このクーポンは|使=つか|えますか
3	s	g	一点ずつ会計してください	いってんずつかいけいしてください	請一件一件分開結帳		一=いっ|点=てん|ずつ|会=かい|計=けい|してください
3	s	g	お取り寄せになります	おとりよせになります	需要調貨		お|取=と|り|寄=よ|せになります
3	s	g	会員になると割引がありますか	かいいんになるとわりびきがありますか	加入會員有折扣嗎？		会=かい|員=いん|になると|割=わり|引=びき|がありますか
1	f	g	いただきます、おいしそう！		開動了，看起來好好吃！		
1	f	g	もう一杯ください	もういっぱいください	請再來一杯		もう|一=いっ|杯=ぱい|ください
1	f	g	パンが好きです	パンがすきです	我喜歡麵包		パンが|好=す|きです
2	f	g	これ、何の味？	これ、なんのあじ？	這是什麼口味？		これ、|何=なん|の|味=あじ|？
2	f	g	ちょっと辛すぎます	ちょっとからすぎます	有點太辣		ちょっと|辛=から|すぎます
2	f	g	このお酒は甘口ですか	このおさけはあまくちですか	這個酒是甜口的嗎？		このお|酒=さけ|は|甘=あま|口=くち|ですか
2	f	g	おにぎりを温めてください	おにぎりをあたためてください	請幫我加熱飯糰		おにぎりを|温=あたた|めてください
3	f	g	このお店の看板メニューは何ですか	このおみせのかんばんメニューはなんですか	這家店的招牌菜是什麼？		このお|店=みせ|の|看=かん|板=ばん|メニューは|何=なん|ですか
3	f	g	お会計は席でできますか	おかいけいはせきでできますか	可以在座位上結帳嗎？		お|会=かい|計=けい|は|席=せき|でできますか
3	f	g	料理が冷めています	りょうりがさめています	菜冷掉了		料=りょう|理=り|が|冷=さ|めています
3	f	g	髪の毛が入っていました	かみのけがはいっていました	裡面有頭髮		髪=かみ|の|毛=け|が|入=はい|っていました
2	d	g	東京行きは何番線ですか	とうきょういきはなんばんせんですか	往東京的是幾號月台？		東=とう|京=きょう|行=い|きは|何=なん|番=ばん|線=せん|ですか
2	d	g	空港行きのバスはどこから出ますか	くうこういきのバスはどこからでますか	往機場的公車在哪裡搭？		空=くう|港=こう|行=い|きのバスはどこから|出=で|ますか
3	d	g	乗車券をなくしました	じょうしゃけんをなくしました	我車票不見了		乗=じょう|車=しゃ|券=けん|をなくしました
3	d	g	この路線は混みますか	このろせんはこみますか	這條路線會很擠嗎？		この|路=ろ|線=せん|は|混=こ|みますか
3	d	g	徒歩圏内ですか	とほけんないですか	是走路能到的範圍嗎？		徒=と|歩=ほ|圏=けん|内=ない|ですか
2	h	g	温泉は男女別ですか	おんせんはだんじょべつですか	溫泉是男女分開的嗎？		温=おん|泉=せん|は|男=だん|女=じょ|別=べつ|ですか
2	h	g	この近くにいいレストランはありますか	このちかくにいいレストランはありますか	這附近有好的餐廳嗎？		この|近=ちか|くにいいレストランはありますか
2	h	g	両替所はどこですか	りょうがえじょはどこですか	換錢所在哪裡？		両=りょう|替=がえ|所=じょ|はどこですか
3	h	g	雨で予定が狂いました	あめでよていがくるいました	因為下雨計畫被打亂了		雨=あめ|で|予=よ|定=てい|が|狂=くる|いました
3	h	g	旅の疲れが出ました	たびのつかれがでました	旅途的疲勞湧上來了		旅=たび|の|疲=つか|れが|出=で|ました
2	c	g	この言葉、知っていますか	このことば、しっていますか	你知道這個詞嗎？		この|言=こと|葉=ば|、|知=し|っていますか
2	c	g	カタカナが苦手です	カタカナがにがてです	我不擅長片假名		カタカナが|苦=にが|手=て|です
2	c	g	宿題を出してください	しゅくだいをだしてください	請交作業		宿=しゅく|題=だい|を|出=だ|してください
2	c	g	教科書を忘れました	きょうかしょをわすれました	我忘了帶課本		教=きょう|科=か|書=しょ|を|忘=わす|れました
3	c	g	聞き間違えました	ききまちがえました	我聽錯了		聞=き|き|間=ま|違=ちが|えました
3	c	g	この二つの言葉の違いは何ですか	このふたつのことばのちがいはなんですか	這兩個詞有什麼不同？		この|二=ふた|つの|言=こと|葉=ば|の|違=ちが|いは|何=なん|ですか
3	c	g	自分の言葉で説明してください	じぶんのことばでせつめいしてください	請用自己的話說明		自=じ|分=ぶん|の|言=こと|葉=ば|で|説=せつ|明=めい|してください
2	w	g	お客様がお見えです	おきゃくさまがおみえです	有客人來了		お|客=きゃく|様=さま|がお|見=み|えです
2	w	g	資料はできていますか	しりょうはできていますか	資料做好了嗎？		資=し|料=りょう|はできていますか
3	w	g	今月の目標を達成しました	こんげつのもくひょうをたっせいしました	達成這個月的目標了		今=こん|月=げつ|の|目=もく|標=ひょう|を|達=たっ|成=せい|しました
3	w	g	ノルマがきついです		業績壓力好大		
3	w	g	人手が足りません	ひとでがたりません	人手不足		人=ひと|手=で|が|足=た|りません
3	w	g	会議が長引いています	かいぎがながびいています	會議拖長了		会=かい|議=ぎ|が|長=なが|引=び|いています
2	y	g	昨日、何してた？	きのう、なにしてた？	你昨天在幹嘛？		昨日=きのう|、|何=なに|してた？
2	y	g	最近、よく眠れません	さいきん、よくねむれません	最近睡不好		最=さい|近=きん|、よく|眠=ねむ|れません
2	y	g	そろそろ出かけよう	そろそろでかけよう	差不多該出門了		そろそろ|出=で|かけよう
2	y	g	まだ起きてる？	まだおきてる？	你還醒著嗎？		まだ|起=お|きてる？
2	y	g	お腹痛くなってきた	おなかいたくなってきた	肚子開始痛了		お|腹痛=なかいた|くなってきた
3	y	g	いつの間にか寝ていました	いつのまにかねていました	不知不覺睡著了		いつの|間=ま|にか|寝=ね|ていました
3	y	g	すっかり忘れていました	すっかりわすれていました	我完全忘了		すっかり|忘=わす|れていました
3	y	g	思い出しました	おもいだしました	我想起來了		思=おも|い|出=だ|しました
3	y	g	うまくいきました		進行得很順利		
3	y	g	うまくいきませんでした		進行得不順利		
2	m	g	もうやだ		真是受夠了（口語）	syn50	
3	m	g	名残惜しいです	なごりおしいです	依依不捨		名残惜=なごりお|しいです
3	m	g	心残りです	こころのこりです	心中有遺憾		心=こころ|残=のこ|りです
3	m	g	むしゃくしゃしています		心煩意亂		
2	e	g	具合が悪い人がいます	ぐあいがわるいひとがいます	有人身體不舒服		具=ぐ|合=あい|が|悪=わる|い|人=ひと|がいます
2	e	g	医者を呼んでください	いしゃをよんでください	請叫醫生		医=い|者=しゃ|を|呼=よ|んでください
3	e	g	応急処置をお願いします	おうきゅうしょちをおねがいします	請做緊急處理		応=おう|急=きゅう|処=しょ|置=ち|をお|願=ねが|いします
3	e	g	やけどに効く薬はありますか	やけどにきくくすりはありますか	有治燙傷的藥嗎？		やけどに|効=き|く|薬=くすり|はありますか
2	t	g	お土産、ありがとう	おみやげ、ありがとう	謝謝你的伴手禮		お|土産=みやげ|、ありがとう
2	t	g	招待してくれてありがとう	しょうたいしてくれてありがとう	謝謝你邀請我	syn68	招=しょう|待=たい|してくれてありがとう
3	t	g	身に染みてありがたいです	みにしみてありがたいです	感激在心		身=み|に|染=し|みてありがたいです
3	t	g	ご無理を申しまして恐縮です	ごむりをもうしましてきょうしゅくです	提出無理的請求真是惶恐		ご|無=む|理=り|を|申=もう|しまして|恐=きょう|縮=しゅく|です
3	a	g	ご丁寧にありがとうございます	ごていねいにありがとうございます	謝謝您這麼周到		ご|丁=てい|寧=ねい|にありがとうございます
2	i	g	今年で三十歳になります	ことしでさんじゅっさいになります	我今年三十歲		今年=ことし|で|三=さん|十=じゅっ|歳=さい|になります
2	i	g	子どもが二人います	こどもがふたりいます	我有兩個小孩		子=こ|どもが|二=ふた|人=り|います
3	i	g	仕事でよく日本に来ます	しごとでよくにほんにきます	我常因工作來日本		仕=し|事=ごと|でよく|日本=にほん|に|来=き|ます
3	i	g	地元はのどかな田舎です	じもとはのどかないなかです	我老家是悠閒的鄉下		地=じ|元=もと|はのどかな|田舎=いなか|です
3	l	g	かけ間違いではありませんか	かけまちがいではありませんか	您是不是打錯了？		かけ|間=ま|違=ちが|いではありませんか
3	l	g	お名前をフルネームでお願いします	おなまえをフルネームでおねがいします	請告訴我您的全名		お|名=な|前=まえ|をフルネームでお|願=ねが|いします
2	p	g	今夜、飲みに行かない？	こんや、のみにいかない？	今晚要不要去喝一杯？	syn69	今=こん|夜=や|、|飲=の|みに|行=い|かない？
2	p	g	来週の土曜日はどう？	らいしゅうのどようびはどう？	下週六怎麼樣？		来=らい|週=しゅう|の|土=ど|曜=よう|日=び|はどう？
3	p	g	ぜひ一度お食事でも	ぜひいちどおしょくじでも	有機會務必一起吃個飯		ぜひ|一=いち|度=ど|お|食=しょく|事=じ|でも
3	p	g	お祝いの会を開きます	おいわいのかいをひらきます	我們要辦慶祝會		お|祝=いわ|いの|会=かい|を|開=ひら|きます
2	q	g	わかった、すぐ行く	わかった、すぐいく	知道了，馬上去		わかった、すぐ|行=い|く
2	q	g	はい、喜んで	はい、よろこんで	好，樂意之至		はい、|喜=よろこ|んで
3	q	g	おっしゃる通りにします	おっしゃるとおりにします	就照您說的做		おっしゃる|通=とお|りにします
3	q	g	念のためお聞きしますが	ねんのためおききしますが	保險起見請問一下		念=ねん|のためお|聞=き|きしますが
2	k	g	順番を守ってください	じゅんばんをまもってください	請遵守順序		順=じゅん|番=ばん|を|守=まも|ってください
2	k	g	ゴミを持ち帰ってください	ゴミをもちかえってください	請把垃圾帶回去		ゴミを|持=も|ち|帰=かえ|ってください
3	k	g	ご自由にお取りください	ごじゆうにおとりください	請自由取用		ご|自=じ|由=ゆう|にお|取=と|りください
3	k	g	係員の指示に従ってください	かかりいんのしじにしたがってください	請遵從工作人員的指示		係=かかり|員=いん|の|指=し|示=じ|に|従=したが|ってください
2	o	g	それはいい考えじゃないと思う	それはいいかんがえじゃないとおもう	我覺得那不是好主意	syn51	それはいい|考=かんが|えじゃないと|思=おも|う
3	o	g	頭ごなしに否定しないでください	あたまごなしにひていしないでください	請不要不分青紅皂白就否定		頭=あたま|ごなしに|否=ひ|定=てい|しないでください
2	r	g	すごく上達しましたね	すごくじょうたつしましたね	進步好多喔	syn52	すごく|上=じょう|達=たつ|しましたね
2	r	g	元気そうでよかった	げんきそうでよかった	看你精神不錯真好		元=げん|気=き|そうでよかった
3	r	g	いつも前向きですね	いつもまえむきですね	你總是很積極呢		いつも|前=まえ|向=む|きですね
2	b	g	頭がくらくらします	あたまがくらくらします	頭昏眼花		頭=あたま|がくらくらします
2	b	g	手を切りました	てをきりました	我割到手了		手=て|を|切=き|りました
3	b	g	しびれがあります		有麻痺感		
2	n	g	この手紙を出したいです	このてがみをだしたいです	我想寄這封信		この|手=て|紙=がみ|を|出=だ|したいです
3	n	g	印鑑登録をしたいです	いんかんとうろくをしたいです	我想辦印鑑登記		印=いん|鑑=かん|登=とう|録=ろく|をしたいです
2	u	g	洗濯機の使い方を教えてください	せんたくきのつかいかたをおしえてください	請教我洗衣機怎麼用		洗=せん|濯=たく|機=き|の|使=つか|い|方=かた|を|教=おし|えてください
3	u	g	壁に穴を開けてしまいました	かべにあなをあけてしまいました	我把牆壁弄破了洞		壁=かべ|に|穴=あな|を|開=あ|けてしまいました
2	x	g	ちょっとスマホ見せて	ちょっとスマホみせて	手機借我看一下		ちょっとスマホ|見=み|せて
3	x	g	自動で保存されます	じどうでほぞんされます	會自動存檔		自=じ|動=どう|で|保=ほ|存=ぞん|されます
2	j	g	好きな食べ物は何ですか	すきなたべものはなんですか	你喜歡吃什麼？		好=す|きな|食=た|べ|物=もの|は|何=なん|ですか
3	j	g	夢中になっています	むちゅうになっています	我很著迷		夢=む|中=ちゅう|になっています
2	z	g	今夜は冷えますね	こんやはひえますね	今晚好冷		今=こん|夜=や|は|冷=ひ|えますね
3	z	g	日差しが強いです	ひざしがつよいです	陽光很強		日=ひ|差=ざ|しが|強=つよ|いです
2	v	g	ご注文はお済みですか	ごちゅうもんはおすみですか	請問點好餐了嗎？		ご|注=ちゅう|文=もん|はお|済=す|みですか
3	v	g	恐れ入りますが、お時間です	おそれいりますが、おじかんです	不好意思，時間到了	syn67	恐=おそ|れ|入=い|りますが、お|時=じ|間=かん|です
2	g	g	また会おうね	またあおうね	要再見面喔	syn2	また|会=あ|おうね
3	g	g	一緒に年を取りたいです	いっしょにとしをとりたいです	想和你一起變老		一=いっ|緒=しょ|に|年=とし|を|取=と|りたいです
2	y	g	どうしよう		怎麼辦		
2	y	g	しょうがないな		真拿你沒辦法	syn65	
2	y	g	やっと終わった	やっとおわった	終於結束了		やっと|終=お|わった
2	y	g	もう少しで終わります	もうすこしでおわります	快要結束了		もう|少=すこ|しで|終=お|わります
2	y	g	ちょうどよかった		剛剛好		
2	y	g	間に合った！	まにあった！	趕上了！		間=ま|に|合=あ|った！
2	y	g	間に合わない！	まにあわない！	來不及了！		間=ま|に|合=あ|わない！
3	y	g	いまさら言われても困ります	いまさらいわれてもこまります	現在才說我也很為難		いまさら|言=い|われても|困=こま|ります
3	y	g	言われなくてもわかっています	いわれなくてもわかっています	不用你說我也知道		言=い|われなくてもわかっています
3	y	g	それとなく聞いてみます	それとなくきいてみます	我不經意地問問看		それとなく|聞=き|いてみます
3	y	g	気が向いたら行きます	きがむいたらいきます	有興致的話就去		気=き|が|向=む|いたら|行=い|きます
3	y	g	手が離せません	てがはなせません	我現在走不開		手=て|が|離=はな|せません
3	y	g	猫の手も借りたいほど忙しい	ねこのてもかりたいほどいそがしい	忙得不可開交		猫=ねこ|の|手=て|も|借=か|りたいほど|忙=いそが|しい
3	y	g	やることが山積みです	やることがやまづみです	要做的事堆積如山		やることが|山=やま|積=づ|みです
2	f	g	お弁当を作りました	おべんとうをつくりました	我做了便當		お|弁=べん|当=とう|を|作=つく|りました
2	f	g	コンビニで何か買おう	コンビニでなにかかおう	去便利商店買點東西吧		コンビニで|何=なに|か|買=か|おう
2	f	g	喉が渇きました	のどがかわきました	口渴了		喉=のど|が|渇=かわ|きました
2	f	g	甘いものが食べたい	あまいものがたべたい	好想吃甜的		甘=あま|いものが|食=た|べたい
3	f	g	好き嫌いはありますか	すききらいはありますか	你有挑食嗎？		好=す|き|嫌=きら|いはありますか
3	f	g	食べず嫌いです	たべずぎらいです	沒吃過就說不喜歡		食=た|べず|嫌=ぎら|いです
3	f	g	この味、くせになります	このあじ、くせになります	這味道會讓人上癮		この|味=あじ|、くせになります
2	s	g	これ、どう思う？	これ、どうおもう？	你覺得這個怎麼樣？		これ、どう|思=おも|う？
2	s	g	似たようなものはありますか	にたようなものはありますか	有類似的東西嗎？		似=に|たようなものはありますか
3	s	g	品揃えが豊富ですね	しなぞろえがほうふですね	商品種類很齊全呢		品=しな|揃=ぞろ|えが|豊=ほう|富=ふ|ですね
3	s	g	値上がりしましたね	ねあがりしましたね	漲價了呢		値=ね|上=あ|がりしましたね
2	h	g	ここは有名なお寺です	ここはゆうめいなおてらです	這是有名的寺廟		ここは|有=ゆう|名=めい|なお|寺=てら|です
2	h	g	富士山が見えます	ふじさんがみえます	看得見富士山		富=ふ|士=じ|山=さん|が|見=み|えます
3	h	g	旅程を組んでもらえますか	りょていをくんでもらえますか	可以幫我安排行程嗎？		旅=りょ|程=てい|を|組=く|んでもらえますか
3	h	g	ここは予約が必要ですか	ここはよやくがひつようですか	這裡需要預約嗎？		ここは|予=よ|約=やく|が|必=ひつ|要=よう|ですか
2	d	g	自転車で行きます	じてんしゃでいきます	我騎腳踏車去		自=じ|転=てん|車=しゃ|で|行=い|きます
2	d	g	駅まで迎えに来てもらえますか	えきまでむかえにきてもらえますか	可以來車站接我嗎？		駅=えき|まで|迎=むか|えに|来=き|てもらえますか
3	d	g	ここは駐車禁止です	ここはちゅうしゃきんしです	這裡禁止停車		ここは|駐=ちゅう|車=しゃ|禁=きん|止=し|です
3	d	g	方向音痴なんです	ほうこうおんちなんです	我是路痴		方=ほう|向=こう|音=おん|痴=ち|なんです
2	c	g	日本語で考えるようにしています	にほんごでかんがえるようにしています	我試著用日文思考		日本語=にほんご|で|考=かんが|えるようにしています
2	c	g	テストの点数が上がりました	テストのてんすうがあがりました	考試分數進步了		テストの|点=てん|数=すう|が|上=あ|がりました
3	c	g	うろ覚えです	うろおぼえです	記得不太清楚		うろ|覚=おぼ|えです
3	c	g	覚えたそばから忘れます	おぼえたそばからわすれます	一背完就忘		覚=おぼ|えたそばから|忘=わす|れます
2	w	g	今日は定時で帰ります	きょうはていじでかえります	今天準時下班		今日=きょう|は|定=てい|時=じ|で|帰=かえ|ります
2	w	g	会議の資料を印刷しておきます	かいぎのしりょうをいんさつしておきます	我先把會議資料印好		会=かい|議=ぎ|の|資=し|料=りょう|を|印=いん|刷=さつ|しておきます
3	w	g	現場の判断に任せます	げんばのはんだんにまかせます	交給現場判斷		現=げん|場=ば|の|判=はん|断=だん|に|任=まか|せます
3	w	g	根回しをしておきます	ねまわしをしておきます	我先私下疏通一下		根=ね|回=まわ|しをしておきます
2	m	g	気分がいいです	きぶんがいいです	心情很好		気=き|分=ぶん|がいいです
2	m	g	がんばります！		我會加油！		
3	m	g	ほっとしたら涙が出ました	ほっとしたらなみだがでました	一放鬆眼淚就掉下來了		ほっとしたら|涙=なみだ|が|出=で|ました
3	m	g	胸がすっとしました	むねがすっとしました	心裡痛快多了		胸=むね|がすっとしました
2	p	g	一緒に勉強しませんか	いっしょにべんきょうしませんか	要不要一起讀書？		一=いっ|緒=しょ|に|勉=べん|強=きょう|しませんか
2	p	g	どこか行きたいところある？	どこかいきたいところある？	有想去的地方嗎？		どこか|行=い|きたいところある？
3	p	g	ドライブに行きませんか	ドライブにいきませんか	要不要去兜風？		ドライブに|行=い|きませんか
2	e	g	すぐ来てください	すぐきてください	請馬上過來		すぐ|来=き|てください
2	e	g	動けません	うごけません	我動不了		動=うご|けません
3	e	g	足がつりました	あしがつりました	我腳抽筋了		足=あし|がつりました
2	t	g	ありがとう、うれしい		謝謝，好開心	syn0	
2	i	g	東京で働いています	とうきょうではたらいています	我在東京工作		東=とう|京=きょう|で|働=はたら|いています
3	i	g	日本語歴は五年です	にほんごれきはごねんです	我學日文五年了		日本語歴=にほんごれき|は|五=ご|年=ねん|です
3	a	g	ご丁寧なごあいさつ、恐れ入ります	ごていねいなごあいさつ、おそれいります	承蒙您客氣問候，不敢當		ご|丁=てい|寧=ねい|なごあいさつ、|恐=おそ|れ|入=い|ります
2	q	g	もちろん、いいよ		當然好啊	syn59	
3	q	g	それもそうですね、考え直します	それもそうですね、かんがえなおします	說得也是，我重新考慮		それもそうですね、|考=かんが|え|直=なお|します
2	k	g	ここを押してください	ここをおしてください	請按這裡		ここを|押=お|してください
2	k	g	もう一度説明してもらえますか	もういちどせつめいしてもらえますか	可以再說明一次嗎？	syn9	もう|一=いち|度=ど|説=せつ|明=めい|してもらえますか
3	k	g	ご了承ください	ごりょうしょうください	敬請諒解		ご|了=りょう|承=しょう|ください
2	o	g	それはおかしいと思います	それはおかしいとおもいます	我覺得那很奇怪	syn58	それはおかしいと|思=おも|います
3	o	g	理屈ではわかっています	りくつではわかっています	道理上我懂		理=り|屈=くつ|ではわかっています
2	r	g	大丈夫、なんとかなるよ	だいじょうぶ、なんとかなるよ	沒事，總會有辦法的	syn57	大=だい|丈=じょう|夫=ぶ|、なんとかなるよ
3	r	g	あなたは悪くないよ	あなたはわるくないよ	不是你的錯		あなたは|悪=わる|くないよ
2	b	g	疲れがたまっています	つかれがたまっています	累積了很多疲勞		疲=つか|れがたまっています
3	b	g	病院の予約を取りたいです	びょういんのよやくをとりたいです	我想預約掛號		病=びょう|院=いん|の|予=よ|約=やく|を|取=と|りたいです
2	n	g	切手は何円分必要ですか	きってはなんえんぶんひつようですか	需要多少錢的郵票？		切=きっ|手=て|は|何=なん|円=えん|分=ぶん|必=ひつ|要=よう|ですか
3	n	g	窓口が混んでいます	まどぐちがこんでいます	窗口很多人		窓=まど|口=ぐち|が|混=こ|んでいます
2	u	g	今日は家にいます	きょうはいえにいます	今天待在家		今日=きょう|は|家=いえ|にいます
3	u	g	お隣に回覧板を届けます	おとなりにかいらんばんをとどけます	我把傳閱板送到隔壁		お|隣=となり|に|回=かい|覧=らん|板=ばん|を|届=とど|けます
2	x	g	スマホを落としました	スマホをおとしました	我手機掉了	syn54	スマホを|落=お|としました
3	x	g	検索してみます	けんさくしてみます	我搜尋看看		検=けん|索=さく|してみます
2	j	g	スキーをしたことがありますか		你滑過雪嗎？		
3	j	g	一度やってみたかったんです	いちどやってみたかったんです	我一直想試一次		一=いち|度=ど|やってみたかったんです
2	z	g	雨上がりの空がきれいです	あめあがりのそらがきれいです	雨後的天空好美		雨=あめ|上=あ|がりの|空=そら|がきれいです
3	z	g	虹が出ています	にじがでています	出彩虹了		虹=にじ|が|出=で|ています
2	v	g	袋にお入れしますか	ふくろにおいれしますか	要幫您裝袋嗎？	syn56	袋=ふくろ|にお|入=い|れしますか
3	v	g	お品物はこちらです	おしなものはこちらです	這是您的商品		お|品=しな|物=もの|はこちらです
2	g	g	ご飯、おごるよ	ごはん、おごるよ	飯我請	syn55	ご|飯=はん|、おごるよ
3	g	g	気持ちを伝えたいです	きもちをつたえたいです	我想表達心意		気=き|持=も|ちを|伝=つた|えたいです
