1	g	g	ああ		啊；噢	
1	p	v	会う	あう	見面	meet see
1	d	n	青	あお	藍色	blue
1	d	i	青い	あおい	藍的	blue
1	d	n	赤	あか	紅色	red
1	d	i	赤い	あかい	紅的	red
1	d	i	明るい	あかるい	明亮；開朗	bright cheerful
1	w	n	秋	あき	秋天	fall
1	a	v	開く	あく	（門等）開	open become open
1	a	v	開ける	あける	打開	open
1	a	v	上げる	あげる	舉起；提高	raise lift
1	n	n	朝	あさ	早上	morning
1	f	n	朝御飯	あさごはん	早餐	breakfast
1	n	n	明後日	あさって	後天	day after tomorrow
1	b	n	足	あし	腳	foot leg
1	n	n	明日	あした	明天	tomorrow
1	t	n	あそこ		那裡	there there place
1	r	v	遊ぶ	あそぶ	玩	play spend time pleasantly
1	w	i	暖かい	あたたかい	溫暖	warm
1	b	n	頭	あたま	頭	head
1	d	i	新しい	あたらしい	新的	new
1	t	n	あちら		那邊（禮貌）	way
1	w	i	暑い	あつい	（天氣）熱	hot warm
1	d	i	熱い	あつい	（東西）燙	hot
1	d	i	厚い	あつい	厚的	kind warm thick deep
1	t	n	あっち		那邊	there
1	n	n	後	あと	之後	afterwards future rest since
1	p	n	あなた		你	you
1	p	n	兄	あに	（我的）哥哥	older brother
1	p	n	姉	あね	（我的）姊姊	older sister
1	h	n	アパート		公寓	apartment
1	k	k	あの		那個（遠處）	there like way
1	h	v	浴びる	あびる	淋浴；沐浴	bathe shower
1	d	i	危ない	あぶない	危險	dangerous critical
1	f	i	甘い	あまい	甜	generous sweet
1	k	k	余り	あまり	不太～；剩餘	not surplus
1	w	n	雨	あめ	雨	rain
1	f	n	飴	あめ	糖果	candy
1	h	v	洗う	あらう	洗	wash
1	a	v	在る	ある	（物）存在	have
1	a	v	有る	ある	有；擁有	have
1	a	v	歩く	あるく	走路	walk
1	k	k	あれ		那個（遠處的東西）	
1	d	i	いい		好	good
1	g	g	いいえ		不；不是	not all
1	a	v	言う	いう	說	say
1	h	n	家	いえ	房子；家	house home
1	k	k	いかが		如何（禮貌）	how what way
1	t	v	行く	いく	去	
1	n	n	いくつ		幾個；幾歲	how many how old
1	s	n	いくら		多少錢	how much how many
1	w	n	池	いけ	池塘	pond
1	b	n	医者	いしゃ	醫生	doctor physician
1	h	n	椅子	いす	椅子	chair
1	d	i	忙しい	いそがしい	忙碌	busy
1	b	i	痛い	いたい	痛	hurt painful sore
1	n	n	一	いち	一	
1	n	n	一日	いちにち	一天	day
1	k	k	一番	いちばん	最；第一	best first number
1	n	n	いつ		什麼時候	when
1	n	n	五日	いつか	五號；五天	five days fifth day
1	k	k	一緒	いっしょ	一起	together
1	n	n	五つ	いつつ	五個	five things
1	k	k	いつも		總是	always usually every time
1	w	n	犬	いぬ	狗	dog
1	n	n	今	いま	現在	now
1	e	n	意味	いみ	意思	meaning significance
1	p	n	妹	いもうと	妹妹	younger sister
1	m	n	嫌	いや	討厭；不願意	disagreeable detestable unpleasant
1	t	n	入口	いりぐち	入口	entrance
1	a	v	居る	いる	（人、動物）在	exist
1	a	v	要る	いる	需要	need
1	a	v	入れる	いれる	放入	put
1	d	n	色	いろ	顏色	color
1	d	n	色々	いろいろ	各式各樣	various
1	t	n	上	うえ	上面	above top
1	t	n	後ろ	うしろ	後面	back behind rear
1	d	i	薄い	うすい	薄；淡	thin weak
1	r	n	歌	うた	歌	song
1	r	v	歌う	うたう	唱歌	sing
1	h	n	うち		家；我們家	home house place
1	p	v	生まれる	うまれる	出生	born
1	w	n	海	うみ	海	sea beach
1	s	v	売る	うる	賣	sell
1	d	i	うるさい		吵鬧；煩人	noisy annoying
1	s	n	上着	うわぎ	外套	coat jacket
1	r	n	絵	え	畫	painting picture drawing
1	r	n	映画	えいが	電影	movie film
1	r	n	映画館	えいがかん	電影院	movie theater cinema
1	e	n	英語	えいご	英語	english
1	g	g	ええ		是的（口語）	yes
1	t	n	駅	えき	車站	station
1	h	n	エレベーター		電梯	elevator
1	s	n	円	えん	日圓	yen
1	e	n	鉛筆	えんぴつ	鉛筆	pencil
1	k	k	お		（美化語接頭詞）	honorable
1	f	i	美味しい	おいしい	好吃	delicious tasty
1	d	i	多い	おおい	多	many there are lot
1	d	i	大きい	おおきい	大	big large
1	d	n	大きな	おおきな	大的	big
1	p	n	大勢	おおぜい	很多人	great number people
1	p	n	お母さん	おかあさん	媽媽	mother
1	f	n	お菓子	おかし	點心；零食	confections sweets snack
1	s	n	お金	おかね	錢	money
1	a	v	起きる	おきる	起床；發生	get happen
1	a	v	置く	おく	放置	put lay place
1	p	n	奥さん	おくさん	（別人的）太太	wife
1	f	n	お酒	おさけ	酒	sake alcohol
1	f	n	お皿	おさら	盤子	plate dish
1	p	n	叔父さん	おじさん	叔叔；伯伯	uncle middle aged man
1	p	n	おじいさん		爺爺；老先生	grandfather male senior citizen
1	e	v	教える	おしえる	教；告訴	teach inform instruct
1	a	v	押す	おす	推；按	push press stamp
1	d	i	遅い	おそい	慢；晚	slow late
1	f	n	お茶	おちゃ	茶	tea
1	h	n	お手洗い	おてあらい	洗手間	toilet restroom bathroom
1	p	n	お父さん	おとうさん	爸爸	father
1	p	n	弟	おとうと	弟弟	younger brother
1	p	n	男	おとこ	男人	man male
1	p	n	男の子	おとこのこ	男孩	boy
1	n	n	一昨日	おととい	前天	day before yesterday
1	n	n	おととし		前年	year before last
1	p	n	大人	おとな	大人	adult
1	b	n	お腹	おなか	肚子	stomach
1	d	n	同じ	おなじ	相同	identical
1	p	n	お兄さん	おにいさん	哥哥（尊稱）	older brother
1	p	n	お姉さん	おねえさん	姊姊（尊稱）	older sister
1	p	n	伯母さん	おばさん	阿姨；伯母	aunt
1	p	n	おばあさん		奶奶；老太太	grandmother female senior citizen
1	h	n	お風呂	おふろ	浴室；洗澡	bath
1	f	n	お弁当	おべんとう	便當	boxed lunch
1	e	v	覚える	おぼえる	記住；學會	learn commit memory remember
1	c	n	おまわりさん		警察（親切稱呼）	policeman
1	d	i	重い	おもい	重；嚴重	heavy serious
1	m	i	面白い	おもしろい	有趣	interesting amusing
1	r	v	泳ぐ	およぐ	游泳	swim
1	t	v	降りる	おりる	下（車）	get
1	a	v	終る	おわる	結束	finish close
1	r	n	音楽	おんがく	音樂	music
1	p	n	女	おんな	女人	woman female
1	p	n	女の子	おんなのこ	女孩	girl
1	n	n	回	かい	～次	occurrences
1	t	n	階	かい	～樓	stories building
1	t	n	外国	がいこく	外國	foreign country abroad
1	p	n	外国人	がいこくじん	外國人	foreigner
1	j	n	会社	かいしゃ	公司	company corporation
1	h	n	階段	かいだん	樓梯	stairs
1	s	n	買い物	かいもの	購物	shopping
1	s	v	買う	かう	買	buy
1	a	v	返す	かえす	歸還	return
1	a	v	帰る	かえる	回去；回家	back home return
1	b	n	顔	かお	臉	face
1	a	n	かかる		花費（時間、金錢）	takes
1	h	n	鍵	かぎ	鑰匙；鎖	lock key
1	e	v	書く	かく	寫	write
1	e	n	学生	がくせい	學生	student
1	n	n	か月	かげつ	～個月	months
1	a	v	掛ける	かける	掛；戴（眼鏡）	put hang
1	a	v	かける		打（電話）；坐下	dial call sit down
1	h	n	傘	かさ	雨傘	umbrella parasol
1	a	v	貸す	かす	借出	lend
1	w	n	風	かぜ	風	wind breeze
1	b	n	風邪	かぜ	感冒	cold flu
1	p	n	方	かた	（「人」的敬稱）；～的方法	way doing
1	p	n	家族	かぞく	家人	family members family
1	e	n	片仮名	かたかな	片假名	katakana
1	n	n	月	がつ	～月	month year
1	e	n	学校	がっこう	學校	school
1	f	n	カップ		杯子	cup
1	p	n	家庭	かてい	家庭	home family
1	t	n	角	かど	角落	corner
1	s	n	かばん		包包	bag basket
1	h	n	花瓶	かびん	花瓶	vase
1	a	v	かぶる		戴（帽子）	wear put
1	e	n	紙	かみ	紙	paper
1	r	n	カメラ		相機	camera
1	n	n	火曜日	かようび	星期二	tuesday
1	f	i	辛い	からい	辣；鹹	hot spicy salty
1	b	n	体	からだ	身體	body health
1	a	v	借りる	かりる	借入	borrow owe
1	k	k	がる		覺得～（接尾）	feel
1	d	i	軽い	かるい	輕	light non serious minor
1	f	n	カレー		咖哩	curry
1	h	n	カレンダー		月曆	calendar
1	w	n	川	かわ	河川	river
1	t	n	側	がわ	～側；～邊	side
1	d	i	可愛い	かわいい	可愛	cute adorable
1	e	n	漢字	かんじ	漢字	kanji chinese character
1	w	n	木	き	樹；木頭	tree wood timber
1	d	n	黄色	きいろ	黃色	yellow
1	d	i	黄色い	きいろい	黃的	yellow
1	a	v	消える	きえる	消失；熄滅	vanish disappear
1	a	v	聞く	きく	聽；問	hear listen ask
1	t	n	北	きた	北方	north
1	r	n	ギター		吉他	guitar
1	d	i	汚い	きたない	髒	dirty unclean filthy
1	f	n	喫茶店	きっさてん	咖啡廳	caf
1	h	n	切手	きって	郵票	postal stamps
1	t	n	切符	きっぷ	車票	ticket
1	n	n	昨日	きのう	昨天	yesterday
1	n	n	九	きゅう	九	nine
1	f	n	牛肉	ぎゅうにく	牛肉	beef
1	f	n	牛乳	ぎゅうにゅう	牛奶	milk
1	n	n	今日	きょう	今天	today day
1	e	n	教室	きょうしつ	教室	classroom
1	p	n	兄弟	きょうだい	兄弟姊妹	siblings brothers sisters
1	n	n	去年	きょねん	去年	last year
1	m	n	嫌い	きらい	討厭	dislike
1	a	v	切る	きる	切；掛斷（電話）	cut hang
1	a	v	着る	きる	穿（上衣）	put wear
1	d	n	綺麗	きれい	漂亮；乾淨	pretty clean tidy
1	n	n	キロ		公斤；公里	kilo
1	s	n	銀行	ぎんこう	銀行	bank
1	n	n	金曜日	きんようび	星期五	friday
1	n	n	九	く	九（另一讀法）	nine
1	b	n	薬	くすり	藥	medicine
1	g	g	下さい	ください	請給我～；請～	please
1	f	n	果物	くだもの	水果	fruit
1	b	n	口	くち	嘴巴	job opening mouth
1	s	n	靴	くつ	鞋子	shoes footwear
1	s	n	靴下	くつした	襪子	socks
1	c	n	国	くに	國家	country place origin
1	w	n	曇り	くもり	陰天	cloudiness cloudy weather
1	w	v	曇る	くもる	變陰；變模糊	become cloudy become dim
1	d	i	暗い	くらい	暗	dark gloomy
1	k	k	くらい		大約～	approximate
1	e	n	クラス		班級	class
1	n	n	グラム		公克	gram
1	a	v	来る	くる	來	come
1	t	n	車	くるま	汽車	car vehicle
1	d	n	黒	くろ	黑色	black
1	d	i	黒い	くろい	黑的	black dark
1	c	n	警官	けいかん	警察	police officer
1	n	n	今朝	けさ	今天早上	morning
1	a	v	消す	けす	擦掉；關掉	erase delete turn power
1	k	k	結構	けっこう	很好；足夠	splendid enough tolerably
1	p	n	結婚	けっこん	結婚	marriage
1	n	n	月曜日	げつようび	星期一	monday
1	h	n	玄関	げんかん	玄關	entrance
1	b	n	元気	げんき	有精神；健康	health energetic
1	n	n	個	こ	～個	small items
1	n	n	五	ご	五	five
1	e	n	語	ご	～語；詞	language
1	r	n	公園	こうえん	公園	park
1	t	n	交差点	こうさてん	十字路口	intersection
1	f	n	紅茶	こうちゃ	紅茶	black tea
1	c	n	交番	こうばん	派出所	police box
1	b	n	声	こえ	聲音（人聲）	voice
1	s	n	コート		大衣；球場	coat court
1	f	n	コーヒー		咖啡	coffee
1	t	n	ここ		這裡	here place
1	n	n	午後	ごご	下午	afternoon
1	n	n	九日	ここのか	九號；九天	nine days ninth day
1	n	n	九つ	ここのつ	九個	nine things
1	n	n	午前	ごぜん	上午	morning
1	e	v	答える	こたえる	回答	answer reply
1	t	n	こちら		這位；這邊（禮貌）	person way
1	t	n	こっち		這邊	person direction side
1	f	n	コップ		玻璃杯	tumbler glass
1	n	n	今年	ことし	今年	year
1	e	n	言葉	ことば	語言；話語	language
1	p	n	子供	こども	小孩	child
1	k	k	この		這個（＋名詞）	
1	f	n	御飯	ごはん	飯；餐	rice meal
1	j	v	コピーする		影印	copy
1	m	v	困る	こまる	困擾	bothered have difficulty
1	k	k	これ		這個	
1	n	n	ころ		～左右（時間）	about toward approximately
1	n	n	今月	こんげつ	這個月	month
1	n	n	今週	こんしゅう	這星期	week
1	k	k	こんな		這樣的	such like
1	n	n	今晩	こんばん	今晚	tonight evening
1	g	g	さあ		來吧；這個嘛	come now well
1	n	n	歳	さい	～歲	years old
1	s	n	財布	さいふ	錢包	wallet
1	f	n	魚	さかな	魚	fish
1	t	n	先	さき	前方；先	future recent previous
1	w	v	咲く	さく	開花	bloom
1	e	n	作文	さくぶん	作文	essay composition
1	a	v	差す	さす	撐（傘）	raise hands raise
1	n	n	冊	さつ	～本（書）	books
1	r	n	雑誌	ざっし	雜誌	magazine journal
1	f	n	砂糖	さとう	砂糖	sugar
1	w	i	寒い	さむい	（天氣）冷	cold
1	n	n	さ来年	さらいねん	後年	year after next
1	p	n	さん		～先生／小姐	
1	n	n	三	さん	三	three
1	r	n	散歩	さんぽ	散步	walk stroll
1	n	n	四	し	四	four
1	n	n	時	じ	～點（時間）	clock
1	f	n	塩	しお	鹽	salt
1	k	k	しかし		但是	however but
1	n	n	時間	じかん	時間	time
1	j	n	仕事	しごと	工作	work job occupation employment
1	e	n	辞書	じしょ	字典	dictionary
1	d	n	静か	しずか	安靜	quiet calm
1	t	n	下	した	下面	under below beneath
1	n	n	七	しち	七	seven
1	e	n	質問	しつもん	提問	question inquiry
1	t	n	自転車	じてんしゃ	腳踏車	bicycle
1	t	n	自動車	じどうしゃ	汽車（正式）	automobile
1	b	v	死ぬ	しぬ	死	die
1	e	n	字引	じびき	字典（舊稱）	dictionary
1	p	n	自分	じぶん	自己	myself oneself
1	a	v	閉まる	しまる	（門等）關上	close closed
1	a	v	閉める	しめる	關閉	close shut
1	a	v	締める	しめる	繫緊	tie fasten tighten
1	g	g	じゃ		那麼（口語）	well well then
1	r	n	写真	しゃしん	照片	picture photograph
1	s	n	シャツ		襯衫	shirt
1	h	n	シャワー		淋浴	shower
1	n	n	十	じゅう	十	ten
1	n	n	中	じゅう	～期間；整個～	during while
1	n	n	週間	しゅうかん	～週	weeks
1	e	n	授業	じゅぎょう	上課	class
1	e	n	宿題	しゅくだい	作業	homework
1	d	n	上手	じょうず	擅長	good skillful
1	d	n	丈夫	じょうぶ	堅固；健壯	strong solid durable
1	f	n	醤油	しょうゆ	醬油	soy sauce
1	f	n	食堂	しょくどう	食堂；餐廳	cafeteria dining hall
1	a	v	知る	しる	知道	know understand
1	d	n	白	しろ	白色	white
1	d	i	白い	しろい	白的	white
1	p	n	人	じん	～人（國籍）	people
1	r	n	新聞	しんぶん	報紙	newspaper
1	n	n	水曜日	すいようび	星期三	wednesday
1	a	v	吸う	すう	吸	breathe suck
1	s	n	スカート		裙子	skirt
1	m	n	好き	すき	喜歡	liking fondness love
1	k	k	すぎ		過了～；太～	past exceed too much
1	d	i	少ない	すくない	少	little few
1	k	k	すぐに		馬上	immediately soon
1	k	k	少し	すこし	一點點	little few
1	w	i	涼しい	すずしい	涼爽	cool refreshing
1	k	k	ずつ		各～；每次～	time
1	h	n	ストーブ		暖爐	heater
1	f	n	スプーン		湯匙	spoon
1	r	n	スポーツ		運動	sport
1	s	n	ズボン		褲子	trousers
1	h	v	住む	すむ	居住	reside live
1	a	v	する		做	try wear small items
1	a	v	座る	すわる	坐	sit
1	b	n	背	せい	身高	height stature
1	e	n	生徒	せいと	學生（中小學）	student pupil
1	s	n	セーター		毛衣	sweater
1	h	n	石鹸	せっけん	肥皂	soap
1	s	n	背広	せびろ	西裝	men suit
1	d	i	狭い	せまい	狹窄	narrow not spacious
1	n	n	ゼロ		零	zero
1	n	n	千	せん	千	thousand
1	n	n	先月	せんげつ	上個月	last month
1	n	n	先週	せんしゅう	上週	last week
1	e	n	先生	せんせい	老師	teacher professor master doctor
1	h	n	洗濯	せんたく	洗衣服	washing laundry
1	k	k	全部	ぜんぶ	全部	all entire whole
1	g	g	そう		是那樣	yes appears case
1	h	n	掃除	そうじ	打掃	cleaning sweeping
1	k	k	そうして		然後；那樣	like
1	t	n	そこ		那裡；底部	place there bottom sole
1	t	n	そちら		那邊（禮貌）	there
1	t	n	そっち		那邊（口語）	there
1	t	n	外	そと	外面	outside exterior
1	k	k	その		那個（＋名詞）	
1	t	n	そば		旁邊；蕎麥麵	near close beside japanese
1	w	n	空	そら	天空	sky
1	k	k	それ		那個	
1	k	k	それから		然後	then after
1	k	k	それでは		那麼	situation well then
1	n	n	台	だい	～台；～輛	vehicles machines
1	e	n	大学	だいがく	大學	college university
1	c	n	大使館	たいしかん	大使館	embassy
1	g	g	大丈夫	だいじょうぶ	沒問題	need worry everything under
1	m	n	大好き	だいすき	非常喜歡	like able like much
1	d	n	大切	たいせつ	重要	important
1	h	n	台所	だいどころ	廚房	kitchen
1	d	n	大変	たいへん	非常；辛苦	difficult hard
1	d	i	高い	たかい	高；貴	tall high expensive
1	k	k	だけ		只有～	only just
1	k	k	沢山	たくさん	很多	many much
1	t	n	タクシー		計程車	taxi
1	a	v	出す	だす	拿出；交出	take hand
1	p	n	たち		～們	plural suffix
1	a	v	立つ	たつ	站立	stand
1	d	n	たて		縱；長度	length height
1	t	n	建物	たてもの	建築物	building
1	m	i	楽しい	たのしい	快樂	enjoyable fun
1	a	v	頼む	たのむ	拜託	request ask
1	h	n	たばこ		香菸	tobacco cigarettes
1	k	k	多分	たぶん	大概	perhaps probably maybe
1	f	n	食べ物	たべもの	食物	food
1	f	v	食べる	たべる	吃	eat
1	f	n	卵	たまご	蛋	egg
1	p	n	誰	だれ	誰	who
1	p	n	誰か	だれか	某人	
1	p	n	誕生日	たんじょうび	生日	birthday
1	k	k	段々	だんだん	漸漸	gradually degrees
1	d	i	小さい	ちいさい	小	small little
1	d	n	小さな	ちいさな	小的	small little
1	t	i	近い	ちかい	近	near close short
1	a	v	違う	ちがう	不同；錯	different differ wrong
1	t	n	近く	ちかく	附近	nearby neighborhood
1	t	n	地下鉄	ちかてつ	地鐵	underground train subway
1	t	n	地図	ちず	地圖	map
1	p	n	父	ちち	（我的）父親	father
1	d	n	茶色	ちゃいろ	咖啡色	brown
1	f	n	茶碗	ちゃわん	飯碗	rice bowl
1	k	k	中	ちゅう	正在～中	during while ing
1	k	k	丁度	ちょうど	剛好	just right exactly
1	k	k	ちょっと		一下；稍微	little somewhat just little
1	n	n	一日	ついたち	一號（每月）	day first day month
1	a	v	使う	つかう	使用	
1	b	v	疲れる	つかれる	疲累	get tired become fatigued
1	n	n	次	つぎ	下一個	next
1	t	v	着く	つく	抵達	arrive reach
1	e	n	机	つくえ	書桌	desk
1	a	v	作る	つくる	製作	create
1	a	v	つける		打開（電燈）	turn take
1	j	v	勤める	つとめる	任職	work
1	m	i	つまらない		無聊	boring dull insignificant
1	d	i	冷たい	つめたい	冰冷；冷淡	cold
1	d	i	強い	つよい	強	strong powerful
1	b	n	手	て	手	hand
1	h	n	テープ		膠帶；錄音帶	tape
1	h	n	テープレコーダー		錄音機	tape recorder
1	h	n	テーブル		桌子	table
1	a	v	出かける	でかける	出門	depart
1	h	n	手紙	てがみ	信	letter
1	a	v	できる		能夠；完成	able
1	t	n	出口	でぐち	出口	exit
1	e	n	テスト		測驗	test
1	k	k	では		那麼（正式）	then well
1	s	n	デパート		百貨公司	department store
1	k	k	でも		可是	but however
1	a	v	出る	でる	出去；出現	appear leave
1	h	n	テレビ		電視	television
1	w	n	天気	てんき	天氣	weather
1	h	n	電気	でんき	電；電燈	electricity light
1	t	n	電車	でんしゃ	電車	electric train
1	h	n	電話	でんわ	電話	telephone
1	h	n	戸	と	門（日式）	door
1	n	n	度	ど	～次；～度	occurrences degree point
1	h	n	ドア		門	door
1	h	n	トイレ		廁所	bathroom toilet
1	k	k	どう		怎麼樣	how what way
1	k	k	どうして		為什麼	why what reason
1	g	g	どうぞ		請	please kindly all means
1	w	n	動物	どうぶつ	動物	animal
1	g	g	どうも		謝謝；總覺得	thank you somehow matter
1	n	n	十	とお	十（個）	ten
1	t	i	遠い	とおい	遠	far distant
1	n	n	十日	とおか	十號；十天	ten days tenth day
1	n	n	時	とき	～的時候	time
1	k	k	時々	ときどき	有時候	sometimes
1	h	n	時計	とけい	時鐘；手錶	watch clock
1	t	n	どこ		哪裡	where what place
1	t	n	所	ところ	地方	place
1	n	n	年	とし	年；年紀	year age
1	e	n	図書館	としょかん	圖書館	library
1	k	k	どちら		哪一邊（禮貌）	which where
1	k	k	どっち		哪一個（口語）	which which way
1	k	k	とても		非常	greatly exceedingly
1	p	n	どなた		哪位	who
1	t	n	隣	となり	隔壁	next next door
1	k	k	どの		哪個（＋名詞）	which
1	a	v	飛ぶ	とぶ	飛	fly hop
1	t	v	止まる	とまる	停下	come halt
1	p	n	友達	ともだち	朋友	friend
1	n	n	土曜日	どようび	星期六	saturday
1	w	n	鳥	とり	鳥；雞	chicken
1	f	n	鶏肉	とりにく	雞肉	chicken meat
1	a	v	取る	とる	拿；取得	take get
1	r	v	撮る	とる	拍（照）	take
1	k	k	どれ		哪一個	which
1	k	k	どんな		什麼樣的	what what kind
1	k	k	ない		沒有	there isn doesn have
1	f	n	ナイフ		刀子	knife
1	t	n	中	なか	裡面	inside middle among
1	d	i	長い	ながい	長	long lengthy
1	w	v	鳴く	なく	（動物）叫	sound
1	a	v	無くす	なくす	弄丟	lose
1	k	k	なぜ		為何	why
1	w	n	夏	なつ	夏天	summer
1	r	n	夏休み	なつやすみ	暑假	summer vacation
1	k	k	など		～等等	cetera
1	n	n	七つ	ななつ	七個	seven things
1	k	k	何	なん	什麼	what
1	n	n	七日	なのか	七號；七天	seven days seventh day
1	p	n	名前	なまえ	名字	name
1	e	v	習う	ならう	學習（向人學）	learn
1	a	v	並ぶ	ならぶ	排隊	line stand line
1	a	v	並べる	ならべる	排列	put side side line
1	a	v	なる		變成	become
1	n	n	二	に	二	two
1	d	n	にぎやか		熱鬧	bustling busy
1	f	n	肉	にく	肉	meat
1	t	n	西	にし	西方	west
1	n	n	日	にち	～日；～天	day month days
1	n	n	日曜日	にちようび	星期日	sunday
1	r	n	荷物	にもつ	行李	luggage baggage
1	c	n	ニュース		新聞	news
1	h	n	庭	にわ	庭院	garden
1	n	n	人	にん	～人（計數）	people
1	a	v	脱ぐ	ぬぐ	脫（衣服）	take
1	d	i	温い	ぬるい	溫的（不夠熱）	lukewarm
1	s	n	ネクタイ		領帶	tie necktie
1	w	n	猫	ねこ	貓	cat
1	h	v	寝る	ねる	睡覺	sleep sleep bed
1	n	n	年	ねん	～年	years
1	e	n	ノート		筆記本	notebook
1	r	v	登る	のぼる	攀登	climb
1	f	n	飲み物	のみもの	飲料	drink beverage
1	f	v	飲む	のむ	喝	drink
1	t	v	乗る	のる	搭乘	get ride board
1	b	n	歯	は	牙齒	tooth
1	r	n	パーティー		派對	party
1	g	g	はい		是	yes
1	n	n	杯	はい	～杯	cupfuls
1	h	n	灰皿	はいざら	菸灰缸	ashtray
1	a	v	入る	はいる	進入	enter contain hold
1	h	n	葉書	はがき	明信片	postcard
1	a	v	はく		穿（褲、鞋）	put
1	h	n	箱	はこ	箱子	box
1	t	n	橋	はし	橋	bridge
1	f	n	箸	はし	筷子	chopsticks
1	a	n	始まる	はじまる	開始（自動）	begins
1	n	n	初め	はじめ	開頭	beginning start
1	k	k	初めて	はじめて	第一次	first time
1	a	v	走る	はしる	跑	run
1	t	n	バス		公車	bus bath bass
1	f	n	バター		奶油	butter
1	n	n	二十歳	はたち	二十歲	years old
1	j	v	働く	はたらく	工作；勞動	work
1	n	n	八	はち	八	eight
1	n	n	二十日	はつか	二十號；二十天	twenty days twentieth
1	w	n	花	はな	花	flower
1	b	n	鼻	はな	鼻子	nose
1	e	n	話	はなし	話；故事	talk story
1	a	v	話す	はなす	說話	speak
1	p	n	母	はは	（我的）母親	mother
1	d	i	早い	はやい	早	early
1	d	i	速い	はやい	快	fast quick
1	w	n	春	はる	春天	spring
1	a	v	貼る	はる	貼	post paste attach
1	w	n	晴れ	はれ	晴天	clear weather
1	w	v	晴れる	はれる	放晴	sunny
1	n	n	半	はん	半；～點半	half
1	n	n	晩	ばん	晚上	evening
1	n	n	番	ばん	第～號；輪班	best
1	f	n	パン		麵包	bread
1	s	n	ハンカチ		手帕	handkerchief
1	n	n	番号	ばんごう	號碼	number series digits
1	f	n	晩御飯	ばんごはん	晚餐	dinner evening meal
1	n	n	半分	はんぶん	一半	half
1	t	n	東	ひがし	東方	east
1	n	n	匹	ひき	～隻（小動物）	small animals
1	a	v	引く	ひく	拉；減	pull draw subtract
1	r	v	弾く	ひく	彈奏	play
1	d	i	低い	ひくい	低；矮	short low
1	t	n	飛行機	ひこうき	飛機	airplane
1	t	n	左	ひだり	左邊	left hand side
1	p	n	人	ひと	人	man person
1	n	n	一つ	ひとつ	一個	thing
1	n	n	一月	ひとつき	一個月	month
1	p	n	一人	ひとり	一個人	person
1	r	n	暇	ひま	空閒	free time leisure
1	n	n	百	ひゃく	百	hundred
1	b	n	病院	びょういん	醫院	hospital
1	b	n	病気	びょうき	生病	illness sickness
1	e	n	平仮名	ひらがな	平假名	hiragana
1	n	n	昼	ひる	中午；白天	noon daytime
1	f	n	昼御飯	ひるごはん	午餐	lunch midday meal
1	d	i	広い	ひろい	寬廣	spacious wide broad
1	r	n	フィルム		底片	film
1	h	n	封筒	ふうとう	信封	envelope
1	r	n	プール		游泳池	swimming pool
1	f	n	フォーク		叉子	fork
1	w	v	吹く	ふく	吹	blow
1	s	n	服	ふく	衣服	clothes
1	n	n	二つ	ふたつ	兩個	two things
1	f	n	豚肉	ぶたにく	豬肉	pork
1	p	n	二人	ふたり	兩個人	two people
1	n	n	二日	ふつか	二號；兩天	two days second day
1	d	i	太い	ふとい	粗	fat thick
1	w	n	冬	ふゆ	冬天	winter
1	w	v	降る	ふる	（雨、雪）下	precipitate fall
1	d	i	古い	ふるい	舊	old aged ancient
1	n	n	分	ふん	～分鐘	minutes
1	e	n	文章	ぶんしょう	文章	sentence text
1	e	n	ページ		頁	page
1	d	n	下手	へた	不擅長	unskillful poor
1	h	n	ベッド		床	bed
1	w	n	ペット		寵物	pet
1	h	n	部屋	へや	房間	room
1	t	n	辺	へん	一帶	area vicinity
1	e	n	ペン		筆	pen
1	e	n	勉強	べんきょう	讀書；學習	study
1	d	n	便利	べんり	方便	convenient handy
1	s	n	帽子	ぼうし	帽子	hat cap
1	e	n	ボールペン		原子筆	ball point pen
1	k	k	外	ほか	其他	other rest
1	s	n	ポケット		口袋	pocket
1	m	v	欲しい	ほしい	想要	want need
1	h	n	ポスト		郵筒	mailbox post position
1	d	i	細い	ほそい	細	thin slender fine
1	h	n	ボタン		按鈕；鈕扣	button
1	r	n	ホテル		飯店	hotel
1	e	n	本	ほん	書	book
1	h	n	本棚	ほんだな	書架	bookshelf
1	k	k	本当	ほんとう	真的	real true
1	n	n	枚	まい	～張；～件	flat things
1	n	n	毎朝	まいあさ	每天早上	every morning
1	n	n	毎月	まいげつ	每個月	every month monthly
1	n	n	毎週	まいしゅう	每週	every week
1	n	n	毎日	まいにち	每天	every day
1	n	n	毎年	まいねん	每年	every year yearly annually
1	n	n	毎晩	まいばん	每晚	every night
1	t	n	前	まえ	前面；以前	before front
1	t	v	曲る	まがる	轉彎	turn bend
1	f	i	まずい		難吃	terrible unappetizing unpleasant
1	k	k	また		又；另外	furthermore
1	k	k	まだ		還；尚未	yet still besides
1	t	n	町	まち	城鎮	town city
1	a	v	待つ	まつ	等待	wait
1	t	n	まっすぐ		直直地	straight direct
1	h	n	マッチ		火柴	match
1	h	n	窓	まど	窗戶	window
1	d	i	丸い	まるい	圓的	round circular
1	n	n	万	まん	萬	ten thousand
1	e	n	万年筆	まんねんひつ	鋼筆	fountain pen
1	h	v	磨く	みがく	刷（牙）；磨亮	brush polish
1	t	n	右	みぎ	右邊	right hand side
1	d	i	短い	みじかい	短	short
1	f	n	水	みず	水	water
1	s	n	店	みせ	店	store shop
1	a	v	見せる	みせる	給～看	show display
1	t	n	道	みち	道路	road street way directions
1	n	n	三日	みっか	三號；三天	three days third day
1	n	n	三つ	みっつ	三個	three things
1	d	n	緑	みどり	綠色	green
1	p	n	皆さん	みなさん	各位	all you everyone
1	t	n	南	みなみ	南方	south
1	b	n	耳	みみ	耳朵	ear
1	a	v	見る	みる	看	see look
1	p	n	みんな		大家	all everyone everybody
1	n	n	六日	むいか	六號；六天	six days sixth day
1	t	n	向こう	むこう	對面	beyond there
1	d	i	難しい	むずかしい	難	difficult
1	n	n	六つ	むっつ	六個	six things
1	t	n	村	むら	村莊	village
1	b	n	目	め	眼睛	eye
1	n	n	メートル		公尺	meter
1	s	n	眼鏡	めがね	眼鏡	eye glasses
1	k	k	もう		已經；再	already again more
1	n	n	木曜日	もくようび	星期四	thursday
1	g	g	もしもし		喂（電話）	hello
1	a	v	持つ	もつ	拿；持有	hold carry possess
1	k	k	もっと		更	more
1	o	n	物	もの	東西	thing
1	h	n	門	もん	大門	gate
1	e	n	問題	もんだい	問題	problem
1	s	n	屋	や	～店	shop
1	s	n	八百屋	やおや	蔬果店	greengrocer
1	f	n	野菜	やさい	蔬菜	vegetable
1	d	i	易しい	やさしい	容易	easy plain simple
1	s	i	安い	やすい	便宜	inexpensive cheap
1	r	n	休み	やすみ	休假	holiday day absence
1	a	v	休む	やすむ	休息	rest have break get
1	n	n	八つ	やっつ	八個	eight things
1	w	n	山	やま	山	mountain
1	a	v	やる		做；給（下對上以外）	give
1	n	n	夕方	ゆうがた	傍晚	late afternoon evening
1	f	n	夕飯	ゆうはん	晚飯	dinner supper evening meal
1	t	n	郵便局	ゆうびんきょく	郵局	post office
1	n	n	昨夜	ゆうべ	昨晚	last night
1	d	n	有名	ゆうめい	有名	famous
1	w	n	雪	ゆき	雪	snow
1	k	k	ゆっくりと		慢慢地	slowly ease
1	n	n	八日	ようか	八號；八天	eight days eighth day
1	s	n	洋服	ようふく	西服	western style clothes
1	k	k	よく		經常；好好地	frequently often well skillfully
1	t	n	横	よこ	旁邊；橫	beside side width
1	n	n	四日	よっか	四號；四天	four days fourth day
1	n	n	四つ	よっつ	四個	four things
1	a	v	呼ぶ	よぶ	叫；邀請	call invite
1	e	v	読む	よむ	讀	read
1	n	n	夜	よる	夜晚	evening night
1	d	i	弱い	よわい	弱	weak
1	n	n	来月	らいげつ	下個月	next month
1	n	n	来週	らいしゅう	下週	next week
1	n	n	来年	らいねん	明年	next year
1	h	n	ラジオ		收音機	radio
1	h	n	ラジオカセ		收錄音機	radio cassette player
1	d	n	りっぱ		出色	splendid fine
1	e	n	留学生	りゅうがくせい	留學生	international student
1	p	n	両親	りょうしん	雙親	parents
1	f	n	料理	りょうり	料理；做菜	cooking cuisine
1	r	n	旅行	りょこう	旅行	travel trip
1	n	n	零	れい	零（正式）	zero nought
1	h	n	冷蔵庫	れいぞうこ	冰箱	refrigerator
1	r	n	レコード		唱片；紀錄	record
1	f	n	レストラン		餐廳	restaurant
1	e	n	練習	れんしゅう	練習	practice
1	h	n	廊下	ろうか	走廊	corridor
1	n	n	六	ろく	六	six
1	s	n	ワイシャツ		白襯衫	shirt business shirt
1	d	i	若い	わかい	年輕	young
1	a	v	分かる	わかる	明白	understand
1	a	v	忘れる	わすれる	忘記	forget
1	p	n	私	わたし	我	myself
1	p	n	私	わたくし	我（正式）	myself private affairs
1	a	v	渡す	わたす	交給；渡過	hand get across
1	t	v	渡る	わたる	穿越	cross across
1	d	i	悪い	わるい	壞；不好	bad sinful inferior
2	a	v	踏む	ふむ	踩	step tread
2	t	n	区	く	～區	district ward borough
2	k	k	すっと		迅速地；筆直地	straight quickly
2	c	v	盗む	ぬすむ	偷	steal rob
2	k	k	大抵	たいてい	大致；通常	generally usually
2	k	k	とうとう		終於	finally last
2	t	n	ガソリン		汽油	gasoline petrol
2	a	v	鳴る	なる	響	sound ring
2	k	k	しっかり		牢固地；可靠	firmly steady
2	b	v	生きる	いきる	活著	live
2	f	i	苦い	にがい	苦	bitter
2	f	v	沸く	わく	沸騰	boil grow hot
2	o	n	意見	いけん	意見	opinion view idea
2	k	k	やはり		果然	thought absolutely
2	r	n	漫画	まんが	漫畫	comic cartoon
2	h	n	ステレオ		音響	stereo
2	b	n	医学	いがく	醫學	medical science
2	e	n	テキスト		教科書	text text book
2	w	n	月	つき	月亮；月	month
2	a	v	折る	おる	折斷；折	snap break bend
2	r	n	会	かい	～會（聚會）	meeting
2	g	v	うかがう		請教；拜訪（謙讓）	ask
2	a	v	聞こえる	きこえる	聽得見	heard audible
2	p	n	僕	ぼく	我（男性用）	
2	k	k	必ず	かならず	一定	surely certainly
2	a	v	壊す	こわす	弄壞	break break down
2	m	v	怒る	おこる	生氣	get angry scold angrily
2	s	n	床屋	とこや	理髮店	barber
2	t	n	オートバイ		摩托車	motorcycle
2	r	n	運動	うんどう	運動	exercise
2	w	v	止む	やむ	（雨等）停	cease stop
2	k	k	もし		如果	
2	o	n	表	おもて	表面；正面	surface front outside
2	e	n	大学生	だいがくせい	大學生	college student university student
2	j	n	運転手	うんてんしゅ	司機	driver
2	e	n	予習	よしゅう	預習	preparation lessons
2	m	n	心配	しんぱい	擔心	worry concern
2	k	k	別	べつ	另外；區別	distinction different
2	k	k	非常に	ひじょうに	非常地	extremely
2	h	n	お宅	おたく	府上	house home
2	d	i	柔らかい	やわらかい	柔軟	soft tender
2	a	v	拾う	ひろう	撿	pick find
2	g	v	ございます		有；是（禮貌）	exist
2	m	n	気	き	心情；精神	spirit mood
2	a	v	比べる	くらべる	比較	compare
2	k	k	ほとんど		幾乎	mostly almost
2	o	n	つもり		打算	intention plan
2	t	n	郊外	こうがい	郊區	suburb outskirts
2	k	k	だめ		不行	useless good hopeless
2	s	n	売り場	うりば	賣場	place where things are
2	n	n	正月	しょうがつ	新年	new year new year
2	c	n	規則	きそく	規則	rule regulation
2	g	g	うん		嗯	yes all right
2	e	n	発音	はつおん	發音	pronunciation
2	f	v	焼く	やく	烤	bake grill
2	h	n	屋上	おくじょう	屋頂	rooftop
2	g	g	失礼	しつれい	失禮；不好意思	discourtesy impoliteness excuse
2	h	n	ごみ		垃圾	trash garbage
2	t	n	アフリカ		非洲	africa
2	e	n	点	てん	分數；點	mark score grade point
2	k	k	一生懸命	いっしょうけんめい	拚命	hard utmost effort
2	n	n	今度	こんど	這次；下次	now time near future
2	o	n	機会	きかい	機會	chance opportunity
2	a	v	建てる	たてる	建造	build
2	d	n	複雑	ふくざつ	複雜	complexity complication
2	p	n	彼	かれ	他；男朋友	boyfriend
2	g	g	いらっしゃる		在；來；去（尊敬）	
2	h	n	布団	ふとん	被褥	futon
2	d	n	大事	だいじ	重要；保重	important valuable serious matter
2	s	n	贈り物	おくりもの	禮物	gift present
2	c	n	泥棒	どろぼう	小偷	thief burglar
2	x	n	製	せい	～製	
2	o	n	注意	ちゅうい	注意	caution attention
2	w	n	台風	たいふう	颱風	typhoon
2	w	n	日	ひ	太陽；日子	sun sunshine day
2	n	n	軒	けん	～間（房子）	houses
2	t	v	通る	とおる	通過	pass through
2	a	v	過ぎる	すぎる	超過	exceed beyond
2	e	n	レポート		報告	report
2	w	n	葉	は	葉子	leaf
2	d	n	必要	ひつよう	必要	necessary
2	j	n	課長	かちょう	課長	section manager
2	w	n	地震	じしん	地震	earthquake
2	k	k	すると		於是	then
2	a	v	止める	やめる	停止；放棄	end stop
2	h	n	ガラス		玻璃	glass pane
2	e	n	学部	がくぶ	學院；系	department university
2	d	i	厳しい	きびしい	嚴格；嚴峻	hard rigorous strict
2	t	n	エスカレーター		手扶梯	escalator
2	c	n	人口	じんこう	人口	population
2	s	n	絹	きぬ	絲綢	silk
2	k	k	ちっとも		一點也不	not all
2	d	i	深い	ふかい	深	deep profound
2	a	v	壊れる	こわれる	壞掉	broken break
2	a	v	揺れる	ゆれる	搖晃	shake sway
2	a	v	落る	おちる	掉落	fall drop
2	k	k	できるだけ		盡可能	all possible much possible
2	m	i	悲しい	かなしい	悲傷	sad sorrowful
2	e	n	中学校	ちゅうがっこう	國中	junior high school pupil
2	h	n	ガス		瓦斯	gas
2	o	v	祈る	いのる	祈禱	pray wish
2	d	n	盛ん	さかん	興盛	prosperous active thriving
2	j	n	アルバイト		打工	part time job
2	a	v	起こす	おこす	叫醒；引起	wake
2	g	g	致す	いたす	做（謙讓）	extra modest
2	f	v	噛む	かむ	咬；嚼	bite chew
2	p	n	赤ちゃん	あかちゃん	嬰兒	baby infant
2	d	i	浅い	あさい	淺	shallow superficial
2	o	n	うそ		謊言	lie
2	r	n	小説	しょうせつ	小說	novel
2	p	n	親	おや	父母	parent
2	k	k	それに		而且	moreover besides
2	c	n	西洋	せいよう	西洋	west western countries
2	a	v	思う	おもう	想；認為	think feel
2	j	n	パート		兼職	part time
2	n	n	時代	じだい	時代	age period epoch era
2	g	v	申し上げる	もうしあげる	說（謙讓）	say tell
2	o	n	式	しき	～典禮；～式	ceremony style
2	j	n	出席	しゅっせき	出席	attendance
2	p	n	家	か	～家（專家）	person who specialized
2	a	v	迎える	むかえる	迎接	welcome meet greet
2	a	v	触る	さわる	觸摸	touch feel
2	h	n	建て	だて	～層樓（建築）	storied separate housing
2	j	n	社長	しゃちょう	社長	president company
2	r	n	動物園	どうぶつえん	動物園	zoo
2	a	v	捕まえる	つかまえる	抓住	catch arrest
2	w	n	季節	きせつ	季節	season
2	t	v	寄る	よる	順路去	stop
2	a	v	決まる	きまる	決定（自動）	set fixed
2	a	v	開く	ひらく	打開；舉辦	open hold
2	a	v	逃げる	にげる	逃跑	escape run away
2	k	k	だから		所以	therefore
2	m	n	残念	ざんねん	可惜；遺憾	regret regrettable
2	h	n	畳	たたみ	榻榻米	tatami mat
2	d	n	丁寧	ていねい	有禮貌；仔細	courteous careful
2	e	n	地理	ちり	地理	geography
2	n	n	さっき		剛才	little while ago
2	m	i	怖い	こわい	可怕	scary frightening
2	a	v	包む	つつむ	包；裹	wrap cover
2	k	k	なるべく		盡量	possible much possible
2	d	n	無理	むり	勉強；不可能	unreasonable impossible
2	f	n	サンドイッチ		三明治	sandwich
2	j	n	会議室	かいぎしつ	會議室	conference room
2	s	n	品物	しなもの	物品	goods
2	r	n	人形	にんぎょう	娃娃	doll figure
2	a	n	利用	りよう	利用	utilization
2	a	v	飾る	かざる	裝飾	decorate adorn
2	a	v	止める	とめる	停止（他動）	stop
2	m	i	恥ずかしい	はずかしい	害羞；丟臉	ashamed embarrassed
2	k	k	いくらでも		無論多少都～	however much may
2	o	n	用事	ようじ	要辦的事	business take care tasks
2	t	n	ビル		大樓	building
2	p	v	けんかする		吵架	quarrel
2	m	v	頑張る	がんばる	加油；努力	try best try hard
2	a	v	投げる	なげる	投；扔	pitch cast away
2	x	n	故障	こしょう	故障	breakdown
2	b	n	力	ちから	力氣	strength power
2	a	v	受ける	うける	接受；參加（考試）	take receive
2	m	n	気分	きぶん	心情	feeling mood
2	a	v	間違える	まちがえる	弄錯	mistake
2	k	k	そんな		那樣的	such like sort
2	w	n	星	ほし	星星	star
2	o	n	場合	ばあい	場合；情況	case situation
2	k	k	やっと		終於（好不容易）	last finally
2	a	v	足りる	たりる	足夠	sufficient enough
2	a	v	行う	おこなう	舉行；進行	carry conduct
2	f	n	ぶどう		葡萄	grapes
2	a	v	無くなる	なくなる	不見；用完	disappear get lost
2	o	n	準備	じゅんび	準備	prepare
2	c	n	世界	せかい	世界	world
2	h	n	住所	じゅうしょ	住址	address place residence
2	n	n	再来月	さらいげつ	下下個月	month after next
2	w	n	林	はやし	樹林	woods forest
2	n	n	倍	ばい	倍	double
2	b	v	痩せる	やせる	變瘦	lose weight
2	o	n	線	せん	線	line wire
2	c	n	戦争	せんそう	戰爭	war
2	a	v	決める	きめる	決定（他動）	decide
2	a	v	調べる	しらべる	調查；查詢	check look inquire search
2	h	n	寝坊	ねぼう	睡過頭	sleeping late
2	p	n	パパ		爸比	papa daddy
2	a	v	光る	ひかる	發光	shine glitter
2	p	n	夫	おっと	丈夫	husband
2	w	n	雲	くも	雲	cloud
2	t	n	坂	さか	坡道	slope hill
2	k	v	てしまう		（不小心）～了	end
2	t	n	飛行場	ひこうじょう	機場（舊稱）	airport
2	r	n	柔道	じゅうどう	柔道	judo
2	k	k	決して	けっして	絕對（不）	never
2	j	n	事務所	じむしょ	事務所	office
2	j	n	連絡	れんらく	聯絡	communication contact connection
2	e	n	小学校	しょうがっこう	小學	elementary school
2	s	n	客	きゃく	客人	guest customer
2	n	n	昔	むかし	從前	old days past
2	d	i	美しい	うつくしい	美麗	beautiful lovely
2	a	n	捨てる	すてる	丟掉	throw away dump discard
2	g	g	なさる		做（尊敬）	
2	o	n	事	こと	事情	thing matter fact
2	k	k	どんどん		接連不斷地	quickly steadily rapid pace
2	r	n	試合	しあい	比賽	match game competition
2	d	n	適当	てきとう	適當；隨便	fitness suitability
2	d	i	素晴らしい	すばらしい	極好；了不起	wonderful terrific
2	r	n	美術館	びじゅつかん	美術館	art gallery art museum
2	e	n	文法	ぶんぽう	文法	grammar
2	n	n	終わり	おわり	結尾	end
2	h	n	壁	かべ	牆壁	wall
2	n	n	一度	いちど	一次	once time
2	g	g	お礼	おれい	謝禮；道謝	gratitude thanking gift appreciation
2	m	n	親切	しんせつ	親切	kindness
2	a	v	知らせる	しらせる	通知	notify
2	b	n	歯医者	はいしゃ	牙醫	dentist
2	m	n	熱心	ねっしん	熱心	enthusiasm
2	a	v	始める	はじめる	開始（他動）	start begin
2	a	v	もらう		得到；收到	receive
2	m	v	泣く	なく	哭	cry
2	b	v	治る	なおる	痊癒；修好	get better recover illness
2	b	n	熱	ねつ	發燒；熱度	fever temperature
2	r	n	お祭り	おまつり	祭典	festival
2	h	n	水道	すいどう	自來水	water service water line
2	o	n	匂い	におい	氣味	odor smell
2	h	n	ベル		鈴	bell
2	p	n	赤ん坊	あかんぼう	小嬰兒	baby
2	d	i	おかしい		奇怪；好笑	strange odd funny
2	c	n	事故	じこ	事故	accident
2	d	n	変	へん	奇怪	strange odd
2	e	n	辞典	じてん	辭典	encyclopedia reference book
2	a	v	残る	のこる	剩下	remain left
2	a	v	立てる	たてる	豎立	stand erect
2	a	v	くれる		（別人）給我	give
2	p	n	員	いん	～員	member
2	o	n	原因	げんいん	原因	cause origin source
2	m	v	驚く	おどろく	驚訝	surprised astonished
2	g	g	いただく		收下；吃（謙讓）	extra modest
2	p	n	祖母	そぼ	祖母	grandmother
2	t	n	場所	ばしょ	場所	place location
2	e	n	答	こたえ	答案	answer response
2	k	k	もちろん		當然	certainly course
2	f	v	漬ける	つける	浸泡；醃	soak moisten pickle
2	j	n	受付	うけつけ	櫃檯；接待處	reception desk
2	k	k	内	うち	～之內	within inside
2	x	n	スクリーン		螢幕	screen
2	a	v	増える	ふえる	增加	increase multiply
2	k	k	または		或者	otherwise
2	b	v	けがする		受傷	injury hurt
2	n	n	以下	いか	以下	less than below
2	a	v	選ぶ	えらぶ	選擇	choose select
2	k	k	ばかり		只；剛～	just did only
2	m	n	心	こころ	心	heart mind
2	k	v	だす		開始～（接尾）	start doing
2	f	n	サラダ		沙拉	salad
2	a	v	届ける	とどける	送到	deliver
2	g	v	あいさつする		打招呼	greet
2	r	n	景色	けしき	風景	scenery landscape
2	k	k	確か	たしか	的確；記得是	remember correctly certain definite
2	f	n	ステーキ		牛排	steak
2	f	n	食料品	しょくりょうひん	食品	foodstuff groceries
2	w	n	森	もり	森林	forest
2	n	n	以内	いない	以內	within less than
2	o	n	予定	よてい	預定	plans arrangement schedule
2	o	n	オーバー		大衣；超過	overcoat exceeding exaggeration
2	a	v	乾く	かわく	乾	get dry
2	w	n	石	いし	石頭	stone
2	a	v	思い出す	おもいだす	想起	recall remember
2	r	v	踊る	おどる	跳舞	dance
2	d	i	細かい	こまかい	細小；瑣碎	small fine minute
2	a	v	塗る	ぬる	塗	paint plaster
2	p	n	ご主人	ごしゅじん	（您的）先生	husband
2	d	i	珍しい	めずらしい	稀奇	unusual rare
2	o	n	用	よう	事情；用途	errand task business
2	j	n	公務員	こうむいん	公務員	government worker public servant
2	p	n	お嬢さん	おじょうさん	令嬡；小姐	daughter
2	o	n	用意	ようい	準備（事先）	preparation
2	a	v	探す	さがす	尋找	search seek look
2	o	n	形	かたち	形狀	shape
2	t	n	運転	うんてん	開車	driving
2	k	k	すっかり		完全	all completely
2	j	n	アナウンサー		播報員	announcer
2	r	n	お土産	おみやげ	伴手禮	souvenir
2	e	n	消しゴム	けしゴム	橡皮擦	eraser
2	r	n	旅館	りょかん	日式旅館	japanese inn
2	w	n	海岸	かいがん	海岸	coast seashore
2	m	i	寂しい	さびしい	寂寞	lonely lonesome
2	w	n	火	ひ	火	fire
2	p	v	育てる	そだてる	養育	raise bring
2	f	n	味噌	みそ	味噌	miso bean paste
2	r	n	お祝い	おいわい	祝賀	congratulation celebration
2	t	n	乗り物	のりもの	交通工具	vehicle
2	r	n	案内	あんない	導覽；帶路	information guidance
2	t	v	通う	かよう	往返；通勤	back forth commute
2	a	v	連れる	つれる	帶（人）	lead take
2	x	n	技術	ぎじゅつ	技術	technique technology skill
2	w	n	小鳥	ことり	小鳥	small bird
2	h	n	下宿	げしゅく	寄宿	lodging boarding house
2	f	n	ジャム		果醬	jam
2	r	n	招待	しょうたい	招待；邀請	invitation
2	h	n	鏡	かがみ	鏡子	mirror
2	k	k	はず		應該	should
2	c	n	法律	ほうりつ	法律	law
2	a	v	進む	すすむ	前進	advance proceed
2	r	v	楽しむ	たのしむ	享受	enjoy
2	j	n	貿易	ぼうえき	貿易	trade
2	o	n	反対	はんたい	反對	oppose opposition resistance
2	g	g	おる		在（謙讓）	extra modest
2	g	g	申す	もうす	說；叫做（謙讓）	extra modest
2	e	n	試験	しけん	考試	exam
2	m	n	真面目	まじめ	認真	diligent serious
2	g	g	ごらんになる		看（尊敬）	
2	s	n	店員	てんいん	店員	clerk shop employee
2	r	v	泊まる	とまる	住宿	stay
2	g	g	よろしい		好；可以（尊敬）	good all right
2	n	n	今夜	こんや	今晚（正式）	evening tonight
2	s	n	おつり		找零	change balance money returned
2	a	v	チェックする		檢查	check
2	e	n	会話	かいわ	會話	conversation
2	w	n	空気	くうき	空氣；氣氛	air atmosphere
2	t	n	交通	こうつう	交通	traffic transportation
2	x	n	ワープロ		文書處理機	processor
2	m	v	喜ぶ	よろこぶ	高興	rejoice delighted glad
2	t	n	急行	きゅうこう	快車	express train bus
2	p	n	皆	みな	大家（正式）	everyone
2	f	n	味	あじ	味道	flavor taste
2	t	n	空港	くうこう	機場	airport
2	s	n	手袋	てぶくろ	手套	glove
2	e	n	校長	こうちょう	校長	principal headmaster
2	f	n	ごちそう		大餐；請客	feast treating
2	r	n	踊り	おどり	舞蹈	dance
2	m	n	興味	きょうみ	興趣	interest
2	h	v	引っ越す	ひっこす	搬家	move new place residence
2	h	n	冷房	れいぼう	冷氣	cooling air conditioning
2	o	n	都合	つごう	方便的時間；情況	circumstances convenience
2	m	n	遠慮	えんりょ	客氣；遠慮	restraint reserve hesitate
2	b	v	亡くなる	なくなる	過世	pass away
2	x	n	科学	かがく	科學	science
2	k	k	はっきり		清楚地	clearly distinctly
2	g	g	差し上げる	さしあげる	給（謙讓）	
2	m	n	気持ち	きもち	心情；感受	feeling sensation mood
2	p	n	祖父	そふ	祖父	grandfather
2	t	n	港	みなと	港口	harbor port
2	r	n	予約	よやく	預約	reservation
2	d	i	凄い	すごい	厲害	terrific great
2	e	n	入学	にゅうがく	入學	entry school university
2	h	v	片付ける	かたづける	整理；收拾	tidy put away
2	a	v	写す	うつす	抄寫；拍攝	copy photograph
2	x	n	パソコン		個人電腦	computer
2	j	n	部長	ぶちょう	部長	department manager
2	c	n	火事	かじ	火災	fire
2	n	v	足す	たす	加（數字）	add
2	c	n	教会	きょうかい	教會	church
2	p	n	彼ら	かれら	他們	they
2	k	k	いっぱい		滿滿的	full utmost
2	t	n	アメリカ		美國	america
2	p	n	男性	だんせい	男性	man male
2	o	n	理由	りゆう	理由	reason
2	x	n	生産	せいさん	生產	production produce
2	s	n	着物	きもの	和服	kimono japanese traditional dress
2	r	n	おもちゃ		玩具	toy
2	n	v	暮れる	くれる	天黑；年終	get dark come end
2	r	v	釣る	つる	釣（魚）	fish
2	p	n	ちゃん		～醬（暱稱）	suffix familiar person
2	a	v	打つ	うつ	打；敲	hit strike
2	k	k	あんな		那樣的（遠）	such like
2	g	v	謝る	あやまる	道歉	apologize
2	n	n	昼間	ひるま	白天	daytime during day
2	e	n	教育	きょういく	教育	education
2	p	n	女性	じょせい	女性	woman
2	f	n	米	こめ	米	uncooked rice
2	o	n	邪魔	じゃま	妨礙；打擾	hindrance intrusion
2	c	n	国際	こくさい	國際	international
2	t	n	隅	すみ	角落（邊上）	corner
2	g	g	伺う	うかがう	拜訪；請教（謙讓）	
2	n	n	再来週	さらいしゅう	下下週	week after next
2	o	n	夢	ゆめ	夢	dream
2	b	n	喉	のど	喉嚨	throat
2	n	n	最近	さいきん	最近	recently nowadays recent years
2	t	n	周り	まわり	周圍	surroundings
2	e	n	歴史	れきし	歷史	history
2	d	n	不便	ふべん	不方便	inconvenience
2	b	n	血	ち	血	blood
2	a	v	続ける	つづける	繼續	continue doing
2	b	n	毛	け	毛髮	hair fur
2	d	i	ひどい		過分；嚴重	terrible awful unfair cruel
2	k	k	例えば	たとえば	例如	example
2	k	k	中々	なかなか	相當；（不）容易	considerably quite
2	k	k	随分	ずいぶん	相當地	extremely
2	k	k	やすい		容易～（接尾）	easy
2	h	n	押し入れ	おしいれ	壁櫥	closet
2	h	n	電灯	でんとう	電燈	electric light
2	p	v	叱る	しかる	責罵	scold
2	s	n	サンダル		涼鞋	sandal
2	m	v	びっくりする		嚇一跳	surprised
2	d	i	うまい		好吃；高明	delicious skillful fortunate
2	a	v	変える	かえる	改變（他動）	change alter vary
2	e	n	講堂	こうどう	禮堂	auditorium
2	p	n	子	こ	孩子	child
2	f	v	沸かす	わかす	燒開	boil
2	s	n	レジ		收銀台	register
2	n	n	しばらく		暫時；一陣子	little while
2	k	k	特に	とくに	特別	particularly
2	a	v	空く	あく	空出；有空	open become empty
2	o	n	計画	けいかく	計畫	plan project schedule
2	t	n	通り	とおり	～街；～路	street avenue
2	s	n	下着	したぎ	內衣	underwear
2	c	n	経済	けいざい	經濟	economics finance economy
2	k	k	こう		這樣	like way
2	k	k	是非	ぜひ	務必	certainly all means without
2	o	n	裏	うら	背面	reverse side back
2	k	k	為	ため	為了；利益	good advantage order
2	g	v	おいでになる		在；來；去（尊敬）	
2	a	v	変わる	かわる	變化	change transformed vary
2	k	k	以外	いがい	以外	other than exception excepting
2	a	v	済む	すむ	結束；解決	finish end
2	f	n	ハンバーグ		漢堡排	hamburger steak
2	t	n	市	し	～市	city
2	h	n	引き出し	ひきだし	抽屜	drawer
2	r	n	遊び	あそび	遊戲；玩耍	play
2	h	n	支度	したく	準備（打點）	preparation
2	a	v	見える	みえる	看得見；來（尊敬）	visible verb meaning
2	k	k	十分	じゅうぶん	充分	enough
2	o	n	音	おと	聲音	sound note
2	k	k	きっと		一定（推測）	surely definitely undoubtedly certainly
2	k	k	まず		首先	first start
2	t	n	遠く	とおく	遠方	far away distant
2	k	k	大体	だいたい	大致上	approximately most cases general
2	a	v	折れる	おれる	斷掉；折到	break folded give turn
2	d	i	正しい	ただしい	正確	correct
2	j	n	輸入	ゆにゅう	進口	import
2	j	n	返事	へんじ	回覆	reply answer
2	c	n	都	と	都（東京都）	metropolitan
2	x	n	産業	さんぎょう	產業	industry
2	a	v	伝える	つたえる	傳達	convey tell report
2	s	n	お金持ち	おかねもち	有錢人	rich person
2	e	n	説明	せつめい	說明	explanation
2	w	n	島	しま	島	island
2	h	n	道具	どうぐ	工具	tool
2	a	v	滑る	すべる	滑	slide slip
2	k	v	それほど		那種程度	degree extent
2	n	n	以上	いじょう	以上	more than all
2	k	k	まま		保持原樣	
2	t	n	特急	とっきゅう	特快車	limited express
2	s	n	プレゼント		禮物（西式）	present gift
2	k	k	によると		根據～	according
2	p	n	妻	つま	（我的）妻子	wife
2	t	n	帰り	かえり	回程	return coming back
2	b	n	具合	ぐあい	狀況；身體狀況	condition state health
2	d	i	固い	かたい	硬；堅固	solid hard firm
2	t	n	駐車場	ちゅうしゃじょう	停車場	parking lot
2	s	n	スーツ		套裝；西裝	suit
2	o	n	危険	きけん	危險（名詞）	danger risk hazard
2	b	n	髪	かみ	頭髮	hair
2	w	n	天気予報	てんきよほう	天氣預報	weather forecast
2	p	n	彼女	かのじょ	她；女朋友	girlfriend she
2	t	n	間	あいだ	之間	space interval
2	e	n	卒業	そつぎょう	畢業	graduation
2	k	k	それで		所以；然後	thereupon because
2	w	n	枝	えだ	樹枝	branch twig
2	e	n	専門	せんもん	專業	major speciality
2	k	k	そろそろ		差不多該～了	gradually soon
2	a	v	送る	おくる	寄送；送行	send dispatch
2	a	v	あげる		給（別人）	give
2	a	v	騒ぐ	さわぐ	吵鬧；騷動	noise clamor
2	a	v	尋ねる	たずねる	詢問	inquire
2	c	n	放送	ほうそう	廣播	broadcasting
2	c	n	政治	せいじ	政治	politics
2	c	n	市民	しみん	市民	citizen
2	j	n	ファックス		傳真	fax
2	r	v	負ける	まける	輸	lose defeated
2	s	n	指輪	ゆびわ	戒指	ring
2	t	n	田舎	いなか	鄉下	rural countryside
2	a	v	見つける	みつける	找到	discover find
2	e	n	高校生	こうこうせい	高中生	high school student
2	e	n	講義	こうぎ	講課	lecture
2	k	k	そんなに		那麼地	much like
2	j	n	昼休み	ひるやすみ	午休	lunch break noon recess
2	o	n	忘れ物	わすれもの	遺失物	lost article forgotten
2	a	v	下りる	おりる	下來；下降	get down come down
2	b	n	腕	うで	手臂	arm
2	o	n	訳	わけ	緣故；道理	reason explanation
2	g	g	承知	しょうち	知道；同意	consent acceptance
2	e	n	日記	にっき	日記	diary journal
2	e	n	高校	こうこう	高中	high school senior high
2	a	v	似る	にる	相似	resemble similar
2	k	v	おわる		做完～	finish doing
2	h	n	暖房	だんぼう	暖氣	heating
2	h	n	留守	るす	不在家	absence not home
2	n	n	割合	わりあい	比例	rate ratio percentage
2	r	n	寺	てら	寺廟	buddhist temple
2	a	v	慣れる	なれる	習慣	grow accustomed
2	d	n	普通	ふつう	普通	common usual
2	a	v	手伝う	てつだう	幫忙	help
2	g	g	なるほど		原來如此	see now understand
2	g	v	くださる		給我（尊敬）	give confer
2	p	n	息子	むすこ	（我的）兒子	son
2	p	n	お子さん	おこさん	（您的）孩子	child
2	r	n	会場	かいじょう	會場	venue meeting place
2	m	v	笑う	わらう	笑	laugh smile
2	a	v	運ぶ	はこぶ	搬運	transport carry
2	e	n	文学	ぶんがく	文學	literature
2	w	n	光	ひかり	光	light
2	b	n	お見舞い	おみまい	探病	calling who ill visit
2	t	n	席	せき	座位	seat
2	p	n	様	さま	～先生／女士（敬稱）	mrs
2	g	g	ご存じ	ごぞんじ	知道（尊敬）	knowing acquaintance
2	a	v	下がる	さがる	下降	descend drop fall
2	e	n	字	じ	字	letter character
2	t	n	アジア		亞洲	asia
2	p	v	褒める	ほめる	稱讚	praise say nice things
2	a	v	空く	すく	變空（人少）	empty less crowded
2	g	g	あ		啊（驚覺）	
2	k	k	最も	もっとも	最	most
2	a	v	合う	あう	合適；一致	fit match
2	n	n	代	だい	～年代；～費用	age period
2	n	n	最後	さいご	最後	last end
2	s	n	値段	ねだん	價格	price
2	b	n	退院	たいいん	出院	leaving hospital
2	r	n	展覧会	てんらんかい	展覽會	exhibition
2	g	g	久しぶり	ひさしぶり	好久不見	has been long time
2	h	n	カーテン		窗簾	curtain
2	t	n	汽車	きしゃ	火車（蒸汽）	train
2	a	v	遅れる	おくれる	遲到；落後	become late
2	a	v	見つかる	みつかる	被找到	found discovered
2	g	g	召し上がる	めしあがる	吃；喝（尊敬）	
2	b	v	太る	ふとる	變胖	gain weight
2	b	n	注射	ちゅうしゃ	打針	injection
2	o	n	様	よう	樣子；方式	way manner kind
2	n	n	おき		每隔～	after every
2	n	n	最初	さいしょ	最初	beginning first
2	k	k	御	ご	（敬語接頭詞）	honorable
2	m	n	安心	あんしん	安心	peace mind relief
2	a	v	直る	なおる	修好；恢復	fixed
2	a	v	集める	あつめる	收集	collect gather assemble
2	a	v	直す	なおす	修改；修理	correct fix
2	a	v	続く	つづく	持續（自動）	continued
2	p	n	先輩	せんぱい	前輩	senior members group
2	p	n	約束	やくそく	約定	arrangement appointment promise
2	p	n	世話	せわ	照顧	looking after look after
2	t	n	近所	きんじょ	附近；鄰居	neighborhood
2	n	n	将来	しょうらい	將來	future prospects
2	n	n	億	おく	億	hundred million
2	e	n	数学	すうがく	數學	mathematics
2	c	n	文化	ぶんか	文化	culture
2	s	v	払う	はらう	付錢	pay
2	c	n	習慣	しゅうかん	習慣（名詞）	custom
2	f	v	焼ける	やける	燒起來；烤好	burn roasted
2	p	n	君	きみ	你（男性對平輩）	you
2	w	v	冷える	ひえる	變冷	grow cold cool down
2	a	v	点く	つく	（燈）亮	started switched
2	n	n	この間	このあいだ	前幾天	other day recently
2	o	n	かっこう		外表；樣子	appearance manner shape posture
2	m	v	かまう		在意；理會	mind care about concerned
2	a	v	落す	おとす	使掉落；弄丟	drop lose
2	n	n	明日	あす	明天（正式）	tomorrow
2	t	n	出発	しゅっぱつ	出發	departure
2	g	g	拝見	はいけん	拜讀；看（謙讓）	seeing look
2	a	v	割れる	われる	破裂；碎	break
2	b	n	背中	せなか	背部	back
2	j	n	新聞社	しんぶんしゃ	報社	newspaper company
2	p	v	いじめる		欺負	bully torment
2	a	v	回る	まわる	轉；繞	around revolve
2	p	n	君	くん	～君（稱呼晚輩）	master
2	g	g	おっしゃる		說（尊敬）	
2	b	i	眠い	ねむい	想睡	sleepy drowsy
2	a	v	濡れる	ぬれる	淋濕	get wet
2	a	v	倒れる	たおれる	倒下	collapse break down
2	s	n	スーパー		超市	supermarket
2	s	n	アクセサリー		飾品	accessory
2	a	v	考える	かんがえる	思考	think consider
2	t	v	向かう	むかう	朝向；前往	face towards
2	c	n	自由	じゆう	自由	freedom
2	o	n	仕方	しかた	做法；辦法	way
2	b	n	首	くび	脖子	neck
2	o	n	程	ほど	程度	degree extent
2	o	n	代わり	かわり	代替	substitute replacement
2	o	n	失敗	しっぱい	失敗	failure mistake
2	x	n	工業	こうぎょう	工業	industry
2	a	v	移る	うつる	移動；轉移	move transfer shift
2	r	n	スーツケース		行李箱	suitcase
2	b	n	ひげ		鬍子	beard
2	e	n	研究室	けんきゅうしつ	研究室	professor office laboratory
2	x	n	工場	こうじょう	工廠	factory
2	p	n	紹介	しょうかい	介紹	introduction
2	k	k	けれど		雖然；但是	but although
2	t	n	舟	ふね	小船	ship boat
2	a	v	動く	うごく	動	move
2	k	k	について		關於～	about concerning
2	r	n	コンサート		音樂會	concert
2	w	n	虫	むし	蟲	insect
2	m	i	優しい	やさしい	溫柔；和善	kind gentle easy
2	x	n	コンピュータ		電腦	computer
2	w	v	植える	うえる	種植	plant
2	o	n	両方	りょうほう	雙方	both sides both parties
2	a	v	汚れる	よごれる	變髒	become dirty
2	r	n	水泳	すいえい	游泳（運動）	swimming
2	o	n	経験	けいけん	經驗	experience
2	r	v	勝つ	かつ	贏	win
2	w	n	砂	すな	沙	sand
2	c	n	警察	けいさつ	警察局；警方	police police station
2	a	v	取り替える	とりかえる	交換；更換	exchange replace
2	a	v	急ぐ	いそぐ	趕快	hurry hurry rush
2	d	n	簡単	かんたん	簡單	simple
2	g	g	参る	まいる	去；來（謙讓）	
2	k	k	全然	ぜんぜん	完全（不）	not all wholly entirely
2	d	n	特別	とくべつ	特別的	special
2	e	n	復習	ふくしゅう	複習	review revision
2	n	v	間に合う	まにあう	來得及	time
2	d	v	役に立つ	やくにたつ	有用	helpful useful
2	n	n	もうすぐ		快要	soon few moments days
2	t	n	真中	まんなか	正中間	middle center
2	a	v	戻る	もどる	返回	return come back
2	e	n	研究	けんきゅう	研究	study research investigation
2	f	n	ケーキ		蛋糕	cake
2	w	n	草	くさ	草	grass
2	t	v	込む	こむ	擁擠	crowded
2	n	n	この頃	このごろ	最近這陣子	these days nowadays
2	p	v	訪ねる	たずねる	拜訪	visit
2	a	v	下げる	さげる	降低；提著	lower hang
2	r	n	花見	はなみ	賞花	cherry blossom viewing
2	t	n	途中	とちゅう	途中	way midway
2	b	n	入院	にゅういん	住院	hospitalization
2	t	v	乗り換える	のりかえる	轉車	transfer change
2	p	v	別れる	わかれる	分開；分手	part separate
2	t	n	町	ちょう	～町	town
2	d	n	安全	あんぜん	安全	safety security
2	b	n	看護婦	かんごふ	護士	nurse
2	r	n	見物	けんぶつ	觀光遊覽	sightseeing
2	p	n	相談	そうだん	商量	consultation
2	t	n	ガソリンスタンド		加油站	gas station service station
2	r	n	テニス		網球	tennis
2	h	v	眠る	ねむる	睡眠；入睡	sleep
2	a	v	上がる	あがる	上升；上去	rise
2	e	n	翻訳	ほんやく	翻譯	translation
2	f	n	食事	しょくじ	用餐	meal
2	g	g	おかげ		託～的福	thanks owing
2	p	n	娘	むすめ	（我的）女兒	daughter
2	h	n	湯	ゆ	熱水	hot water
2	o	n	競争	きょうそう	競爭	competition contest
2	j	n	会議	かいぎ	會議	business meeting conference
2	w	n	湖	みずうみ	湖	lake
2	a	v	集まる	あつまる	聚集	gather collect
2	k	k	にくい		難以～（接尾）	difficult
2	h	n	生活	せいかつ	生活	living life live
2	h	n	糸	いと	線（縫紉）	thread
2	o	n	関係	かんけい	關係	relation connection
2	r	n	ピアノ		鋼琴	piano
2	r	n	番組	ばんぐみ	節目	broadcast program
2	d	n	急	きゅう	緊急；突然；陡	urgent sudden steep
2	h	n	棚	たな	架子	shelves rack
2	s	n	木綿	もめん	棉	cotton
2	j	n	輸出	ゆしゅつ	出口（貿易）	export
2	o	n	タイプ		類型	type style
2	c	n	すり		扒手	pickpocket
2	m	v	うれしい		開心	happy glad
2	f	n	アルコール		酒精	alcohol
2	x	n	ソフト		柔軟的；軟體	soft soft hat software
2	r	n	神社	じんじゃ	神社	shinto shrine
2	k	k	大分	だいぶ	相當；很	fairly well large extent
2	m	n	楽しみ	たのしみ	期待；樂趣	pleasure joy
2	r	n	趣味	しゅみ	嗜好	hobby pastime
2	x	n	電報	でんぽう	電報	telegram
2	p	n	家内	かない	（我的）太太	wife
2	b	n	指	ゆび	手指	finger
2	n	n	これから		從現在起	now after
2	k	k	たまに		偶爾	occasionally
2	c	n	社会	しゃかい	社會	society
3	c	n	作法	さほう	禮儀	manners etiquette propriety
3	d	n	様々	さまざま	各種各樣	varied various
3	f	v	冷ます	さます	放涼	cool let cool
3	a	v	覚ます	さます	弄醒	awaken
3	a	v	冷める	さめる	變涼；冷卻	become cool wear
3	h	v	覚める	さめる	醒來	wake wake
3	t	n	左右	さゆう	左右	left right influence
3	f	n	皿	さら	盤子（器皿）	plate dish
3	k	k	更に	さらに	更加	furthermore moreover
3	a	v	去る	さる	離去	leave away
3	w	n	猿	さる	猴子	monkey
3	c	n	騒ぎ	さわぎ	騷動	uproar disturbance
3	o	n	参加	さんか	參加	participation
3	e	n	参考	さんこう	參考	reference consultation
3	o	n	賛成	さんせい	贊成	approval agreement
3	x	n	酸性	さんせい	酸性	acidity
3	x	n	酸素	さんそ	氧氣	oxygen
3	p	n	氏	し	～氏；姓氏	family name lineage
3	e	n	詩	し	詩	poem poetry
3	m	n	幸せ	しあわせ	幸福	happiness blessing
3	s	n	ジーンズ		牛仔褲	jeans
3	t	n	ジェット機	ジェットき	噴射機	jet plane
3	d	n	四角	しかく	四方形	square
3	k	k	直に	じかに	直接	immediately readily directly
3	k	k	しかも		而且（更）	moreover furthermore besides plus
3	w	n	四季	しき	四季	four seasons
3	n	n	直	じき	立刻；就快	immediately soon shortly
3	n	n	時期	じき	時期	time season period
3	j	n	支給	しきゅう	支付；發放	payment allowance
3	d	n	至急	しきゅう	緊急；火速	urgent pressing
3	k	k	しきりに		頻頻；一再	frequently repeatedly eagerly
3	o	n	刺激	しげき	刺激	stimulus impetus incentive
3	x	n	資源	しげん	資源	resources
3	c	n	事件	じけん	事件	event affair incident
3	n	n	時刻	じこく	時刻	time hour
3	c	n	自殺	じさつ	自殺	suicide
3	o	n	事実	じじつ	事實	fact truth reality
3	s	n	支出	ししゅつ	支出	expenditure expenses
3	o	n	事情	じじょう	情況；緣由	circumstances situation reasons
3	p	n	詩人	しじん	詩人	poet
3	p	n	自身	じしん	自身	oneself
3	a	v	沈む	しずむ	沉沒；消沉	sink feel depressed
3	w	n	自然	しぜん	自然	nature spontaneous
3	o	n	思想	しそう	思想	thought idea
3	b	n	舌	した	舌頭	tongue
3	o	n	次第	しだい	順序；視～而定	order circumstances immediate
3	a	v	従う	したがう	遵從	abide obey
3	k	k	したがって		因此	therefore consequently
3	p	i	親しい	したしい	親密	intimate close
3	o	n	質	しつ	品質；性質	quality nature
3	j	n	失業	しつぎょう	失業	unemployment
3	w	n	湿気	しっけ	濕氣	moisture humidity dampness
3	x	n	実験	じっけん	實驗	lab work experiment
3	o	n	実現	じつげん	實現	implementation materialization realization
3	o	n	実行	じっこう	實行	practice execution realization
3	k	k	実際	じっさい	實際上	fact actuality
3	c	n	実施	じっし	實施	enforcement carry operation
3	w	n	湿度	しつど	濕度	humidity
3	k	k	じっと		一動也不動地	patiently quietly
3	k	k	実に	じつに	實在	indeed truly surely
3	k	k	実は	じつは	其實	actually fact
3	m	n	失望	しつぼう	失望	disappointment despair
3	o	n	実力	じつりょく	實力	ability force
3	j	n	支店	してん	分店	branch store
3	e	n	指導	しどう	指導	leadership guidance coaching
3	x	n	自動	じどう	自動	automatic self motion
3	p	n	児童	じどう	兒童	children juvenile
3	s	n	品	しな	物品；貨品	thing article goods
3	c	n	支配	しはい	支配；統治	rule control direction
3	r	n	芝居	しばい	戲劇	play drama
3	k	k	しばしば		屢次	often again again frequently
3	w	n	芝生	しばふ	草坪	lawn
3	s	n	支払	しはらい	支付（名詞）	payment
3	s	v	支払う	しはらう	支付	pay
3	b	n	死亡	しぼう	死亡	death
3	c	n	資本	しほん	資本	funds capital
3	p	n	姉妹	しまい	姊妹	sisters
3	g	g	しまった		糟了	damn
3	m	n	自慢	じまん	自誇	pride boast
3	d	n	地味	じみ	樸素	quiet plain conservative
3	a	v	示す	しめす	顯示	show indicate
3	a	v	占める	しめる	佔（比例）	take account
3	a	v	湿る	しめる	潮濕	wet damp
3	t	n	下	しも	下（下游）	under below beneath
3	w	n	霜	しも	霜	frost
3	s	n	借金	しゃっきん	借款	debt loan liabilities
3	a	v	しゃべる		聊天	talk chat chatter
3	n	n	週	しゅう	週；星期	week
3	c	n	州	しゅう	州	state province
3	c	n	銃	じゅう	槍	gun
3	t	n	周囲	しゅうい	周圍（環境）	surroundings circumference environs
3	w	n	収穫	しゅうかく	收穫	harvest crop ingathering
3	c	n	宗教	しゅうきょう	宗教	religion
3	o	n	重視	じゅうし	重視	importance stress
3	j	n	就職	しゅうしょく	就業	finding employment
3	f	n	ジュース		果汁	juice soft drink deuce
3	o	n	修正	しゅうせい	修正	amendment correction
3	b	n	重体	じゅうたい	病危	seriously ill critical state
3	t	n	渋滞	じゅうたい	塞車	congestion delay
3	d	n	重大	じゅうだい	重大	serious important
3	h	n	住宅	じゅうたく	住宅	resident housing
3	c	n	集団	しゅうだん	集團	group mass
3	o	n	集中	しゅうちゅう	集中	concentration focusing mind
3	s	n	収入	しゅうにゅう	收入	income revenue
3	c	n	住民	じゅうみん	居民	inhabitants residents
3	d	n	重要	じゅうよう	重要的	important essential
3	h	n	修理	しゅうり	修理	repairing mending
3	c	n	主義	しゅぎ	主義	doctrine cause principle
3	r	n	宿泊	しゅくはく	住宿（正式）	lodging
3	b	n	手術	しゅじゅつ	手術	surgical operation
3	c	n	首相	しゅしょう	首相	prime minister
3	o	n	手段	しゅだん	手段	means way measure
3	o	n	主張	しゅちょう	主張	claim insistence assertion
3	r	n	出場	しゅつじょう	出場（比賽）	participation
3	p	n	出身	しゅっしん	出身	come
3	e	n	出版	しゅっぱん	出版	publication
3	c	n	首都	しゅと	首都	capital city
3	p	n	主婦	しゅふ	家庭主婦	housewife
3	d	n	主要	しゅよう	主要	chief main
3	j	n	需要	じゅよう	需求	demand
3	o	n	種類	しゅるい	種類	variety kind
3	o	n	順	じゅん	順序	order turn
3	n	n	瞬間	しゅんかん	瞬間	moment second
3	d	n	順調	じゅんちょう	順利	doing well
3	o	n	順番	じゅんばん	順序；輪流	turn order things
3	o	n	使用	しよう	使用（正式）	application employment utilization
3	d	n	小	しょう	小～	small
3	e	n	章	しょう	章；章節	chapter section medal
3	r	n	賞	しょう	獎	prize award
3	o	n	上	じょう	上（等）；上卷	first volume superior quality
3	o	n	障害	しょうがい	障礙	obstacle impediment
3	e	n	奨学金	しょうがくきん	獎學金	scholarship
3	t	n	乗客	じょうきゃく	乘客	passenger
3	t	n	上京	じょうきょう	到東京去	proceeding capital
3	o	n	状況	じょうきょう	狀況	state affairs situation
3	o	n	条件	じょうけん	條件	conditions terms
3	n	n	正午	しょうご	正午	noon mid day
3	m	n	正直	しょうじき	正直；老實說	honesty integrity frankness
3	o	n	常識	じょうしき	常識	common sense
3	p	n	少女	しょうじょ	少女	young girl
3	k	k	少々	しょうしょう	稍微（正式）	little short
3	b	n	症状	しょうじょう	症狀	symptoms condition
3	a	v	生じる	しょうじる	產生	occur arise generated
3	o	n	状態	じょうたい	狀態	condition situation
3	e	n	上達	じょうたつ	進步（技藝）	improvement advance
3	p	n	冗談	じょうだん	玩笑	joke
3	d	n	上等	じょうとう	上等	first class good
3	c	n	衝突	しょうとつ	衝突；相撞	collision conflict
3	j	n	商人	しょうにん	商人	trader shopkeeper merchant
3	c	n	承認	しょうにん	承認；批准	recognition approval
3	p	n	少年	しょうねん	少年	boys juveniles
3	j	n	商売	しょうばい	買賣	trade business commerce
3	s	n	消費	しょうひ	消費	consumption expenditure
3	s	n	商品	しょうひん	商品	commodity merchandise
3	r	n	賞品	しょうひん	獎品	prize trophy
3	c	n	消防	しょうぼう	消防	fire fighting fire department
3	x	n	情報	じょうほう	資訊	information intelligence
3	o	n	証明	しょうめい	證明	proof verification
3	e	n	省略	しょうりゃく	省略	omission abbreviation abridgment
3	c	n	女王	じょおう	女王	queen
3	j	n	職	しょく	職務	employment
3	j	n	職業	しょくぎょう	職業	occupation business
3	h	n	食卓	しょくたく	餐桌	dining table
3	f	n	食品	しょくひん	食品（正式）	foodstuff
3	w	n	植物	しょくぶつ	植物	plant vegetation
3	f	n	食物	しょくもつ	食物（正式）	food foodstuff
3	f	n	食欲	しょくよく	食慾	appetite
3	f	n	食料	しょくりょう	食材；食物	food
3	f	n	食糧	しょくりょう	糧食	provisions rations
3	h	n	書斎	しょさい	書房	study den
3	p	n	女子	じょし	女子	woman girl
3	j	n	助手	じょしゅ	助手	helper assistant
3	k	k	徐々に	じょじょに	徐徐地	slowly little little
3	j	n	署名	しょめい	簽名	signature
3	e	n	書物	しょもつ	書籍	books
3	r	n	女優	じょゆう	女演員	actress
3	o	n	処理	しょり	處理	processing treatment disposition
3	j	n	書類	しょるい	文件	documents official papers
3	o	n	知らせ	しらせ	通知（名詞）	notice
3	b	n	尻	しり	屁股	buttocks bottom
3	p	n	知合い	しりあい	熟人	acquaintance
3	o	n	印	しるし	記號	mark symbol evidence
3	r	n	城	しろ	城堡	castle
3	e	n	進学	しんがく	升學	going university
3	b	n	神経	しんけい	神經	nerve sensitivity
3	m	n	真剣	しんけん	認真；正經	seriousness earnestness
3	c	n	信仰	しんこう	信仰	faith belief
3	t	n	信号	しんごう	紅綠燈；信號	traffic lights signal semaphore
3	x	n	人工	じんこう	人工	artificial man human work
3	d	n	深刻	しんこく	嚴重；深刻	serious
3	b	n	診察	しんさつ	看診	medical examination
3	c	n	人種	じんしゅ	人種	race
3	m	v	信じる	しんじる	相信	believe
3	o	n	人生	じんせい	人生	life
3	p	n	親戚	しんせき	親戚	relative
3	f	n	新鮮	しんせん	新鮮	fresh
3	b	n	心臓	しんぞう	心臟	heart
3	b	n	身体	しんたい	身體（正式）	body
3	b	n	身長	しんちょう	身高（正式）	height stature
3	m	n	慎重	しんちょう	慎重	careful prudent cautious
3	r	n	審判	しんぱん	裁判	umpire referee judgment
3	p	n	人物	じんぶつ	人物	character personality talented man
3	o	n	進歩	しんぽ	進步	improvement progress development
3	p	n	親友	しんゆう	好朋友	close friend buddy
3	o	n	信用	しんよう	信用	confidence dependence
3	m	n	信頼	しんらい	信賴	reliance trust confidence
3	m	n	心理	しんり	心理	mentality
3	c	n	人類	じんるい	人類	mankind humanity
3	w	n	巣	す	巢	nest breeding place
3	f	n	酢	す	醋	vinegar
3	e	n	図	ず	圖	figure drawing illustration
3	o	n	水準	すいじゅん	水準	level standard
3	o	n	推薦	すいせん	推薦	recommendation
3	h	n	スイッチ		開關	switch
3	b	n	睡眠	すいみん	睡眠（名詞）	sleep
3	n	n	数	すう	數	number figure
3	n	n	数字	すうじ	數字	numeral figure
3	f	n	スープ		湯（西式）	soup
3	n	n	末	すえ	末尾	end powder
3	o	n	姿	すがた	身影；姿態	figure shape appearance
3	r	n	スキー		滑雪	ski
3	a	v	救う	すくう	拯救	rescue help
3	k	k	すくなくとも		至少	least
3	d	v	優れる	すぐれる	優秀；勝過	surpass outstrip excel
3	r	n	スケート		溜冰	skate skating
3	j	n	スケジュール		行程表	schedule
3	k	k	少しも	すこしも	一點也（不）	anything not bit
3	a	v	過ごす	すごす	度過	pass spend
3	b	n	筋	すじ	筋；條理	muscle string line
3	a	v	進める	すすめる	推進	advance promote hasten
3	a	v	勧める	すすめる	勸；推薦	urge recommend
3	r	n	スター		明星	star
3	o	n	スタイル		風格；身材	style
3	h	n	スタンド		檯燈；看台	stand
3	b	n	頭痛	ずつう	頭痛	headache
3	k	k	ずっと		一直	long time all time
3	f	i	すっぱい		酸	sour acid
3	d	n	すてき		很棒；漂亮	lovely great
3	k	k	既に	すでに	已經（書面）	already
3	k	k	すなわち		也就是說	namely
3	e	n	スピーチ		演講	speech
3	k	k	全て	すべて	全部；一切	all whole entirely
3	a	v	済ませる	すませる	辦完	finished
3	t	n	角	すみ	角落（隅）	corner
3	e	n	墨	すみ	墨	ink
3	g	g	すみません		對不起；不好意思	sorry excuse
3	w	v	澄む	すむ	清澈	clear become transparent
3	a	v	刷る	する	印刷（動詞）	print
3	d	i	鋭い	するどい	尖銳；敏銳	pointed sharp
3	t	v	すれ違う	すれちがう	擦身而過	pass another
3	a	n	ずれる		偏離；錯開	move point
3	o	n	正	せい	正；正確	true regular
3	o	n	生	せい	生命；生	birth
3	p	n	性	せい	性別	sex gender
3	p	n	姓	せい	姓	surname family name
3	o	n	所為	せい	緣故；錯	cause reason fault
3	c	n	税	ぜい	稅	tax
3	m	n	性格	せいかく	性格	character personality
3	d	n	正確	せいかく	正確（精確）	accurate punctuality exact
3	n	n	世紀	せいき	世紀	century
3	j	n	請求	せいきゅう	請求	claim demand request
3	c	n	税金	ぜいきん	稅金	tax duty
3	d	n	清潔	せいけつ	清潔	clean
3	c	n	制限	せいげん	限制	restriction restraint limitation
3	o	n	成功	せいこう	成功	success hit
3	d	n	正式	せいしき	正式	official formal
3	o	n	性質	せいしつ	性質	nature property disposition
3	m	n	精神	せいしん	精神	mind soul spirit
3	p	n	成人	せいじん	成人	adult
3	k	k	精々	せいぜい	頂多	most best
3	e	n	成績	せいせき	成績	grade academic record
3	x	n	製造	せいぞう	製造	manufacture production
3	s	n	贅沢	ぜいたく	奢侈	luxury extravagance
3	o	n	成長	せいちょう	成長	growth
3	w	n	生長	せいちょう	（植物）生長	growth
3	c	n	制度	せいど	制度	system institution
3	p	n	青年	せいねん	青年	youth young man
3	p	n	生年月日	せいねんがっぴ	出生年月日	birth date
3	x	n	製品	せいひん	製品	manufactured goods finished goods
3	c	n	政府	せいふ	政府	government administration
3	w	n	生物	せいぶつ	生物	living thing organism
3	b	n	生命	せいめい	生命（名詞）	life
3	o	n	整理	せいり	整理	sorting arrangement
3	b	n	咳	せき	咳嗽	cough
3	x	n	石炭	せきたん	煤炭	coal
3	j	n	責任	せきにん	責任	duty responsibility
3	x	n	石油	せきゆ	石油	oil petroleum kerosene
3	c	n	世間	せけん	世間	world society
3	e	n	説	せつ	學說	theory
3	m	n	積極的	せっきょくてき	積極的	positive active proactive
3	x	n	設計	せっけい	設計	plan design
3	k	k	絶対	ぜったい	絕對	definitely without fail absoluteness
3	o	n	セット		一組；套	set
3	m	n	愛	あい	愛	love
3	k	k	相変わらず	あいかわらず	一如往常	ever usual
3	m	n	愛情	あいじょう	愛情	love affection
3	o	n	合図	あいず	信號；暗號	sign signal
3	f	n	アイスクリーム		冰淇淋	ice cream
3	m	v	愛する	あいする	愛（動詞）	love
3	p	n	相手	あいて	對方	partner addressee person you
3	k	k	あいにく		不巧	unfortunately
3	a	v	遭う	あう	遭遇	meet encounter
3	r	n	アウト		出局	
3	h	n	明かり	あかり	燈光	lamplight light
3	o	n	空き	あき	空位；空缺	vacancy opening space
3	d	n	明らか	あきらか	明顯	obvious clear
3	a	v	諦める	あきらめる	放棄	give abandon
3	m	v	飽きる	あきる	厭倦	get tired lose interest
3	p	n	握手	あくしゅ	握手	handshake
3	o	n	悪魔	あくま	惡魔	devil demon evil spirit
3	n	v	明ける	あける	天亮；（年）過完	dawn become daylight
3	f	v	揚げる	あげる	油炸	lift fry
3	a	v	挙げる	あげる	舉起；列舉	raise list cite
3	a	v	預かる	あずかる	保管（代收）	keep
3	a	v	預ける	あずける	寄放	give custody deposit
3	b	n	汗	あせ	汗	sweat perspiration
3	a	v	与える	あたえる	給予	give
3	d	i	温かい	あたたかい	溫暖（物體）	warm
3	w	v	暖まる	あたたまる	（空氣）變暖	warm
3	a	v	温まる	あたたまる	（身體）變暖	warm oneself get warm
3	a	v	暖める	あたためる	使溫暖	warm heat
3	f	v	温める	あたためる	加熱	warm heat
3	t	n	辺り	あたり	附近一帶	vicinity nearby
3	d	n	当たり前	あたりまえ	理所當然	usual common obvious
3	a	v	当たる	あたる	命中；中獎	hit successful
3	t	n	あちこち		到處	here there
3	a	v	扱う	あつかう	處理；對待	treat handle deal
3	r	n	集まり	あつまり	聚會	gathering meeting collection
3	a	v	当てる	あてる	碰觸；猜中	hit apply
3	o	n	跡	あと	痕跡	trace remains scar
3	o	n	穴	あな	洞	hole
3	f	n	油	あぶら	油	oil
3	f	n	脂	あぶら	脂肪	fat
3	o	n	誤り	あやまり	錯誤	error
3	o	n	粗	あら	缺點；瑕疵	defect flaw fault
3	w	n	嵐	あらし	暴風雨	storm
3	a	v	争う	あらそう	爭奪；爭論	dispute argue fight
3	d	n	新た	あらた	嶄新	new fresh
3	k	k	あらゆる		所有的	all every
3	a	v	表す	あらわす	表達	express show
3	a	v	現す	あらわす	顯現	show appear reveal
3	e	v	著す	あらわす	著作	write publish
3	o	n	現れ	あらわれ	表現；徵兆	indication sign
3	a	v	現れる	あらわれる	出現	appear become visible express
3	g	g	ありがとう		謝謝	thank you
3	k	k	或	ある	某～	certain some
3	k	k	あるいは		或者；也許	perhaps
3	r	n	アルバム		相簿	album
3	o	n	泡	あわ	泡沫	bubble foam
3	a	v	合わせる	あわせる	配合；合起來	combine
3	m	v	慌てる	あわてる	慌張	become confused panic
3	m	n	哀れ	あわれ	可憐	helpless pity pathetic
3	o	n	案	あん	方案	plan scheme proposal
3	k	k	案外	あんがい	意外地	unexpectedly
3	e	n	暗記	あんき	背誦	memorization learning heart
3	d	n	安定	あんてい	安定	stability equilibrium
3	k	v	あんなに		那麼地（遠）	extent degree
3	k	k	あんまり		不太～（口語）	not not much
3	b	n	胃	い	胃	stomach
3	c	n	委員	いいん	委員	committee member
3	d	n	意外	いがい	意外	unexpected surprising
3	t	n	行き	いき	去程	going
3	t	n	行き	ゆき	往～（方向）	going
3	b	n	息	いき	呼吸；氣息	breath
3	o	n	勢い	いきおい	氣勢	force vigor momentum
3	w	n	生き物	いきもの	生物；動物	living thing creature
3	k	k	いけない		不可以	must not bad wrong
3	b	n	医師	いし	醫師	doctor physician
3	m	n	意思	いし	意思；打算	intention purpose
3	m	n	意志	いし	意志	will volition
3	o	n	維持	いじ	維持	maintenance preservation
3	m	n	意識	いしき	意識	consciousness senses
3	d	n	異常	いじょう	異常	strangeness abnormality disorder
3	m	n	意地悪	いじわる	壞心眼	malicious mean unkind
3	w	n	泉	いずみ	泉水	spring fountain
3	k	k	いずれ		遲早；哪個	where which who
3	n	n	以前	いぜん	以前	past before
3	h	n	板	いた	木板	board plank
3	d	n	偉大	いだい	偉大	greatness
3	a	v	抱く	いだく	懷抱	hold embrace harbor
3	o	n	いたずら		惡作劇	trick practical joke
3	g	g	いただきます		我開動了	gratitude before meals
3	b	n	痛み	いたみ	疼痛	pain ache sore
3	a	v	至る	いたる	到達；至	come arrive
3	s	n	市	いち	市集	market fair
3	t	n	位置	いち	位置	place position
3	n	n	一時	いちじ	一時；暫時	time temporarily
3	k	k	一度に	いちどに	一次全部	all once
3	s	n	市場	いちば	市場	market bazaar
3	n	n	いつか		總有一天	sometime day
3	p	n	一家	いっか	一家人	family clan
3	o	n	一種	いっしゅ	一種	species kind variety
3	n	n	一瞬	いっしゅん	一瞬間	moment instant
3	n	n	一生	いっしょう	一生	throughout life
3	k	k	一層	いっそう	更加（一層）	much more still more
3	k	k	一体	いったい	到底；一體	object body what earth
3	o	n	一致	いっち	一致	agreement conformity
3	k	k	いつでも		隨時	any time always
3	k	k	いつのまにか		不知不覺間	before knows
3	d	n	一般	いっぱん	一般	general average
3	k	k	一方	いっぽう	另一方面	other hand meanwhile
3	k	k	いつまでも		永遠地	forever good eternally
3	t	n	移動	いどう	移動（名詞）	migration movement
3	p	n	従兄弟	いとこ	堂（表）兄弟	cousin
3	p	n	従姉妹	いとこ	堂（表）姊妹	cousin
3	w	n	稲	いね	稻子	rice plant
3	h	n	居眠り	いねむり	打瞌睡	dozing nodding
3	b	n	命	いのち	生命	life
3	c	n	違反	いはん	違反	violation infringement
3	s	n	衣服	いふく	衣物	clothes
3	h	n	居間	いま	客廳	living room
3	n	n	今に	いまに	不久	before long soon
3	k	k	今にも	いまにも	眼看就要	any time soon
3	o	n	イメージ		印象；形象	image
3	g	g	否	いや	不；否	noes
3	n	n	以来	いらい	以來	since henceforth
3	j	n	依頼	いらい	委託	request dependence
3	m	n	いらいら		焦躁	getting nervous irritation
3	g	g	いらっしゃい		歡迎光臨	welcome
3	b	n	医療	いりょう	醫療	medical care medical treatment
3	w	n	岩	いわ	岩石	rock
3	r	n	祝い	いわい	慶祝（名詞）	celebration festival
3	r	v	祝う	いわう	慶祝	congratulate celebrate
3	k	k	言わば	いわば	可以說是	speak
3	k	k	いわゆる		所謂的	called speak
3	e	n	インク		墨水	ink
3	x	n	印刷	いんさつ	印刷	printing
3	o	n	印象	いんしょう	印象	impression
3	j	n	引退	いんたい	退休；引退	retirement
3	c	n	インタビュー		訪問；採訪	interview
3	e	n	引用	いんよう	引用	quotation citation
3	f	n	ウイスキー		威士忌	whiskey
3	t	n	上	うわ	上（表面）	upper outer surface
3	w	n	魚	うお	魚（文雅）	fish
3	h	n	うがい		漱口	gargling
3	a	v	受け取る	うけとる	領取	receive get accept
3	a	v	動かす	うごかす	移動（他動）	move shift
3	w	n	兎	うさぎ	兔子	rabbit hare
3	w	n	牛	うし	牛	cattle cow
3	a	v	失う	うしなう	失去	lose part
3	m	v	疑う	うたがう	懷疑	doubt distrust
3	x	n	宇宙	うちゅう	宇宙	universe cosmos space
3	c	v	討つ	うつ	討伐	attack avenge
3	c	v	撃つ	うつ	射擊	attack shoot
3	k	k	うっかり		不小心	carelessly inadvertently
3	a	v	映す	うつす	映照；放映	project reflect cast
3	c	v	訴える	うったえる	控訴；訴說	complain appeal sue
3	a	v	写る	うつる	拍進（照片）	photographed projected
3	a	v	映る	うつる	映出	reflected come
3	a	v	うなる		呻吟；低吼	groan moan
3	c	v	奪う	うばう	搶奪	rob deprive
3	w	n	馬	うま	馬	horse promoted bishop
3	p	n	生まれ	うまれ	出生；出生地	birth birth place
3	o	n	有無	うむ	有無	yes presence absence
3	w	n	梅	うめ	梅	plum lowest
3	a	v	埋める	うめる	埋；填	bury fill fill
3	p	v	裏切る	うらぎる	背叛	betray turn traitor
3	m	i	羨ましい	うらやましい	羨慕	envious enviable
3	s	v	売れる	うれる	暢銷；賣出	sold
3	p	n	噂	うわさ	謠言	rumor gossip
3	o	n	運	うん	運氣	fortune luck
3	h	n	柄	え	柄；把手	handle grip
3	n	n	永遠	えいえん	永遠	eternity perpetuity immortality
3	n	n	永久	えいきゅう	永久	eternity perpetuity immortality
3	o	n	影響	えいきょう	影響	influence effect
3	j	n	営業	えいぎょう	營業	business trade management
3	x	n	衛星	えいせい	衛星	satellite
3	f	n	栄養	えいよう	營養	nutrition nourishment
3	m	n	笑顔	えがお	笑容	smile
3	r	v	描く	えがく	描繪	draw depict describe
3	w	n	餌	えさ	飼料；誘餌	feed bait
3	x	n	エネルギー		能源	energy
3	a	v	得る	える	得到	get gain win learn
3	a	v	得る	うる	能夠；得到（文語）	get gain win
3	o	n	延期	えんき	延期	postponement adjournment
3	r	n	演技	えんぎ	演技	acting performance
3	c	n	援助	えんじょ	援助	assistance aid support
3	x	n	エンジン		引擎	engine
3	c	n	演説	えんぜつ	演說	speech address
3	r	n	演奏	えんそう	演奏	musical performance
3	n	n	老い	おい	老年	old age aged
3	a	v	追い付く	おいつく	追上	overtake catch
3	c	n	王	おう	國王	king
3	a	v	追う	おう	追趕	chase run after
3	r	n	応援	おうえん	聲援；支持	aid assistance help
3	c	n	王様	おうさま	國王（尊稱）	king
3	c	n	王子	おうじ	王子	prince
3	a	v	応じる	おうじる	回應；應對	adapt respond comply
3	t	n	横断	おうだん	橫越	crossing
3	a	v	終える	おえる	完成	finish
3	k	k	大いに	おおいに	大大地	much considerably greatly
3	a	v	覆う	おおう	覆蓋	cover hide conceal
3	h	n	大家	おおや	房東	landlord
3	w	n	丘	おか	山丘	hill height
3	w	n	沖	おき	外海	open sea
3	t	n	奥	おく	裡面；深處	interior inner part
3	a	v	贈る	おくる	贈送	present give award
3	a	v	起こる	おこる	發生	occur happen
3	a	v	押える	おさえる	按住；壓制	stop restrain press down
3	d	i	幼い	おさない	幼小	young childish
3	a	v	収める	おさめる	收納；取得	store pay supply
3	s	v	納める	おさめる	繳納	store pay supply
3	c	v	治める	おさめる	治理；平定	govern manage subdue
3	g	g	お辞儀	おじぎ	鞠躬	bow
3	s	n	お洒落	おしゃれ	時髦	smartly dressed fashion conscious
3	p	n	お喋り	おしゃべり	聊天；多嘴	chattering talk
3	c	n	汚染	おせん	污染	pollution contamination
3	k	k	恐らく	おそらく	恐怕	perhaps
3	m	v	恐れる	おそれる	害怕	fear afraid
3	m	i	恐ろしい	おそろしい	可怕的	terrible dreadful
3	e	v	教わる	おそわる	受教	taught
3	p	n	お互い	おたがい	彼此	mutual reciprocal each other
3	d	n	穏やか	おだやか	平穩；溫和	calm gentle quiet
3	p	n	男の人	おとこのひと	男性（口語）	man
3	m	i	大人しい	おとなしい	乖巧；溫順	obedient docile quiet
3	a	v	劣る	おとる	比不上	fall behind inferior
3	o	n	鬼	おに	鬼	ogre demon
3	s	n	帯	おび	腰帶（和服）	band sash
3	n	n	お昼	おひる	中午；午餐	lunch noon
3	j	n	オフィス		辦公室	office
3	a	v	溺れる	おぼれる	溺水；沉溺	drowned indulge
3	p	n	お前	おまえ	你（對下）	you presence
3	g	g	おめでとう		恭喜	congratulations auspicious occasion
3	g	g	お目に掛かる	おめにかかる	見面（謙讓）	meet see
3	a	v	思い付く	おもいつく	想到	think hit upon
3	m	n	思い出	おもいで	回憶	memories recollections reminiscence
3	k	k	主に	おもに	主要地	mainly primarily
3	k	k	思わず	おもわず	不由得	unintentional spontaneous
3	r	n	泳ぎ	およぎ	游泳（名詞）	swimming
3	k	k	およそ		大約	about roughly approximately
3	a	v	及ぼす	およぼす	波及；造成	exert cause exercise
3	a	v	下す	おろす	放下	lower let down
3	a	v	降ろす	おろす	卸下；讓～下車	take down launch drop
3	s	v	卸す	おろす	批發；磨碎	sell wholesale grated
3	e	n	音	おん	音	sound note
3	p	n	恩	おん	恩情	favor obligation debt gratitude
3	w	n	温暖	おんだん	溫暖（氣候）	warmth
3	w	n	温度	おんど	溫度	temperature
3	o	n	可	か	可以；及格	passable
3	w	n	蚊	か	蚊子	mosquito
3	j	n	課	か	～課（部門）	department division
3	t	n	カー		汽車（外來語）	car
3	s	n	カード		卡片	card curd
3	f	n	貝	かい	貝類	shell shellfish
3	o	n	害	がい	害處	harm damage
3	o	n	会員	かいいん	會員	member membership
3	r	n	絵画	かいが	繪畫	picture painting
3	t	n	海外	かいがい	海外	foreign abroad overseas
3	j	n	会計	かいけい	會計	account finance
3	o	n	解決	かいけつ	解決	settlement solution resolution
3	j	n	会合	かいごう	聚會；會議	meeting assembly
3	c	n	外交	がいこう	外交	diplomacy
3	o	n	開始	かいし	開始（名詞）	start commencement beginning
3	e	n	解釈	かいしゃく	解釋	explanation interpretation
3	a	n	外出	がいしゅつ	外出	outing going
3	o	n	改善	かいぜん	改善	betterment improvement
3	d	n	快適	かいてき	舒適	pleasant agreeable
3	b	n	回復	かいふく	恢復	recovery rehabilitation restoration
3	w	v	飼う	かう	飼養	keep own raise feed
3	a	v	帰す	かえす	讓～回去	send back
3	a	v	代える	かえる	代替	exchange interchange substitute
3	a	v	替える	かえる	更換	exchange interchange substitute
3	a	v	換える	かえる	交換	exchange interchange substitute
3	a	v	反る	かえる	翹起；彎曲	warp warped curve
3	o	n	香り	かおり	香味	aroma fragrance
3	r	n	画家	がか	畫家	painter
3	a	v	抱える	かかえる	抱著；承擔	hold carry under arms
3	s	n	価格	かかく	價格（正式）	price value
3	x	n	化学	かがく	化學	chemistry
3	a	v	輝く	かがやく	閃耀	shine glitter sparkle
3	j	n	係	かかり	負責人	person charge
3	b	v	罹る	かかる	罹患	suffer
3	a	v	限る	かぎる	限定	restrict limit confine
3	a	v	掻く	かく	搔；抓	scratch
3	r	v	描く	かく	畫（畫）	draw depict describe
3	a	v	嗅ぐ	かぐ	聞（氣味）	sniff smell
3	h	n	家具	かぐ	家具	furniture
3	e	n	学	がく	學問；～學	learning knowledge
3	s	n	額	がく	金額；畫框	amount frame
3	m	n	覚悟	かくご	覺悟	resolution resignation readiness
3	d	n	確実	かくじつ	確實	certainty reliability soundness
3	e	n	学者	がくしゃ	學者	scholar
3	e	n	学習	がくしゅう	學習（名詞）	study learning
3	a	v	隠す	かくす	隱藏	hide conceal
3	o	n	拡大	かくだい	擴大	magnification enlargement
3	o	n	確認	かくにん	確認	affirmation confirmation
3	e	n	学問	がくもん	學問	scholarship study learning
3	a	v	隠れる	かくれる	躲藏	hide hidden
3	w	n	影	かげ	影子	shade shadow other side
3	o	n	陰	かげ	陰影；背地	shade shadow other side
3	a	v	欠ける	かける	缺少；有缺口	lacking
3	o	n	加減	かげん	調整；程度	adjustment addition subtraction
3	n	n	過去	かこ	過去	past
3	h	n	籠	かご	籃子；籠子	basket cage
3	a	v	囲む	かこむ	包圍	surround encircle
3	c	n	火災	かさい	火災（正式）	conflagration fire
3	a	v	重なる	かさなる	重疊	piled lie top another
3	a	v	重ねる	かさねる	堆疊	pile put another heap
3	h	n	飾り	かざり	裝飾品	decoration
3	s	n	貸し	かし	借出（名詞）	loan lending
3	f	n	菓子	かし	點心（正式）	confectionery sweet
3	h	n	家事	かじ	家事	household matters housework
3	d	i	賢い	かしこい	聰明	wise clever smart
3	r	n	歌手	かしゅ	歌手	singer
3	n	n	数	かず	數量	number figure amount
3	j	v	稼ぐ	かせぐ	賺錢	earn income labor
3	n	v	数える	かぞえる	數（數）	count
3	o	n	型	かた	模型；類型	mold model style
3	b	n	肩	かた	肩膀	shoulder
3	d	i	堅い	かたい	堅硬；堅定	hard firm solid
3	d	i	硬い	かたい	硬（質地）	hard firm solid
3	p	n	方々	かたがた	各位（人們）	persons
3	a	v	片付く	かたづく	整理好；解決	put order solve
3	o	n	刀	かたな	刀	sword saber
3	a	v	語る	かたる	講述	talk tell recite
3	r	n	勝ち	かち	勝利	win victory
3	o	n	価値	かち	價值	value worth merit
3	m	n	がっかり		失望；沮喪	feel disappointed dejected lose
3	d	n	活気	かっき	活力	vigor liveliness vitality energy
3	r	n	楽器	がっき	樂器	musical instrument
3	e	n	学期	がっき	學期	term
3	o	n	活動	かつどう	活動	action activity
3	o	n	活躍	かつやく	活躍	activity
3	e	n	活用	かつよう	活用	conjugation practical
3	e	n	仮定	かてい	假設	assumption supposition hypothesis
3	o	n	過程	かてい	過程	process
3	e	n	課程	かてい	課程	course curriculum
3	m	v	悲しむ	かなしむ	悲痛	sad mourn regret
3	k	k	必ずしも	かならずしも	未必	always necessarily
3	k	k	かなり		相當地（頗）	considerably fairly quite
3	s	n	金	かね	金錢；金屬	gold metal money
3	r	n	鐘	かね	鐘	bell chime
3	d	n	可能	かのう	可能	possible practicable feasible
3	s	n	株	かぶ	股票；樹樁	stock stump
3	a	v	被る	かぶる	蒙受；戴	wear covered
3	m	n	我慢	がまん	忍耐	patience endurance perseverance
3	o	n	上	かみ	上游；上位	first volume superior quality
3	c	n	神	かみ	神	god
3	w	n	雷	かみなり	雷	thunder
3	b	n	髪の毛	かみのけ	頭髮（一根根）	hair
3	e	n	科目	かもく	科目	subject curriculum course
3	k	k	かもしれない		也許	maybe perhaps
3	b	i	かゆい		癢	itchy itching
3	r	n	歌謡	かよう	歌謠	song ballad
3	d	n	空	から	空的	empty
3	o	n	殻	から	殼	shell husk hull
3	o	n	柄	がら	花紋；人品	pattern build character
3	a	v	刈る	かる	割；剪	cut mow harvest
3	w	n	河	かわ	河	river stream
3	o	n	皮	かわ	皮	skin hide leather
3	s	n	革	かわ	皮革	leather
3	m	n	可愛そう	かわいそう	可憐（同情）	poor pitiable pathetic
3	d	i	可愛らしい	かわいらしい	討人喜歡	lovely sweet
3	h	v	乾かす	かわかす	弄乾	dry
3	b	v	渇く	かわく	口渴	thirsty
3	a	v	代る	かわる	代替（自動）	take place relieve substituted
3	f	n	缶	かん	罐子	can tin
3	m	n	勘	かん	直覺	perception intuition sixth sense
3	o	n	考え	かんがえ	想法	thinking thought ideas
3	m	n	感覚	かんかく	感覺	sense sensation
3	o	n	間隔	かんかく	間隔	space interval spc
3	r	n	観客	かんきゃく	觀眾	audience spectator
3	w	n	環境	かんきょう	環境	environment circumstance
3	r	n	歓迎	かんげい	歡迎（名詞）	welcome reception
3	r	n	観光	かんこう	觀光	sightseeing
3	e	n	観察	かんさつ	觀察	observation survey
3	m	n	感じ	かんじ	感覺；印象	feeling sense impression
3	g	g	感謝	かんしゃ	感謝	thanks gratitude
3	b	n	患者	かんじゃ	患者	patient
3	s	n	勘定	かんじょう	算帳	calculation counting consideration
3	m	n	感情	かんじょう	感情	emotion feeling sentiment
3	m	v	感じる	かんじる	感到	feel sense
3	m	n	感心	かんしん	佩服	admiration
3	m	n	関心	かんしん	關心	concern interest
3	k	v	関する	かんする	有關	concern related
3	o	n	完成	かんせい	完成（名詞）	complete completion perfection
3	d	n	完全	かんぜん	完全的	perfection completeness
3	w	n	乾燥	かんそう	乾燥	dry arid dehydrated
3	m	n	感想	かんそう	感想	impressions thoughts
3	m	n	感動	かんどう	感動	deeply moved excitement
3	r	n	監督	かんとく	監督；導演	supervision control director
3	j	n	管理	かんり	管理	control management
3	o	n	完了	かんりょう	完畢	completion conclusion
3	o	n	関連	かんれん	關聯	relation connection relevance
3	c	n	議員	ぎいん	議員	member diet congress parliament
3	m	n	記憶	きおく	記憶	memory recollection remembrance
3	w	n	気温	きおん	氣溫	temperature
3	x	n	機械	きかい	機械	machine machinery
3	x	n	器械	きかい	器械	instrument
3	c	n	議会	ぎかい	議會	diet congress parliament
3	n	n	期間	きかん	期間	period term
3	c	n	機関	きかん	機關；機構	engine institution organization
3	j	n	企業	きぎょう	企業	industry business undertaking
3	a	v	効く	きく	有效	effective
3	n	n	期限	きげん	期限	deadline term
3	m	n	機嫌	きげん	心情；情緒	humor temper mood
3	w	n	気候	きこう	氣候	climate
3	w	n	岸	きし	岸	bank coast shore
3	s	n	生地	きじ	布料；麵團	fabric dough
3	c	n	記事	きじ	報導	article news story
3	j	n	技師	ぎし	技師	engineer technician
3	c	n	記者	きしゃ	記者	reporter
3	b	n	傷	きず	傷口	wound injury hurt
3	m	n	期待	きたい	期待	expectation anticipation hope
3	x	n	気体	きたい	氣體	vapor gas
3	h	n	帰宅	きたく	回家（正式）	returning home
3	d	n	貴重	きちょう	貴重	precious valuable
3	c	n	議長	ぎちょう	議長	chairman
3	k	k	きちんと		整齊地；好好地	precisely accurately
3	d	i	きつい		緊；吃力	tight close intense
3	a	v	気付く	きづく	察覺	notice recognize become aware
3	m	v	気に入る	きにいる	中意	like please
3	j	n	記入	きにゅう	填寫	entry filling forms
3	r	n	記念	きねん	紀念	commemoration memory
3	x	n	機能	きのう	機能	function faculty
3	m	n	気の毒	きのどく	可憐；過意不去	pitiful pity
3	c	n	寄付	きふ	捐款	contribution donation
3	m	n	希望	きぼう	希望	hope wish aspiration
3	o	n	基本	きほん	基本	basic basis
3	c	n	決まり	きまり	規定；決定	settlement conclusion rule
3	k	k	気味	きみ	有點～的感覺	like looking looked
3	d	n	奇妙	きみょう	奇妙	strange queer curious
3	c	n	義務	ぎむ	義務	duty obligation responsibility
3	o	n	疑問	ぎもん	疑問	question problem doubt
3	d	n	逆	ぎゃく	相反	reverse opposite
3	r	n	キャプテン		隊長	captain
3	r	n	キャンプ		露營	camp
3	k	k	旧	きゅう	舊～	
3	o	n	級	きゅう	等級	class grade rank
3	o	n	球	きゅう	球	globe sphere ball
3	j	n	休暇	きゅうか	休假（正式）	vacation holiday day
3	j	n	休憩	きゅうけい	休息（中場）	rest break intermission
3	d	n	急激	きゅうげき	急遽	sudden precipitous radical
3	x	n	吸収	きゅうしゅう	吸收	absorption suction
3	c	n	救助	きゅうじょ	救助	relief aid rescue
3	d	n	急速	きゅうそく	快速	rapid
3	b	n	休息	きゅうそく	休息（正式）	rest relief relaxation
3	k	k	急に	きゅうに	突然	suddenly
3	j	n	給料	きゅうりょう	薪水	salary wages
3	d	n	器用	きよう	靈巧	skillful handy
3	e	n	教科書	きょうかしょ	教科書	textbook
3	r	n	競技	きょうぎ	競技	game match contest
3	c	n	行儀	ぎょうぎ	規矩；禮貌	manners
3	j	n	供給	きょうきゅう	供給	supply provision
3	e	n	教授	きょうじゅ	教授	teaching instruction professor
3	o	n	強調	きょうちょう	強調	emphasis stress stressed point
3	o	n	共通	きょうつう	共通	commonness mutual
3	o	n	共同	きょうどう	共同	cooperation association collaboration
3	m	n	恐怖	きょうふ	恐怖	fear terror
3	j	n	協力	きょうりょく	協助；合作	cooperation collaboration
3	d	n	強力	きょうりょく	強力	powerful strong
3	c	n	許可	きょか	許可	permission approval
3	c	n	局	きょく	～局	office bureau station
3	d	n	巨大	きょだい	巨大	huge gigantic enormous
3	m	v	嫌う	きらう	嫌棄	hate dislike loathe
3	w	n	霧	きり	霧	fog mist
3	o	n	切れ	きれ	布塊；切片	cloth piece cut
3	a	v	切れる	きれる	鋒利；斷掉	cut well sharp break
3	o	n	記録	きろく	記錄	record minutes document
3	o	n	議論	ぎろん	議論	argument discussion dispute
3	s	n	金	きん	金	gold metal money
3	s	n	銀	ぎん	銀	silver
3	c	n	禁煙	きんえん	禁菸	smoking
3	s	n	金額	きんがく	金額	amount money
3	s	n	金庫	きんこ	保險箱	safe vault
3	c	n	禁止	きんし	禁止	prohibition ban
3	s	n	金銭	きんせん	金錢（正式）	money cash
3	x	n	金属	きんぞく	金屬	metal
3	n	n	近代	きんだい	近代	modern times
3	m	n	緊張	きんちょう	緊張	tension mental strain nervousness
3	b	n	筋肉	きんにく	肌肉	muscle sinews
3	c	n	金融	きんゆう	金融	finance money banking
3	e	n	句	く	句子	phrase
3	f	v	食う	くう	吃（粗俗）	eat
3	k	k	偶然	ぐうぜん	偶然	chance unexpectedly
3	d	i	臭い	くさい	臭	stinky smelly bad smelling
3	h	n	鎖	くさり	鎖鏈	chain
3	f	v	腐る	くさる	腐爛	rot bad
3	m	n	癖	くせ	癖好	habit peculiarity
3	h	n	管	くだ	管子	pipe tube
3	o	n	具体	ぐたい	具體	concrete tangible material
3	t	n	下り	くだり	下行（列車）	down train
3	a	v	下る	くだる	下去；下降	get down descend
3	b	n	苦痛	くつう	痛苦	pain agony
3	h	n	ぐっすり		熟睡	sound asleep fast asleep
3	o	n	区別	くべつ	區別	distinction differentiation classification
3	e	n	組	くみ	組；班	class team set
3	j	n	組合	くみあい	工會；合作社	association union
3	a	v	組む	くむ	組合；交叉	put together
3	a	v	汲む	くむ	汲取	draw scoop pump
3	f	v	酌む	くむ	斟酒	serve sake
3	m	i	悔しい	くやしい	不甘心	regrettable mortifying vexing
3	o	n	位	くらい	地位；大約	grade rank about
3	h	n	暮らし	くらし	生活（日子）	living life style
3	r	n	クラシック		古典	classic
3	h	v	暮らす	くらす	過日子	live get along
3	f	n	グラス		玻璃杯（外來語）	glass grass
3	r	n	グランド		運動場	gland grand ground
3	f	n	クリーム		奶油（鮮奶油）	cream
3	a	v	繰り返す	くりかえす	反覆	repeat again
3	r	n	クリスマス		聖誕節	christmas
3	a	v	狂う	くるう	發瘋；失常	mad get order
3	p	n	グループ		團體；小組	group
3	m	i	苦しい	くるしい	痛苦；困苦	tough physically strenuous
3	m	v	苦しむ	くるしむ	受苦	suffer groan worried
3	n	n	暮れ	くれ	年底	year end
3	m	n	苦労	くろう	辛勞	hardship suffering
3	a	v	加える	くわえる	加上	append sum add
3	a	v	咥える	くわえる	叼著	hold mouth
3	d	i	詳しい	くわしい	詳細	detailed full accurate
3	a	v	加わる	くわわる	加入	join accede
3	e	n	訓	くん	訓讀	native japanese reading chinese
3	c	n	軍	ぐん	軍	army force troops
3	c	n	郡	ぐん	郡	country district
3	c	n	軍隊	ぐんたい	軍隊	army troops
3	o	n	訓練	くんれん	訓練	practice training
3	o	n	下	げ	下（等）	under below beneath
3	n	n	計	けい	合計；計畫	plan sum total
3	p	n	敬意	けいい	敬意	respect honor
3	j	n	経営	けいえい	經營	management administration
3	c	n	景気	けいき	景氣	condition state business
3	o	n	傾向	けいこう	傾向	tendency trend inclination
3	c	n	警告	けいこく	警告	warning
3	n	n	計算	けいさん	計算	calculation reckoning
3	c	n	掲示	けいじ	公告	notice bulletin
3	c	n	刑事	けいじ	刑警	criminal case detective
3	r	n	芸術	げいじゅつ	藝術	art arts
3	j	n	契約	けいやく	契約	contract compact agreement
3	t	n	経由	けいゆ	經由	way via
3	o	n	ケース		箱子；案例	case
3	r	n	ゲーム		遊戲	game
3	r	n	劇	げき	戲劇（劇）	drama play
3	r	n	劇場	げきじょう	劇場	theater playhouse
3	s	n	化粧	けしょう	化妝	
3	m	n	けち		小氣	stinginess miser
3	b	n	血液	けつえき	血液	blood
3	o	n	結果	けっか	結果	result consequence
3	o	n	欠陥	けっかん	缺陷	defect fault deficiency
3	k	k	結局	けっきょく	結果；終究	after all eventually
3	m	n	決心	けっしん	決心	determination resolution
3	e	n	欠席	けっせき	缺席	absence non attendance
3	o	n	決定	けってい	決定（名詞）	decision determination
3	o	n	欠点	けってん	缺點	faults defect weakness
3	o	n	結論	けつろん	結論	conclusion
3	w	n	煙	けむり	煙	smoke fumes
3	a	v	蹴る	ける	踢	kick
3	s	n	券	けん	～券	ticket certificate
3	c	n	県	けん	縣	prefecture
3	o	n	見解	けんかい	見解	opinion point view
3	o	n	限界	げんかい	界限	limit bound
3	s	n	現金	げんきん	現金	cash
3	e	n	言語	げんご	語言（學術）	language
3	b	n	健康	けんこう	健康	health
3	b	n	検査	けんさ	檢查	inspection examination
3	n	n	現在	げんざい	現在（正式）	now present current
3	o	n	現実	げんじつ	現實	reality
3	o	n	現象	げんしょう	現象	phenomenon
3	o	n	現状	げんじょう	現狀	present condition status quo
3	x	n	建設	けんせつ	建設	construction foundation
3	n	n	現代	げんだい	現代	today present day
3	x	n	建築	けんちく	建築	construction architecture
3	o	n	見当	けんとう	估計；方向	estimate guess
3	j	n	検討	けんとう	研討；探討	consideration examination investigation
3	o	n	現場	げんば	現場	actual spot scene field
3	c	n	憲法	けんぽう	憲法	constitution
3	c	n	権利	けんり	權利	right privilege
3	n	n	後	ご	～之後	afterwards since then
3	r	n	碁	ご	圍棋	
3	m	n	恋	こい	戀愛	love tender passion
3	d	i	濃い	こい	濃	thick dense strong
3	p	n	恋人	こいびと	戀人	lover sweetheart girlfriend
3	o	n	幸運	こううん	幸運	good luck fortune
3	e	n	講演	こうえん	演講（講演）	lecture talk
3	o	n	効果	こうか	效果	effect result
3	s	n	硬貨	こうか	硬幣	coin
3	s	n	高価	こうか	高價	high price
3	d	n	豪華	ごうか	豪華	luxurious gorgeous extravagance
3	e	n	合格	ごうかく	合格	success passing
3	o	n	交換	こうかん	交換（名詞）	exchange swap
3	t	n	航空	こうくう	航空	aviation flying
3	o	n	光景	こうけい	光景	scene spectacle
3	n	n	合計	ごうけい	合計	sum total total amount
3	c	n	攻撃	こうげき	攻擊	attack strike offensive
3	c	n	貢献	こうけん	貢獻	contribution services
3	j	n	広告	こうこく	廣告	advertisement
3	p	n	交際	こうさい	交往	friendship association acquaintance
3	e	n	校舎	こうしゃ	校舍	school building
3	o	n	後者	こうしゃ	後者	latter
3	x	n	工場	こうば	工廠（小）	factory plant
3	c	n	公正	こうせい	公正	justice fairness impartiality
3	o	n	構成	こうせい	構成	organization composition
3	t	n	高速	こうそく	高速	high speed high gear
3	o	n	行動	こうどう	行動	action conduct behavior
3	c	n	強盗	ごうとう	強盜	robbery burglary
3	p	n	後輩	こうはい	後輩	junior members group
3	m	n	幸福	こうふく	幸福（正式）	happiness blessedness
3	c	n	公平	こうへい	公平	fairness impartial justice
3	c	n	候補	こうほ	候選人	candidacy
3	o	n	考慮	こうりょ	考慮	consideration taking account
3	t	v	越える	こえる	越過	exceed cross cross
3	a	v	超える	こえる	超過（數量）	exceed cross cross
3	r	n	コーチ		教練	coach
3	x	n	コード		密碼；電線；和弦	code cord chord
3	w	n	氷	こおり	冰	ice hail
3	w	v	凍る	こおる	結冰	freeze frozen congeal
3	r	n	ゴール		終點；球門	goal
3	p	n	誤解	ごかい	誤會	misunderstanding
3	e	n	語学	ごがく	語言學習	language study
3	b	n	呼吸	こきゅう	呼吸（名詞）	breath respiration
3	t	n	故郷	こきょう	故鄉	hometown
3	k	k	極	ごく	極為	quite
3	e	n	国語	こくご	國語	national language
3	c	n	国籍	こくせき	國籍	nationality
3	e	n	黒板	こくばん	黑板	blackboard
3	o	n	克服	こくふく	克服	conquest overcome
3	c	n	国民	こくみん	國民	national people citizen
3	f	n	穀物	こくもつ	穀物	grain cereal corn
3	b	n	腰	こし	腰	hip waist
3	f	n	胡椒	こしょう	胡椒	pepper
3	p	n	個人	こじん	個人	individual private person
3	a	v	越す	こす	度過；越過	
3	a	v	超す	こす	超越	cross pass tide
3	c	n	国家	こっか	國家（正式）	state country nation
3	c	n	国会	こっかい	國會	national diet parliament congress
3	c	n	国境	こっきょう	國界	national state border
3	b	n	骨折	こっせつ	骨折	bone fracture
3	h	n	小包	こづつみ	包裹	parcel package
3	r	n	琴	こと	古琴（日本箏）	japanese harp
3	a	v	異なる	ことなる	不同（書面）	differ vary
3	e	n	諺	ことわざ	諺語	proverb saying
3	a	v	断る	ことわる	拒絕	refuse decline dismiss
3	f	n	粉	こな	粉	flour powder
3	m	n	好み	このみ	喜好	liking taste choice
3	m	v	好む	このむ	喜好（動詞）	like prefer
3	a	v	こぼす		灑出（他動）	spill
3	a	v	こぼれる		溢出	overflow spill
3	h	n	塵	ごみ	灰塵；垃圾	garbage litter
3	f	n	小麦	こむぎ	小麥	wheat
3	g	g	ごめんなさい		對不起（道歉）	beg your pardon excuse
3	h	n	小屋	こや	小屋	hut cabin shed
3	k	k	これら		這些	these
3	c	v	殺す	ころす	殺	kill
3	a	v	転ぶ	ころぶ	跌倒	fall down fall
3	n	n	今回	こんかい	這次	now time lately
3	n	n	今後	こんご	今後	now hereafter
3	t	n	混雑	こんざつ	混雜	confusion congestion
3	k	k	こんなに		這麼地	like way
3	o	n	困難	こんなん	困難	difficulty distress
3	n	n	今日	こんにち	今日；當今	today day
3	g	g	こんにちは		你好	hello good day
3	p	n	婚約	こんやく	訂婚	engagement betrothal
3	o	n	混乱	こんらん	混亂	chaos confusion mayhem
3	o	n	差	さ	差距	difference variation
3	s	n	サービス		服務；免費贈送	service support system goods
3	k	k	際	さい	～之際	occasion circumstances
3	d	n	最高	さいこう	最高；最棒	highest supreme most
3	s	n	財産	ざいさん	財產	property fortune assets
3	n	n	最終	さいしゅう	最終	last closing
3	n	n	最中	さいちゅう	正在～中途	middle
3	d	n	最低	さいてい	最低；最差	least lowest worst
3	o	n	才能	さいのう	才能	talent ability
3	c	n	裁判	さいばん	審判	trial judgment
3	f	n	材料	ざいりょう	材料	ingredients material
3	k	k	幸い	さいわい	幸好	fortunately luckily
3	o	n	サイン		簽名（外來語）	autograph sign sine
3	t	n	境	さかい	邊界	border boundary mental state
3	a	v	逆らう	さからう	違抗	against oppose disobey
3	o	n	盛り	さかり	全盛；一盤份量	helping serving
3	j	n	作業	さぎょう	作業；工作	work operation manufacturing
3	a	v	裂く	さく	撕裂	tear split
3	n	n	昨	さく	昨～；去～	last yesterday
3	r	n	作品	さくひん	作品	work opus production
3	w	n	作物	さくもつ	農作物	produce crops
3	w	n	桜	さくら	櫻花	cherry blossom cherry tree
3	f	n	酒	さけ	酒（日本酒）	alcohol sake
3	a	v	叫ぶ	さけぶ	喊叫	shout cry
3	a	v	避ける	さける	避開	avoid ward avert
3	a	n	支える	ささえる	支撐	support hold sustain
3	a	v	刺さる	ささる	刺入	stick stuck
3	a	v	刺す	さす	刺；叮	sting bite prick stab
3	a	v	指す	さす	指；指向	point
3	a	v	挿す	さす	插	insert put graft
3	a	v	注す	さす	注入；倒入	pour serve
3	w	v	射す	さす	（光線）照射	shine strike
3	t	n	座席	ざせき	座位（正式）	seat
3	p	v	誘う	さそう	邀約；引誘	invite tempt lure
3	s	n	札	さつ	紙鈔	bill note
3	r	n	作家	さっか	作家	author writer novelist
3	r	n	作曲	さっきょく	作曲	composition
3	k	k	ざっと		粗略地	roughly round numbers
3	d	n	さっぱり		清爽；完全（不）	feeling refreshed neat
3	k	k	さて		那麼（轉換話題）	well now
3	w	n	砂漠	さばく	沙漠	desert
3	c	n	差別	さべつ	歧視	discrimination differentiation
3	p	n	ママ		媽咪	mama
3	f	n	豆	まめ	豆子	beans peas
3	a	v	守る	まもる	保護；遵守	protect abide
3	a	v	迷う	まよう	迷路；猶豫	puzzled perplexed lose way
3	o	n	丸	まる	圓圈	circle full
3	o	n	円	まる	圓形	circle
3	k	k	まるで		簡直像	just like
3	k	k	万一	まんいち	萬一	some chance any chance
3	m	n	満足	まんぞく	滿足	satisfaction
3	b	n	身	み	身體；自身	body main part
3	w	n	実	み	果實	fruit seed good result
3	r	n	見送り	みおくり	送行	seeing
3	p	n	味方	みかた	夥伴；支持者	ally supporter
3	d	n	見事	みごと	漂亮；精彩	splendid magnificent
3	o	n	ミス		失誤	miss miss
3	a	v	満ちる	みちる	充滿	full mature
3	o	n	蜜	みつ	蜂蜜；祕密	thick close
3	a	v	認める	みとめる	承認；認可	recognize notice approve
3	b	n	見舞い	みまい	慰問	sympathy concern
3	r	n	土産	みやげ	土產；伴手禮	souvenir
3	t	n	都	みやこ	首都（古稱）	city capital
3	d	n	妙	みょう	奇妙（妙）	strange unusual
3	n	n	明後日	みょうごにち	後天（正式）	day after tomorrow
3	n	n	未来	みらい	未來	future
3	o	n	魅力	みりょく	魅力	charm fascination appeal
3	b	v	診る	みる	診察	examine
3	f	n	ミルク		牛奶（外來語）	milk
3	o	n	無	む	無	nothing naught zero
3	t	i	向かい	むかい	對面（正對）	facing opposite across
3	t	n	迎え	むかえ	迎接（名詞）	meeting person sent pick
3	a	v	向く	むく	朝向（自動）	face
3	f	v	剥く	むく	剝（皮）	peel skin
3	a	v	向ける	むける	朝向（他動）	turn towards point
3	o	n	無視	むし	無視	disregard ignore
3	w	i	蒸し暑い	むしあつい	悶熱	humid sultry
3	b	n	虫歯	むしば	蛀牙	cavity tooth decay
3	k	k	寧ろ	むしろ	倒不如	rather better instead
3	f	v	蒸す	むす	蒸	steam poultice sultry
3	a	v	結ぶ	むすぶ	綁；連結	tie bind link
3	o	n	無駄	むだ	浪費；徒勞	futility uselessness
3	m	n	夢中	むちゅう	入迷	crush crazy hooked
3	b	n	胸	むね	胸部	breast chest
3	s	n	無料	むりょう	免費	free charge
3	w	n	芽	め	芽	sprout
3	d	n	明確	めいかく	明確	clear definite
3	j	n	名刺	めいし	名片	card business card
3	e	n	名詞	めいし	名詞	noun
3	a	v	命じる	めいじる	命令（動詞）	order command appoint
3	p	n	名人	めいじん	名人；高手	master expert
3	c	n	命令	めいれい	命令	order command decree
3	p	n	迷惑	めいわく	麻煩；困擾	trouble bother annoyance
3	p	n	目上	めうえ	長輩	person higher status senior
3	f	n	飯	めし	飯（男性用語）	meals food
3	k	k	滅多に	めったに	很少；難得	rarely seldom
3	e	n	メモ		筆記；備忘錄	memorandum note
3	o	n	面	めん	面；面具	face mug surface side
3	s	n	綿	めん	棉（正式）	cotton
3	c	n	免許	めんきょ	執照	license permit certificate
3	j	n	面接	めんせつ	面試	interview
3	o	n	面倒	めんどう	麻煩（費事）	trouble attention
3	p	n	メンバー		成員	member
3	j	v	申し込む	もうしこむ	申請	apply application
3	g	g	申し訳	もうしわけ	歉意；藉口	apology excuse
3	h	n	毛布	もうふ	毛毯	blanket
3	w	v	燃える	もえる	燃燒	burn
3	o	n	目的	もくてき	目的	purpose goal aim
3	o	n	目標	もくひょう	目標	mark objective target
3	e	n	文字	もじ	文字	letter character
3	k	k	もしかすると		說不定	perhaps maybe some chance
3	k	k	もしも		萬一；如果	
3	a	v	持ち上げる	もちあげる	舉起；奉承	raise lift flatter
3	a	v	用いる	もちいる	使用（書面）	
3	m	i	もったいない		可惜；浪費	wasteful more than deserves
3	k	k	尤も	もっとも	有道理；不過	quite right plausible natural
3	o	n	元	もと	原本；以前	origin original former
3	o	n	基	もと	基礎	basis
3	o	n	素	もと	原料；素	prime
3	a	v	戻す	もどす	恢復；放回	restore put back return
3	a	v	基づく	もとづく	根據；基於	grounded based
3	a	v	求める	もとめる	要求；尋求	request ask seek search
3	p	n	者	もの	者；人	person
3	o	n	物音	ものおと	聲響	sounds
3	r	n	物語	ものがたり	故事	tale story legend
3	o	n	物事	ものごと	事物	things everything
3	a	v	燃やす	もやす	燃燒（他動）	burn
3	o	n	模様	もよう	花樣；情形	pattern figure design
3	m	n	文句	もんく	抱怨	complaint
3	k	k	やがて		不久；終於	before long soon length
3	j	n	役	やく	角色；職務	role position
3	n	n	約	やく	約～	approximately about some
3	e	n	訳	やく	翻譯（名詞）	translation
3	e	v	訳す	やくす	翻譯（動詞）	translate
3	j	n	役割	やくわり	任務；角色	assigning parts role duties
3	h	n	家賃	やちん	房租	rent
3	o	n	厄介	やっかい	麻煩；照料	trouble burden care
3	r	n	宿	やど	旅店	inn lodging
3	j	v	雇う	やとう	雇用	employ hire
3	h	n	屋根	やね	屋頂（屋簷）	roof
3	a	v	破る	やぶる	撕破；打破	tear violate defeat
3	a	v	破れる	やぶれる	破掉	get torn wear
3	j	v	辞める	やめる	辭職	retire
3	k	k	やや		稍微	little partially somewhat
3	d	n	唯一	ゆいいつ	唯一	only sole unique
3	m	n	勇気	ゆうき	勇氣	courage bravery boldness
3	c	n	友好	ゆうこう	友好	friendship
3	d	n	有効	ゆうこう	有效的	valid effectual
3	d	n	優秀	ゆうしゅう	優秀	superiority excellence
3	r	n	優勝	ゆうしょう	優勝；冠軍	overall victory championship
3	p	n	友情	ゆうじょう	友情	friendship fellowship
3	p	n	友人	ゆうじん	友人	friend
3	d	n	有能	ゆうのう	有能力	able capable efficient
3	h	n	郵便	ゆうびん	郵件；郵政	mail postal service
3	m	n	ユーモア		幽默	humor
3	d	n	有利	ゆうり	有利	advantageous better
3	h	n	床	ゆか	地板	floor
3	m	n	愉快	ゆかい	愉快	pleasant happy
3	a	v	譲る	ゆずる	讓給	turn assign hand
3	d	n	豊か	ゆたか	豐富	abundant wealthy plentiful rich
3	f	v	茹でる	ゆでる	水煮	boil
3	a	v	許す	ゆるす	允許；原諒	permit allow approve
3	n	n	夜	よ	夜（文雅）	evening night
3	n	n	夜明け	よあけ	黎明	dawn daybreak
3	f	v	酔う	よう	喝醉	get drunk
3	d	n	容易	ようい	容易（書面）	easy simple plain
3	h	n	容器	ようき	容器	container vessel
3	w	n	陽気	ようき	天候；開朗	season weather cheerfulness
3	o	n	要求	ようきゅう	要求	request demand
3	o	n	用心	ようじん	小心；提防	care precaution caution
3	o	n	様子	ようす	樣子；情形	aspect state appearance
3	k	k	要するに	ようするに	總之	after all short
3	o	n	要素	ようそ	要素	element
3	o	n	要点	ようてん	要點	gist main point
3	n	n	曜日	ようび	星期（～曜日）	day week
3	t	n	ヨーロッパ		歐洲	europe
3	o	n	予期	よき	預期	expectation forecast
3	t	v	横切る	よこぎる	橫越（穿過）	cross traverse
3	a	v	汚す	よごす	弄髒	pollute dirty
3	s	n	予算	よさん	預算	estimate budget
3	a	v	止す	よす	作罷	cease give
3	a	v	寄せる	よせる	靠近；寄	collect gather put aside
3	o	n	予測	よそく	預測	prediction estimation
3	r	n	ヨット		帆船；遊艇	yacht
3	n	n	夜中	よなか	半夜	midnight dead night
3	c	n	世の中	よのなか	世上；社會	society world
3	d	n	余分	よぶん	多餘	extra excess surplus
3	w	n	予報	よほう	預報	forecast prediction
3	b	n	予防	よぼう	預防	prevention protection against
3	e	n	読み	よみ	讀法	reading
3	p	n	嫁	よめ	新娘；媳婦	bride daughter law
3	o	n	余裕	よゆう	從容；餘裕	excess surplus
3	k	v	因る	よる	由於	come
3	m	n	喜び	よろこび	喜悅	joy pleasure rejoicing
3	g	g	よろしく		請多指教；代問好	best regards please remember
3	n	n	四	よん	四（另一讀法）	four
3	n	n	来	らい	下（一個）～	next
3	h	n	ライター		打火機；作家	lighter writer
3	d	n	楽	らく	輕鬆	comfort ease
3	r	n	ラケット		球拍	racket
3	j	n	利益	りえき	利益	profits gains
3	o	n	理解	りかい	理解	understanding comprehension
3	w	n	陸	りく	陸地	land shore
3	d	n	利口	りこう	聰明伶俐	clever shrewd bright
3	p	n	離婚	りこん	離婚	divorce
3	o	n	理想	りそう	理想	ideal
3	n	n	率	りつ	比率	rate ratio percentage
3	e	n	留学	りゅうがく	留學	studying abroad
3	s	n	流行	りゅうこう	流行	fashionable fad prevailing
3	n	n	量	りょう	量	quantity amount
3	h	n	寮	りょう	宿舍	hostel dormitory
3	s	n	両替	りょうがえ	換錢	change money exchange
3	s	n	料金	りょうきん	費用	fee charge fare
3	e	n	例	れい	例子	instance example case
3	g	g	礼	れい	禮；道謝	gratitude bow
3	o	n	例外	れいがい	例外	exception
3	c	n	礼儀	れいぎ	禮儀	manners courtesy etiquette
3	m	n	冷静	れいせい	冷靜	calm coolness
3	o	n	列	れつ	隊伍；列	queue line row
3	t	n	列車	れっしゃ	列車	train
3	o	n	レベル		水準（外來語）	level
3	o	n	連想	れんそう	聯想	association suggestion
3	o	n	連続	れんぞく	連續	consecutive continuity continuing
3	p	n	老人	ろうじん	老人	aged old person
3	j	n	労働	ろうどう	勞動	labor work
3	x	n	ロケット		火箭	locket rocket
3	e	v	論じる	ろんじる	論述	argue discuss
3	o	n	論争	ろんそう	爭論	controversy dispute
3	e	n	論文	ろんぶん	論文	thesis paper
3	o	n	輪	わ	圈；環	ring hoop circle
3	f	n	ワイン		葡萄酒	wine
3	m	n	わがまま		任性	selfishness egoism willfulness
3	p	n	別れ	わかれ	離別	parting separation farewell
3	a	v	分かれる	わかれる	分岔；分開	branch diverge
3	t	n	脇	わき	腋下；旁邊	side
3	w	v	湧く	わく	湧出	boil grow hot
3	a	v	分ける	わける	分開；分配	divide separate
3	k	k	わざと		故意	purpose
3	k	k	僅か	わずか	僅僅	only merely little
3	s	n	綿	わた	棉花	cotton
3	e	n	話題	わだい	話題	topic subject
3	m	n	笑い	わらい	笑聲	laugh laughter smile
3	a	v	割る	わる	打破；分割	divide break
3	p	n	悪口	わるくち	壞話	abuse insult
3	p	n	我々	われわれ	我們	
3	w	n	湾	わん	海灣	bay gulf inlet
3	f	n	椀	わん	木碗	bowl
3	o	n	悪	あく	惡	evil vice
3	o	n	当り	あたり	命中；成功	hit success reaching mark
3	o	n	アップ		提高；上升	
3	a	v	宛てる	あてる	寄給（收件人）	address put
3	e	n	アンケート		問卷	questionnaire survey
3	o	n	異	い	異議	objection
3	m	n	意	い	意志；心意	will
3	b	n	医院	いいん	診所	doctor office clinic
3	m	n	怒り	いかり	憤怒	anger
3	d	n	粋	いき	瀟灑	chic style purity
3	m	n	意地	いじ	固執；志氣	disposition spirit obstinacy appetite
3	k	k	依然	いぜん	依然	still yet
3	a	v	傷める	いためる	損傷	damage impair spoil
3	f	v	炒める	いためる	炒	stir fry
3	t	n	一帯	いったい	一帶（地區）	region whole place
3	j	n	異動	いどう	人事異動	change transfer
3	s	n	衣料	いりょう	衣料	clothing
3	w	n	渦	うず	漩渦	swirl
3	a	v	埋まる	うまる	被埋；填滿	buried filled
3	p	v	産む	うむ	生（孩子）	give birth deliver produce
3	p	n	縁	えん	緣分	chance tie relationship
3	w	n	尾	お	尾巴	tail ridge
3	a	v	負う	おう	背負；承擔	bear owe
3	n	n	遅れ	おくれ	延誤	delay lag
3	e	n	教え	おしえ	教誨	teachings doctrine
3	m	n	驚き	おどろき	驚訝（名詞）	surprise astonishment wonder
3	s	v	織る	おる	編織	weave
3	a	v	欠く	かく	欠缺	lack crack
3	n	n	角	かく	角度	angle
3	x	n	核	かく	核心；核	nucleus kernel
3	o	n	格	かく	等級；格	status character case
3	e	n	学歴	がくれき	學歷	academic background
3	a	v	駆ける	かける	奔跑	run
3	r	v	賭ける	かける	打賭	bet risk gamble
3	e	n	課題	かだい	課題	subject theme task
3	h	n	片付け	かたづけ	收拾（名詞）	tidying finishing
3	o	n	加味	かみ	加味；考慮進去	seasoning flavoring
3	s	n	借り	かり	借（名詞）；欠	borrowing debt loan
3	r	n	狩り	かり	狩獵	hunting
3	x	n	管	かん	管（管線）	pipe tube
3	o	n	観	かん	觀；看法	feeling view
3	b	n	癌	がん	癌症	cancer
3	e	n	刊行	かんこう	發行	publication issue
3	c	n	慣行	かんこう	慣例	customary practice habit traditional
3	r	n	歓声	かんせい	歡呼聲	cheer shout joy
3	c	n	官僚	かんりょう	官僚	bureaucrat bureaucracy
3	b	n	器官	きかん	器官	organ
3	e	n	季刊	きかん	季刊	quarterly
3	o	n	起源	きげん	起源	origin beginning rise
3	c	n	機構	きこう	機構（結構）	mechanism organization
3	a	v	築く	きずく	築起；建立	build establish
3	c	n	規制	きせい	管制	regulation
3	w	n	丘陵	きゅうりょう	丘陵	hill
3	c	n	協議	きょうぎ	協議	conference discussion negotiation
3	o	n	享受	きょうじゅ	享受（名詞）	enjoyment given
3	o	n	協調	きょうちょう	協調	operation conciliation harmony
3	o	n	切り	きり	界限；段落	limits place leave
3	b	n	菌	きん	細菌	germ bacterium
3	b	n	近視	きんし	近視	nearsightedness
3	m	n	苦	く	苦	trouble worry difficulty
3	o	n	群	ぐん	群	group
3	c	n	刑	けい	刑罰	penalty sentence punishment
3	o	n	経緯	けいい	來龍去脈	sequence events course
3	x	n	計器	けいき	儀表	meter gauge
3	o	n	契機	けいき	契機	opportunity chance
3	x	n	携帯	けいたい	攜帶；手機	carrying mobile telephone
3	o	n	形態	けいたい	形態	shape figure
3	b	n	血管	けっかん	血管	blood vessel
3	o	n	決行	けっこう	斷然實行	doing carrying
3	o	n	件	けん	～件（事）	matter case item
3	o	n	減少	げんしょう	減少	decrease reduction decline
3	r	n	公演	こうえん	公演	public performance
3	m	n	後悔	こうかい	後悔	regret repentance
3	t	n	航海	こうかい	航海	sail voyage
3	c	n	拘束	こうそく	拘束	restriction restraint
3	o	n	荒廃	こうはい	荒廢	ruin
3	c	n	降伏	こうふく	投降	capitulation surrender submission
3	m	n	興奮	こうふん	興奮	excitement stimulation
3	e	n	語句	ごく	詞句	words phrases
3	o	n	個々	ここ	個別	individual
3	p	n	故人	こじん	故人	deceased
3	s	n	小銭	こぜに	零錢	coins small change
3	k	k	ことによると		說不定（視情況）	
3	r	n	コンテスト		比賽（競賽）	contest
3	o	n	採集	さいしゅう	採集	collecting gathering
3	r	n	作	さく	作品；收成	work harvest
3	o	n	策	さく	策略	plan policy
3	x	n	設備	せつび	設備	equipment device facilities
3	w	n	絶滅	ぜつめつ	滅絕	destruction extinction
3	s	n	節約	せつやく	節約	economizing saving
3	c	v	攻める	せめる	進攻	attack assault
3	p	v	責める	せめる	責備	condemn blame criticize
3	o	n	善	ぜん	善	good virtue
3	k	k	全	ぜん	全～	all whole entire
3	p	n	全員	ぜんいん	全員	all members
3	e	n	専攻	せんこう	主修	major subject special study
3	c	n	全国	ぜんこく	全國	entire nation country wide
3	h	n	洗剤	せんざい	洗潔劑	detergent
3	n	n	先日	せんじつ	前幾天（正式）	other day few days
3	o	n	前者	ぜんしゃ	前者	former
3	r	n	選手	せんしゅ	選手	player selected team
3	b	n	全身	ぜんしん	全身	whole body full length
3	o	n	前進	ぜんしん	前進	advance drive progress
3	t	n	センター		中心（外來語）	center
3	o	n	全体	ぜんたい	整體	whole entirety whatever
3	o	n	選択	せんたく	選擇（名詞）	selection choice
3	j	n	宣伝	せんでん	宣傳	advertisement publicity
3	w	n	象	ぞう	大象	elephant
3	o	n	騒音	そうおん	噪音	noise
3	o	n	増加	ぞうか	增加（名詞）	increase addition
3	x	n	操作	そうさ	操作	operation management processing
3	m	n	想像	そうぞう	想像	imagination guess
3	c	n	相続	そうぞく	繼承	succession inheritance
3	x	n	装置	そうち	裝置	equipment installation apparatus
3	k	k	相当	そうとう	相當（程度）	considerably fairly worth
3	t	n	速度	そくど	速度	speed velocity rate
3	o	n	底	そこ	底部	bottom sole
3	k	k	そこで		於是（因此）	accordingly
3	c	n	組織	そしき	組織	organization structure tissue
3	k	k	そして		然後；而且	then
3	a	v	注ぐ	そそぐ	倒入；注入	pour
3	p	v	育つ	そだつ	成長；長大	brought grow
3	k	k	そっくり		一模一樣	splitting image entirely
3	k	k	そっと		悄悄地	softly gently
3	s	n	袖	そで	袖子	sleeve
3	a	v	備える	そなえる	準備；具備	prepare furnish store
3	a	v	具える	そなえる	具備	furnished
3	k	k	そのうえ		而且（再加上）	addition furthermore
3	n	n	そのうち		過幾天；不久	before long eventually sooner
3	k	k	そのまま		就那樣	without change
3	f	n	蕎麦	そば	蕎麥麵	soba
3	h	n	ソファー		沙發	sofa couch
3	d	n	粗末	そまつ	簡陋；不珍惜	miserable crude
3	k	k	それぞれ		各自	each every respectively
3	k	k	それでも		即使如此	but yet nevertheless
3	k	k	それと		還有	
3	k	k	それとも		還是（選擇）	else
3	a	v	揃う	そろう	齊全	become complete equal
3	a	v	揃える	そろえる	使齊全	put things order arrange
3	s	n	損	そん	損失	loss disadvantage
3	o	n	損害	そんがい	損害	damage loss
3	p	n	尊敬	そんけい	尊敬	respect reverence honor
3	o	n	存在	そんざい	存在	existence
3	p	n	尊重	そんちょう	尊重	respect esteem regard
3	w	n	田	た	稻田	rice field
3	k	k	他	た	其他（書面）	other
3	o	n	対	たい	對；一對	pair couple set
3	d	n	大	だい	大～	big great
3	e	n	題	だい	題目	title subject theme
3	e	n	体育	たいいく	體育	physical education gymnastics athletics
3	b	n	体温	たいおん	體溫	temperature
3	r	n	大会	たいかい	大會	convention tournament mass meeting
3	w	n	大気	たいき	大氣	atmosphere
3	s	n	代金	だいきん	貨款	price cost
3	m	n	退屈	たいくつ	無聊（厭倦）	tedium boring
3	r	n	滞在	たいざい	停留；逗留	stay sojourn
3	c	n	大使	たいし	大使	ambassador
3	d	n	大した	たいした	了不起的	significant great considerable
3	b	n	体重	たいじゅう	體重	weight
3	o	n	対象	たいしょう	對象	target object subject
3	o	n	対照	たいしょう	對照	contrast antithesis comparison
3	c	n	大臣	だいじん	大臣	cabinet minister
3	k	v	対する	たいする	對於	face confront oppose
3	c	n	大戦	たいせん	大戰	great war great battle
3	m	n	態度	たいど	態度	attitude manner
3	c	n	大統領	だいとうりょう	總統	president
3	n	n	大半	たいはん	大半	most majority mostly
3	o	n	代表	だいひょう	代表	representative delegation
3	n	n	大部分	だいぶぶん	大部分	most part majority
3	x	n	タイプライター		打字機	typewriter
3	c	n	逮捕	たいほ	逮捕	arrest apprehension capture
3	e	n	題名	だいめい	標題	title
3	t	n	ダイヤ		列車時刻表；鑽石	schedule diamond
3	w	n	太陽	たいよう	太陽（天體）	sun
3	d	n	平ら	たいら	平坦	flatness level smooth
3	j	n	代理	だいり	代理	representation proxy deputy
3	w	n	大陸	たいりく	大陸	continent
3	a	v	倒す	たおす	推倒；打倒	throw down beat
3	h	n	タオル		毛巾	towel
3	k	k	だが		但是（書面）	but however
3	k	k	互い	たがい	互相	mutual each other
3	a	v	高める	たかめる	提高	raise lift boost
3	o	n	宝	たから	寶物	treasure
3	h	n	宅	たく	住宅；府上	house home
3	f	v	炊く	たく	煮（飯）	boil cook
3	a	v	焚く	たく	焚燒	burn kindle build fire
3	p	v	抱く	だく	擁抱	embrace hug
3	k	k	だけど		可是（口語）	however
3	k	k	たしか		確實（確かに）	certain sure remember correctly
3	a	v	確かめる	たしかめる	確認（動詞）	ascertain sure
3	k	k	多少	たしょう	多少	little
3	a	v	助かる	たすかる	得救；幫了大忙	saved helps
3	a	v	助ける	たすける	幫助；救	help save rescue
3	k	k	ただ		免費；只是	free charge just only
3	c	n	戦い	たたかい	戰鬥	battle fight
3	c	v	戦う	たたかう	戰鬥（動詞）	fight compete battle
3	a	v	叩く	たたく	敲；拍	strike beat
3	k	k	直ちに	ただちに	立即	once immediately
3	h	v	畳む	たたむ	摺疊	fold
3	a	v	立ち上がる	たちあがる	站起來	stand
3	o	n	立場	たちば	立場	standpoint position situation
3	a	v	建つ	たつ	（建築）蓋好	stand built erect erected
3	n	n	経つ	たつ	（時間）經過	passes
3	a	v	達する	たっする	達到	reach get
3	k	k	たった		只有；僅僅	only just
3	k	k	だって		可是；因為	but because even
3	k	k	たっぷり		充足	full plenty ample
3	k	k	たとえ		即使	even matter though
3	w	n	谷	たに	山谷	valley
3	p	n	他人	たにん	別人	unrelated person stranger
3	w	n	種	たね	種子	seed material cause
3	n	n	束	たば	束；捆	bunch bundle
3	s	n	足袋	たび	日式分趾襪	japanese socks
3	n	n	度	たび	每當～	occurrences
3	r	n	旅	たび	旅程	travel trip journey
3	k	k	たびたび		屢次	often repeatedly frequently
3	o	n	玉	たま	球；珠	ball sphere coin
3	o	n	球	たま	球（球體）	globe sphere ball
3	c	n	弾	たま	子彈	bullet shot
3	c	v	騙す	だます	欺騙	trick cheat deceive
3	k	k	偶々	たまたま	偶然地；恰巧	unexpectedly accidentally chance
3	m	i	たまらない		受不了	intolerable unbearable unendurable
3	a	v	溜まる	たまる	積存	collect gather accumulate
3	a	v	黙る	だまる	沉默	silent
3	o	n	試し	ためし	嘗試（名詞）	trial test
3	a	v	試す	ためす	嘗試	attempt test
3	a	v	溜める	ためる	累積；儲存	accumulate collect
3	h	n	便り	たより	音信；消息	news correspondence letter
3	a	v	頼る	たよる	依賴	rely have recourse depend
3	h	n	段	だん	台階；層	step stair grade
3	e	n	単位	たんい	學分；單位	credit unit denomination
3	e	n	単語	たんご	單字	vocabulary
3	p	n	男子	だんし	男子	young man
3	d	n	単純	たんじゅん	單純	simplicity
3	p	n	誕生	たんじょう	誕生	birth
3	r	n	ダンス		跳舞（外來語）	dance
3	c	n	団体	だんたい	團體	organization association
3	j	n	担当	たんとう	負責；擔任	charge
3	k	k	単なる	たんなる	僅僅的	mere simple sheer
3	k	k	単に	たんに	只是	simply merely
3	w	n	地	ち	大地	earth
3	c	n	地位	ちい	地位	position status
3	t	n	地域	ちいき	地區	area region
3	f	n	チーズ		起司	cheese
3	r	n	チーム		隊伍；團隊	team
3	m	n	知恵	ちえ	智慧	wisdom wit intelligence
3	t	n	地下	ちか	地下	basement underground
3	o	n	違い	ちがい	差異	difference discrepancy
3	k	k	違いない	ちがいない	一定是	sure mistaking certain
3	n	n	近頃	ちかごろ	近來	lately recently nowadays
3	w	n	地球	ちきゅう	地球	earth
3	t	n	地区	ちく	地區（區域）	district section
3	e	n	遅刻	ちこく	遲到	lateness late coming
3	c	n	知事	ちじ	知事；縣長	prefectural governor
3	e	n	知識	ちしき	知識	knowledge information
3	p	n	父親	ちちおや	父親	father
3	m	n	知能	ちのう	智能	intelligence brains
3	w	n	地平線	ちへいせん	地平線	horizon
3	t	n	地方	ちほう	地方	area locality region
3	f	n	茶	ちゃ	茶（漢字）	tea
3	o	n	チャンス		機會（外來語）	chance opportunity
3	k	k	ちゃんと		好好地；確實地	perfectly properly exactly
3	e	n	注	ちゅう	註解	annotation explanatory note
3	t	n	中央	ちゅうおう	中央	central center middle
3	e	n	中学	ちゅうがく	國中（初中）	middle school junior high
3	s	n	中古	ちゅうこ	二手	second hand
3	o	n	中止	ちゅうし	中止	suspension stoppage discontinuance
3	t	n	駐車	ちゅうしゃ	停車	parking
3	f	n	昼食	ちゅうしょく	午餐（正式）	lunch
3	t	n	中心	ちゅうしん	中心	center core
3	o	n	注目	ちゅうもく	注目	notice attention observation
3	s	n	注文	ちゅうもん	訂購；點菜	order request
3	n	n	長期	ちょうき	長期	long time period
3	c	n	調査	ちょうさ	調查（正式）	survey investigation
3	o	n	調子	ちょうし	狀況；音調	condition state tune tone
3	w	n	頂上	ちょうじょう	山頂	top summit peak
3	g	g	ちょうだい		給我（口語）	colloquial typically children women
3	s	n	貯金	ちょきん	存款	savings
3	d	n	直接	ちょくせつ	直接的	direct immediate firsthand
3	e	n	著者	ちょしゃ	作者	author writer
3	a	v	散らす	ちらす	使散開	scatter disperse distribute
3	w	v	散る	ちる	凋落；散開	fall scatter
3	k	k	遂に	ついに	終於（書面）	finally last
3	t	n	通過	つうか	通過（名詞）	passage through passing
3	s	n	通貨	つうか	貨幣	currency
3	e	n	通学	つうがく	通學	commuting school
3	j	n	通勤	つうきん	通勤	commuting work
3	t	n	通行	つうこう	通行	passage passing
3	a	v	通じる	つうじる	通往；相通	run lead communicate
3	x	n	通信	つうしん	通信	correspondence communications
3	e	n	通訳	つうやく	口譯	interpretation interpreter
3	a	v	捕まる	つかまる	被抓到；抓住	arrested caught
3	a	v	掴む	つかむ	抓住	seize catch grasp
3	b	n	疲れ	つかれ	疲勞	tiredness fatigue
3	p	n	付き合い	つきあい	交往（名詞）	socialization friendship association
3	p	v	付合う	つきあう	交往；陪伴	associate keep company get
3	k	k	次々	つぎつぎ	接二連三	succession
3	a	v	付く	つく	附著；沾上	adjoin attached adhere
3	j	v	就く	つく	就（職）；就座	settle take study
3	a	v	突く	つく	戳	thrust strike poke
3	a	v	次ぐ	つぐ	次於	rank next come after
3	f	v	注ぐ	つぐ	倒（茶）	pour
3	a	v	付ける	つける	裝上；附加	attach join add
3	a	v	着ける	つける	穿戴上	put wear draw
3	a	v	伝わる	つたわる	傳開；流傳	handed down transmitted
3	w	n	土	つち	土壤	earth soil
3	o	n	続き	つづき	後續	sequel continuation
3	h	n	包み	つつみ	包裹（包）	bundle package
3	j	n	勤め	つとめ	工作（勤務）	work employment
3	j	n	務め	つとめ	職責	duty
3	a	v	繋がる	つながる	連接（自動）	connected related
3	a	v	繋ぐ	つなぐ	連接；拴住	tie fasten connect
3	a	v	繋げる	つなげる	連接（他動）	connect
3	k	k	常に	つねに	經常；總是	always
3	w	n	翼	つばさ	翅膀	wings
3	k	k	つまり		也就是說	namely other words short
3	c	n	罪	つみ	罪	crime fault indiscretion
3	a	v	積む	つむ	堆積	pile stack
3	a	v	詰める	つめる	塞滿；縮短	pack shorten work
3	w	v	積もる	つもる	（雪等）積	pile
3	w	n	梅雨	つゆ	梅雨	rainy season
3	m	i	辛い	つらい	痛苦；難受	painful heart breaking
3	r	n	釣	つり	釣魚	fishing
3	p	n	連れ	つれ	同伴	companion company
3	o	n	出	で	出身；出來	outflow coming graduate
3	p	n	出会い	であい	相遇（邂逅）	meeting rendezvous encounter
3	p	v	出会う	であう	偶遇	meet chance come across
3	j	n	提案	ていあん	提案	proposal proposition suggestion
3	n	n	定期	ていき	定期	fixed term
3	o	n	抵抗	ていこう	抵抗	resistance opposition
3	j	n	提出	ていしゅつ	提交	presentation submission filing
3	h	n	停電	ていでん	停電	failure electricity
3	o	n	程度	ていど	程度（量）	degree amount level
3	t	n	停留所	ていりゅうじょ	公車站	bus tram stop
3	p	n	デート		約會	date
3	c	n	敵	てき	敵人	enemy rival
3	o	n	出来事	できごと	事件；發生的事	incident happening event
3	a	v	適する	てきする	適合	fit suit
3	d	n	適切	てきせつ	恰當	appropriate adequate relevance
3	d	n	適度	てきど	適度	moderate
3	o	n	適用	てきよう	適用	applying
3	k	k	できれば		可以的話	possible
3	r	n	手品	てじな	魔術	conjuring trick magic
3	k	k	ですから		因此（禮貌）	therefore
3	x	n	鉄	てつ	鐵	iron
3	e	n	哲学	てつがく	哲學	philosophy
3	o	n	手伝い	てつだい	幫忙（名詞）	help helper assistant
3	o	n	徹底	てってい	徹底	thoroughness completeness
3	t	n	鉄道	てつどう	鐵路	railway railroad
3	h	n	徹夜	てつや	熬夜	staying all night sleepless
3	o	n	手間	てま	功夫；工夫	time labor
3	c	n	デモ		示威；展示	demo demonstration
3	o	n	典型	てんけい	典型	type pattern archetypal
3	w	n	天候	てんこう	天候	weather
3	x	n	電子	でんし	電子	electron electronic
3	r	n	テント		帳篷	tent
3	c	n	伝統	でんとう	傳統	tradition convention
3	w	n	天然	てんねん	天然	nature spontaneity
3	e	n	問い	とい	問題（提問）	question query
3	c	n	党	とう	政黨	party
3	t	n	塔	とう	塔	tower pagoda
3	e	n	答案	とうあん	答案卷	examination paper examination script
3	o	n	同一	どういつ	同一	identity sameness similarity
3	s	n	銅貨	どうか	銅幣	copper coin
3	n	n	当時	とうじ	當時	time those days
3	e	n	動詞	どうし	動詞	verb
3	n	n	同時	どうじ	同時	simultaneous time
3	k	k	どうしても		無論如何	any cost matter what
3	g	g	どうぞよろしく		請多多指教	pleased meet you
3	t	n	到着	とうちゃく	抵達（正式）	arrival
3	c	n	道徳	どうとく	道德	morals
3	c	n	投票	とうひょう	投票	voting poll
3	t	n	東洋	とうよう	東洋	orient
3	d	n	同様	どうよう	同樣	identical like
3	r	n	童謡	どうよう	童謠	children song nursery rhyme
3	j	n	同僚	どうりょう	同事	colleague worker
3	t	n	道路	どうろ	道路（正式）	road
3	a	v	通す	とおす	穿過；貫徹	let pass overlook continue
3	t	v	通り過ぎる	とおりすぎる	經過；走過頭	pass pass through
3	t	n	都会	とかい	都市（大都會）	city
3	a	v	溶く	とく	溶解（調開）	dissolve
3	a	v	解く	とく	解開；解答	unfasten answer solve
3	a	v	退く	どく	讓開	retreat recede withdraw
3	b	n	毒	どく	毒	poison toxicant
3	d	n	得意	とくい	拿手；得意	pride triumph prosperity
3	e	n	読書	どくしょ	閱讀	reading
3	p	n	独身	どくしん	單身	single unmarried
3	o	n	特徴	とくちょう	特徵	characteristic feature trait
3	o	n	特長	とくちょう	長處	forte merit
3	d	n	独特	どくとく	獨特	peculiarity uniqueness characteristic
3	c	n	独立	どくりつ	獨立	independence self support
3	a	v	溶ける	とける	融化；溶解	melt thaw dissolve
3	a	v	解ける	とける	解開（自動）	come untied come apart
3	t	n	どこか		某處	somewhere anywhere
3	k	k	ところが		然而	however while even
3	k	k	ところで		對了（話說）	way even
3	r	n	登山	とざん	登山	mountain climbing
3	t	n	都市	とし	都市	town city urban
3	n	n	年月	としつき	歲月	months years
3	e	n	図書	としょ	圖書	books
3	p	n	年寄	としより	老年人	old people aged
3	a	v	閉じる	とじる	關上；閉上	close shut
3	k	k	途端	とたん	一～就～；剎那	just
3	w	n	土地	とち	土地	plot land lot soil
3	k	k	突然	とつぜん	突然	abruptly suddenly unexpectedly
3	o	n	トップ		頂尖	top
3	a	v	届く	とどく	送達；搆到	reach
3	k	k	とにかく		總之；無論如何	anyhow any rate anyway
3	a	v	飛ばす	とばす	跳過；使飛	skip omit
3	a	v	飛び出す	とびだす	衝出；跳出	jump rush fly
3	a	v	留める	とめる	固定；留住	fasten turn detain
3	a	v	泊める	とめる	讓人住宿	have stay
3	p	n	友	とも	朋友（文雅）	friend companion pal
3	k	k	共に	ともに	一起；共同	sharing participate
3	w	n	虎	とら	老虎	tiger
3	r	n	ドライブ		兜風	drive driving
3	t	n	トラック		卡車；跑道	truck track
3	r	n	ドラマ		連續劇	drama
3	r	n	トランプ		撲克牌	playing cards
3	a	v	取り上げる	とりあげる	拿起；提出；沒收	take pick confiscate
3	o	n	努力	どりょく	努力	great effort exertion endeavor
3	r	n	トレーニング		訓練（外來語）	training
3	s	n	ドレス		洋裝	dress
3	a	v	取れる	とれる	脫落；能採到	come taken
3	w	n	泥	どろ	泥土	mud
3	n	n	トン		噸	ton
3	g	g	とんでもない		豈有此理；哪裡的話	outrageous way
3	k	k	どんなに		無論多麼	how how much
3	t	n	トンネル		隧道	tunnel
3	o	n	名	な	名聲；名字	name reputation
3	o	n	内容	ないよう	內容	subject contents detail
3	k	k	なお		仍然；另外	still yet
3	p	n	仲	なか	交情	relation relationship
3	a	v	流す	ながす	沖走；流（淚）	drain float shed
3	n	n	半ば	なかば	一半；中途	middle halfway
3	p	n	仲間	なかま	夥伴	company fellow colleague associate
3	o	n	中身	なかみ	內容物	content substance
3	r	n	眺め	ながめ	眺望；景色	scene view prospect outlook
3	r	v	眺める	ながめる	眺望	view gaze
3	w	n	流れ	ながれ	流動；水流	stream current
3	w	v	流れる	ながれる	流動	flow washed away
3	p	v	亡くす	なくす	失去（親人）	lose
3	c	v	殴る	なぐる	毆打	strike hit punch
3	k	k	無し	なし	沒有～	without
3	k	k	なぜなら		因為（書面）	because
3	o	n	謎	なぞ	謎	riddle puzzle enigma
3	m	n	納得	なっとく	理解；接受	consent assent understanding
3	k	k	何か	なにか	某物	
3	k	k	なにも		什麼也（不）	nothing
3	f	n	鍋	なべ	鍋子	saucepan pot
3	f	n	生	なま	生的	raw unprocessed
3	m	v	怠ける	なまける	偷懶	idle neglect
3	w	n	波	なみ	波浪	wave
3	m	n	涙	なみだ	眼淚	tear
3	m	v	悩む	なやむ	煩惱	agonize troubled
3	a	v	鳴らす	ならす	使響	ring sound
3	w	v	生る	なる	結果實	bear fruit
3	w	v	馴れる	なれる	（動物）馴服	become domesticated become tame
3	h	n	縄	なわ	繩子	rope
3	k	k	何で	なんで	為什麼（口語）	why what
3	k	k	何でも	なんでも	什麼都	all means everything
3	k	k	何とか	なんとか	設法；總算	somehow anyhow way another
3	s	v	似合う	にあう	適合；相配	suit match becomes
3	f	v	煮える	にえる	煮熟	boil cook cooked
3	m	n	苦手	にがて	不擅長；怕	poor weak dislike
3	a	v	握る	にぎる	握	grasp seize mold sushi
3	h	n	日常	にちじょう	日常	ordinary regular everyday
3	w	n	日光	にっこう	日光	sunlight
3	n	n	日中	にっちゅう	白天（正式）	daytime broad daylight
3	m	n	にっこり		微笑	smile sweetly smile grin
3	c	n	日本	にほん	日本	japan
3	r	n	入場	にゅうじょう	入場	entrance admission entering
3	f	v	煮る	にる	燉煮	boil cook
3	r	n	人気	にんき	人氣	popularity
3	p	n	人間	にんげん	人類；人	human person
3	a	v	抜く	ぬく	拔出；省去	extract omit unplug
3	a	v	抜ける	ぬける	脫落；遺漏	come fall omitted
3	s	n	布	ぬの	布	cloth
3	a	v	濡らす	ぬらす	弄濕	wet soak
3	w	n	根	ね	根	root
3	s	n	値	ね	價錢（值）	value price cost
3	m	n	願い	ねがい	願望	desire wish request
3	m	v	願う	ねがう	祈求；希望	desire wish request
3	w	n	鼠	ねずみ	老鼠	mouse rat
3	w	n	熱帯	ねったい	熱帶	tropics
3	m	n	熱中	ねっちゅう	熱衷	enthusiasm zeal mania
3	n	n	年間	ねんかん	一年間	year
3	n	n	年中	ねんじゅう	一整年；總是	whole year always everyday
3	n	n	年代	ねんだい	年代	age era period
3	p	n	年齢	ねんれい	年齡	age years
3	w	n	野	の	原野	field
3	r	n	能	のう	才能；能劇	skilled nicely properly
3	x	n	農家	のうか	農家	farmer farm family
3	x	n	農業	のうぎょう	農業	agriculture
3	x	n	農民	のうみん	農民	farmers peasants
3	o	n	能力	のうりょく	能力	ability faculty
3	g	g	ノー		不（外來語）	
3	h	n	軒	のき	屋簷	eaves
3	a	v	残す	のこす	留下	leave save reserve
3	o	n	残り	のこり	剩餘	remaining left
3	a	v	乗せる	のせる	載；放上	place take board
3	a	v	載せる	のせる	刊登；放上	place publish
3	a	v	覗く	のぞく	窺視	peek look
3	a	v	除く	のぞく	除去	remove exclude except
3	m	n	望み	のぞみ	希望（名詞）	wish desire hope
3	m	v	望む	のぞむ	期望；眺望	desire wish view
3	n	n	後	のち	之後（書面）	afterwards since then
3	a	n	ノック		敲門	knock fungo
3	a	v	伸ばす	のばす	伸展；留長	extend stretch reach
3	a	v	延ばす	のばす	延長	extend stretch reach
3	a	v	伸びる	のびる	伸長；進步	extend progress grow
3	a	v	延びる	のびる	延長（自動）	prolonged
3	e	v	述べる	のべる	陳述	state express mention
3	a	v	上る	のぼる	上升；登上	ascend climb
3	w	v	昇る	のぼる	（太陽）升起	arise ascend
3	e	v	載る	のる	刊登（自動）	appear recorded
3	m	n	のんびり		悠閒	carefree leisure
3	t	n	場	ば	場所（場）	place field
3	g	g	はあ		唉；是（應答）	
3	n	n	パーセント		百分比	percent
3	o	n	灰	はい	灰	ash
3	r	n	バイオリン		小提琴	violin
3	r	n	ハイキング		健行	hiking
3	j	n	配達	はいたつ	配送	delivery distribution
3	x	n	パイプ		管子；管道	pipe channels official otherwise
3	r	n	俳優	はいゆう	演員	actor actress performer
3	t	n	パイロット		機師	pilot
3	w	v	生える	はえる	生長；長出	grow spring cut
3	o	n	墓	はか	墳墓	grave tomb
3	p	n	馬鹿	ばか	笨蛋	fool idiot
3	e	n	博士	はかせ	博士	doctorate phd doctor
3	n	v	計る	はかる	計量；計算（時間）	measure weigh survey
3	n	v	量る	はかる	稱（重量）	measure weigh survey
3	n	v	測る	はかる	測量（長度）	measure weigh survey
3	h	v	掃く	はく	掃	sweep brush gather
3	b	v	吐く	はく	吐	throw vomit
3	r	n	拍手	はくしゅ	拍手	clapping hands applause
3	d	n	莫大	ばくだい	龐大	enormous vast
3	c	n	爆発	ばくはつ	爆炸	explosion detonation eruption
3	r	n	博物館	はくぶつかん	博物館	museum
3	d	i	激しい	はげしい	激烈	violent vehement intense
3	h	n	はさみ		剪刀	scissors
3	s	n	破産	はさん	破產	bankruptcy
3	t	n	端	はし	邊緣	end edge margin
3	n	n	始まり	はじまり	起源；開頭	origin beginning
3	o	n	パス		通過；傳球	path pass
3	a	v	外す	はずす	取下；離開	unfasten remove
3	r	n	パスポート		護照	passport
3	a	v	外れる	はずれる	脫落；落空	disconnected
3	o	n	旗	はた	旗子	flag
3	b	n	肌	はだ	肌膚	skin
3	b	n	裸	はだか	裸體	naked nude
3	w	n	畑	はたけ	旱田	field patch
3	j	n	働き	はたらき	功能；勞動	work labor
3	s	n	バッグ		手提包	bag
3	e	n	発見	はっけん	發現	discovery detection finding
3	e	n	発行	はっこう	發行	issue
3	t	n	発車	はっしゃ	發車	departure vehicle
3	x	n	発射	はっしゃ	發射	firing shooting discharge
3	c	v	罰する	ばっする	處罰	punish penalize
3	o	n	発達	はったつ	發達	development growth
3	k	k	ばったり		突然碰見	chance
3	o	n	発展	はってん	發展	development growth progress
3	e	n	発表	はっぴょう	發表	announcement publication presentation
3	x	n	発明	はつめい	發明	invention
3	d	n	派手	はで	華麗；花俏	showy flashy gaudy
3	p	v	話し合う	はなしあう	商量；討論	discuss talk together
3	a	v	離す	はなす	使分離	part separate
3	a	v	放す	はなす	放開	separate set free
3	a	n	離れる	はなれる	離開	separates parts apart
3	w	n	羽	はね	翅膀（羽）	wing
3	w	n	羽根	はね	羽毛	feather
3	n	n	幅	はば	寬度	width breadth
3	p	n	母親	ははおや	母親	mother
3	a	v	省く	はぶく	省略（動詞）	omit eliminate
3	r	n	場面	ばめん	場面	scene setting
3	s	v	流行る	はやる	流行（動詞）	popular come fashion
3	b	n	腹	はら	肚子（腹）	abdomen belly stomach
3	w	n	原	はら	原野（平原）	field plain
3	o	n	バランス		平衡	balance
3	h	n	針	はり	針	needle hand
3	o	n	範囲	はんい	範圍	extent scope range
3	m	n	反抗	はんこう	反抗	opposition resistance
3	c	n	犯罪	はんざい	犯罪	crime
3	d	n	ハンサム		英俊	handsome
3	m	n	反省	はんせい	反省	reflection reconsideration regret
3	o	n	判断	はんだん	判斷	judgment decision
3	c	n	犯人	はんにん	犯人	offender criminal
3	j	n	販売	はんばい	販賣	sale selling marketing
3	f	n	ビール		啤酒	beer
3	c	n	被害	ひがい	受害	damage
3	o	n	比較	ひかく	比較（名詞）	comparison
3	r	n	ピクニック		野餐	picnic
3	r	n	悲劇	ひげき	悲劇	tragedy
3	t	n	飛行	ひこう	飛行	aviation flight
3	b	n	膝	ひざ	膝蓋	knee lap
3	d	n	非常	ひじょう	緊急；非常	emergency extraordinary unusual
3	p	n	美人	びじん	美女	beautiful person
3	b	n	額	ひたい	額頭	forehead brow
3	n	n	日付	ひづけ	日期	date dating
3	h	n	引越し	ひっこし	搬家（名詞）	moving changing residence
3	m	n	必死	ひっし	拚命	desperation frantic inevitable result
3	k	k	ぴったり		剛好；緊密	exactly neatly sharp
3	a	v	引っ張る	ひっぱる	拉	pull stretch drag
3	o	n	否定	ひてい	否定	negation denial
3	h	n	ビデオ		錄影帶	video tape vcr
3	e	n	一言	ひとこと	一句話	
3	t	n	人込み	ひとごみ	人潮	crowd people
3	d	i	等しい	ひとしい	相等	equal
3	p	n	独り	ひとり	獨自；單身	alone unmarried
3	p	n	一人一人	ひとりひとり	每個人	each
3	o	n	批判	ひはん	批判	criticism
3	o	n	批評	ひひょう	批評	criticism review commentary
3	o	n	秘密	ひみつ	祕密	secret secrecy
3	d	n	微妙	びみょう	微妙	delicate subtle
3	h	n	紐	ひも	繩子（細）	string cord
3	f	v	冷やす	ひやす	冰鎮	cool refrigerate
3	s	n	費用	ひよう	費用（開銷）	cost expense
3	e	n	表	ひょう	表格	table chart list
3	n	n	秒	びょう	秒	second
3	o	n	評価	ひょうか	評價	assessment evaluation
3	e	n	表現	ひょうげん	表現；表達	presentation
3	m	n	表情	ひょうじょう	表情	facial
3	c	n	平等	びょうどう	平等	equality impartiality evenness
3	o	n	評判	ひょうばん	評價；名聲	fame reputation
3	o	n	表面	ひょうめん	表面（外表）	surface outside face
3	a	v	広がる	ひろがる	擴展（自動）	spread extend stretch reach
3	a	v	広げる	ひろげる	攤開；擴大	spread extend expand enlarge
3	a	v	広める	ひろめる	推廣	broaden propagate
3	o	n	品	ひん	物品；品味	goods taste elegance
3	h	n	瓶	びん	瓶子	bottle
3	t	n	便	びん	班機；方便	way means flight
3	h	n	ピン		大頭針	pin
3	k	k	不	ふ	不～（接頭）	non negative prefix
3	n	n	分	ぶ	成；比例	dividing part
3	m	n	不安	ふあん	不安	anxiety uneasiness
3	r	n	風景	ふうけい	風景（正式）	scenery
3	p	n	夫婦	ふうふ	夫婦	married couple husband wife
3	r	n	笛	ふえ	笛子；哨子	flute whistle
3	o	n	不可	ふか	不可	wrong bad impossible
3	a	v	深まる	ふかまる	加深（自動）	deepen
3	c	n	武器	ぶき	武器	weapon arms
3	h	v	拭く	ふく	擦拭	wipe dry
3	s	n	服装	ふくそう	服裝	clothes attire
3	a	v	含む	ふくむ	包含；含著	contain include
3	a	v	含める	ふくめる	包括	include
3	h	n	袋	ふくろ	袋子	bag sack
3	m	n	不幸	ふこう	不幸	unhappiness sorrow misfortune
3	o	n	節	ふし	節；曲調	tune tone knob
3	d	n	無事	ぶじ	平安無事	safety peace
3	d	n	不思議	ふしぎ	不可思議	mystery curiosity
3	d	n	不自由	ふじゆう	不自由；不便	discomfort disability inconvenience
3	p	n	夫人	ふじん	夫人	wife mrs madam
3	p	n	婦人	ふじん	婦女	woman
3	c	n	不正	ふせい	不正當	injustice unfairness
3	a	v	防ぐ	ふせぐ	防止；防禦	defend protect prevent
3	o	n	不足	ふそく	不足	insufficiency shortage
3	r	n	舞台	ぶたい	舞台	stage
3	p	n	双子	ふたご	雙胞胎	twins twin
3	k	k	再び	ふたたび	再次	again once more second
3	n	n	普段	ふだん	平常	everyday situations usually ordinarily
3	o	n	縁	ふち	邊緣（緣）	edge rim
3	a	v	打つ	ぶつ	打（口語）	hit strike
3	t	n	不通	ふつう	不通	blockade interruption stoppage
3	s	n	物価	ぶっか	物價	prices
3	a	v	ぶつかる		撞上	strike collide
3	a	v	ぶつける		撞擊；砸	knock strike hard hit
3	x	n	物質	ぶっしつ	物質	material substance
3	x	n	物理	ぶつり	物理	physics
3	e	n	筆	ふで	毛筆	writing brush
3	k	k	ふと		忽然	suddenly accidentally incidentally
3	o	n	部分	ぶぶん	部分	portion section part
3	m	n	不平	ふへい	不平	complaint discontent dissatisfaction
3	m	n	不満	ふまん	不滿	dissatisfaction discontent complaints
3	a	v	増やす	ふやす	增加（他動）	increase add
3	n	n	プラス		加；正數	plus
3	x	n	プラスチック		塑膠	plastic
3	o	n	プラン		計畫（外來語）	plan
3	d	n	不利	ふり	不利	disadvantage drawback
3	a	v	振る	ふる	揮動；撒	wave shake sprinkle cast
3	a	v	震える	ふるえる	發抖	shiver shake quake
3	t	n	ブレーキ		煞車	brake
3	a	v	触れる	ふれる	觸碰；提到	touch feel violate
3	j	n	プロ		專業人士	professional
3	o	n	分	ぶん	部分；份	dividing part segment
3	e	n	文	ぶん	句子（文）	sentence
3	o	n	雰囲気	ふんいき	氣氛	atmosphere mood ambiance
3	x	n	分析	ぶんせき	分析	analysis
3	c	n	文明	ぶんめい	文明	civilization
3	o	n	分野	ぶんや	領域	field sphere
3	h	n	塀	へい	圍牆	wall fence
3	n	n	平均	へいきん	平均	equilibrium balance average
3	c	n	平和	へいわ	和平	peace
3	k	k	別に	べつに	（並不）特別	particularly nothing
3	a	v	減らす	へらす	減少（他動）	decrease diminish
3	a	v	減る	へる	減少	decrease diminish
3	s	n	ベルト		皮帶	belt western clothes
3	o	n	変化	へんか	變化（名詞）	change variation shift
3	h	n	ペンキ		油漆	paint
3	o	n	変更	へんこう	變更	change modification alteration
3	h	n	ベンチ		長椅	bench
3	f	n	弁当	べんとう	便當（漢字）	box lunch
3	t	n	方	ほう	方向；一方	side
3	c	n	法	ほう	～法	act
3	h	n	棒	ぼう	棍子	pole rod stick
3	r	n	冒険	ぼうけん	冒險	risk venture adventure
3	t	n	方向	ほうこう	方向	direction course way
3	j	n	報告	ほうこく	報告（名詞）	report information
3	s	n	宝石	ほうせき	寶石	gem jewel
3	s	n	包装	ほうそう	包裝	packing wrapping
3	d	n	豊富	ほうふ	豐富（大量）	abundance plenty
3	o	n	方法	ほうほう	方法	method means technique
3	t	n	方々	ほうぼう	到處（各方）	here there everywhere
3	p	n	訪問	ほうもん	訪問	call visit
3	w	v	吠える	ほえる	吠	bark howl
3	j	n	ボーイ		服務生	porter boy
3	t	n	ボート		小船（划船）	rowing boat
3	t	n	ホーム		月台；家	platform home
3	r	n	ボール		球（外來語）	ball bowl
3	k	k	他	ほか	其他（他）	other
3	m	n	誇り	ほこり	驕傲；自豪	pride
3	h	n	埃	ほこり	灰塵	dust
3	j	n	保証	ほしょう	保證	guarantee assurance warranty
3	o	n	保存	ほぞん	保存	preservation conservation
3	t	n	歩道	ほどう	人行道	walkway
3	c	n	仏	ほとけ	佛	buddha
3	b	n	骨	ほね	骨頭	bone
3	w	n	炎	ほのお	火焰	flame
3	b	n	頬	ほお	臉頰	cheek
3	k	k	ほぼ		幾乎（大約）	almost roughly
3	m	v	微笑む	ほほえむ	微笑（動詞）	smile
3	t	n	堀	ほり	護城河；溝渠	moat canal
3	k	k	本当	ほんと	真的（口語）	truth reality
3	p	n	本人	ほんにん	本人	person himself
3	s	n	本物	ほんもの	真品	genuine article
3	m	n	ぼんやり		發呆；模糊	dim faint vague
3	o	n	間	ま	間隔；空間	space room pause
3	g	g	まあ		哎呀；嗯	well
3	s	n	マーケット		市場（外來語）	market
3	h	n	マイク		麥克風	mic
3	p	n	迷子	まいご	迷路的小孩	lost child
3	n	n	マイナス		減；負數	minus
3	a	v	任せる	まかせる	委託；交給	entrust another leave
3	a	v	巻く	まく	捲；纏	wind coil roll
3	w	v	蒔く	まく	播種	sow
3	a	v	撒く	まく	撒	scatter sprinkle sow
3	r	n	幕	まく	布幕；一幕	curtain act
3	r	n	負け	まけ	輸；失敗	defeat loss
3	p	n	孫	まご	孫子	grandchild
3	k	k	まさか		怎麼可能	means
3	k	k	まさに		正是	correctly surely
3	a	v	混ざる	まざる	混雜（自動）	mixed mingle
3	a	v	混じる	まじる	夾雜	mixed mingle
3	a	v	増す	ます	增多	increase gain
3	d	i	貧しい	まずしい	貧窮	poor needy
3	j	n	マスター		老闆；精通	bar owner master
3	k	k	ますます		越來越	increasingly more more
3	a	v	混ぜる	まぜる	混合；攪拌	mix stir
3	t	n	街	まち	街道；城鎮	town street road
3	o	n	間違い	まちがい	錯誤（名詞）	mistake
3	w	n	松	まつ	松樹	pine tree
3	d	n	真っ赤	まっか	鮮紅	deep red flushed
3	k	k	全く	まったく	完全；真是	really completely
3	r	n	祭	まつり	祭典（漢字）	festival feast
3	a	v	まとまる		整合好；談妥	collected settled order
3	a	v	まとめる		彙整；歸納	put order collect bring
3	e	v	学ぶ	まなぶ	學習（求學）	learn study
3	a	n	真似	まね	模仿	mimicry imitation behavior
3	a	v	招く	まねく	招待；招致	invite
3	d	i	まぶしい		刺眼	dazzling radiant
3	h	n	柵	さく	柵欄	fence paling
3	a	v	裂ける	さける	裂開	split tear burst
3	c	v	裁く	さばく	審判（動詞）	judge
3	x	n	酸化	さんか	氧化	oxidation
3	b	n	死	し	死亡（死）	death decease
3	j	n	資格	しかく	資格	qualifications requirements capabilities
3	b	n	視覚	しかく	視覺	sense sight vision
3	c	n	指揮	しき	指揮	command direction
3	x	n	磁気	じき	磁氣	magnetism
3	h	n	磁器	じき	瓷器	porcelain china
3	m	n	自己	じこ	自我	self oneself
3	e	n	字体	じたい	字體	font lettering
3	j	n	辞退	じたい	辭退	refusal
3	o	n	視点	してん	觀點	opinion point view visual
3	b	n	脂肪	しぼう	脂肪（體脂）	fat grease
3	e	n	志望	しぼう	志願	wish desire ambition
3	p	n	衆	しゅう	眾人	masses people
3	h	n	住	じゅう	居住（住）	dwelling living
3	e	n	修飾	しゅうしょく	修飾	ornamentation modification
3	j	n	私用	しよう	私事	personal private business
3	x	n	仕様	しよう	規格；辦法	way method specification
3	m	n	情	じょう	情感	feelings emotion passion
3	n	n	生涯	しょうがい	一生（生涯）	lifetime
3	j	n	上司	じょうし	上司	superior
3	o	n	正体	しょうたい	真面目	natural shape true colors
3	h	n	照明	しょうめい	照明	illumination
3	p	n	女史	じょし	女士	
3	e	n	助詞	じょし	助詞	particle postposition
3	m	n	ショック		衝擊	shock
3	o	n	進行	しんこう	進行	advance
3	c	n	新興	しんこう	新興	rising developing emergent
3	c	n	振興	しんこう	振興	promotion encouragement
3	c	n	申告	しんこく	申報	report statement
3	o	n	真理	しんり	真理	truth
3	h	n	水洗	すいせん	沖水	flushing
3	m	n	ストレス		壓力	stress
3	a	v	擦る	する	摩擦	rub chafe
3	d	n	正規	せいき	正規	regular legitimate
3	d	n	精巧	せいこう	精巧	elaborate delicate exquisite
3	s	n	精算	せいさん	結算；補票	exact calculation adjustment
3	p	n	成年	せいねん	成年	majority adult age
3	c	n	声明	せいめい	聲明	declaration statement proclamation
3	p	n	姓名	せいめい	姓名	full name
3	b	n	生理	せいり	生理	physiology menses
3	o	n	節	せつ	時節；章節	when section clause
3	f	n	膳	ぜん	食案；～碗（飯）	table tray meal
3	c	n	禅	ぜん	禪	zen
3	c	n	選挙	せんきょ	選舉	election
3	o	n	先行	せんこう	先行	preceding going first
3	j	n	選考	せんこう	選拔	selection screening
3	o	n	相	そう	相貌；樣態	aspect phase countenance
3	t	v	沿う	そう	沿著	run along follow
3	a	v	添う	そう	陪伴；符合	accompany comply
3	c	n	僧	そう	僧侶	monk priest
3	r	n	像	ぞう	雕像；影像	statue image
3	c	n	捜査	そうさ	搜查	search
3	x	n	操縦	そうじゅう	操縱；駕駛	management control manipulation
3	o	n	創造	そうぞう	創造	creation
3	c	n	隊	たい	隊伍（部隊）	party troops
3	e	n	退学	たいがく	退學	dropping school
3	r	n	タイトル		標題（外來語）	title
3	o	n	ダウン		下降；倒下	down
3	a	v	高まる	たかまる	高漲	rise grow mount
3	a	v	断つ	たつ	斷絕	sever cut
3	c	n	盾	たて	盾牌	shield
3	e	n	例え	たとえ	比喻；即使	example even though
3	e	n	チャイム		鐘聲	chime
3	o	n	挑戦	ちょうせん	挑戰	challenge defiance
3	b	n	治療	ちりょう	治療	medical treatment
3	n	n	対	つい	一對（成對）	pair couple set
3	a	v	接ぐ	つぐ	接合；接骨	join piece together set
3	a	v	継ぐ	つぐ	繼承	succeed business inheritance
3	w	v	摘む	つむ	摘	pluck pick trim
3	w	n	露	つゆ	露水	dew
3	a	v	強まる	つよまる	增強（自動）	get strong gain strength
3	a	v	強める	つよめる	加強	strengthen emphasize
3	x	n	データ		資料；數據	data
3	r	n	デザイン		設計（外來語）	design
3	f	n	デザート		甜點	dessert
3	e	n	転校	てんこう	轉學	change schools
3	h	n	伝言	でんごん	留言	verbal message
3	k	k	と		和；與	
3	a	v	問う	とう	詢問；追究	ask question
3	h	n	棟	とう	～棟；屋脊	ridge roof
3	j	n	倒産	とうさん	（公司）倒閉	bankruptcy insolvency
3	p	n	同士	どうし	彼此；同伴	another companion comrade
3	p	n	同志	どうし	同志	mind comrade kindred soul
3	d	n	当然	とうぜん	當然的	obvious natural
3	m	n	動揺	どうよう	動搖	disturbance flutter shock
3	a	v	説く	とく	說明；勸說	explain advocate
3	j	v	綴じる	とじる	裝訂	bind file
3	p	n	供	とも	隨從	accompanying attendant companion retinue
3	d	n	並	なみ	普通；一般	medium ordinary
3	a	v	慣らす	ならす	使習慣	accustom
3	w	v	馴らす	ならす	馴養	domesticate tame
3	o	n	難	なん	困難；災難	difficulty hardships defect
3	r	n	音	ね	音色	sound note
3	e	n	年鑑	ねんかん	年鑑	yearbook
3	b	n	脳	のう	腦	brain memory
3	a	v	臨む	のぞむ	面臨；面對	look face attend
3	b	n	肺	はい	肺	lung
3	r	n	敗	はい	～敗	loss defeat
3	d	v	映える	はえる	顯眼；好看	shine look attractive look
3	c	v	諮る	はかる	諮詢	consult confer
3	a	v	図る	はかる	圖謀；謀求	plot attempt devise design
3	b	v	生やす	はやす	留（鬍子）	grow cultivate wear beard
3	e	n	班	はん	班；小組	group party section
3	e	n	判	はん	開本；印章	size
3	e	n	版	はん	版本	edition
3	r	n	碑	ひ	石碑	stone monument bearing inscription
3	c	n	非行	ひこう	不良行為	delinquency misconduct
3	c	n	票	ひょう	票	label ballot sign
3	a	v	広まる	ひろまる	傳開	spread propagated
3	a	v	深める	ふかめる	加深	deepen heighten intensify
3	o	n	福	ふく	福氣	good fortune
3	o	n	振り	ふり	樣子；假裝	style manner
3	a	v	経る	へる	經過；經歷	pass elapse experience
3	c	n	保護	ほご	保護	care protection shelter
3	c	n	保障	ほしょう	保障	guarantee security warranty
3	c	n	補償	ほしょう	補償	compensation reparation
3	m	n	ほっと		鬆一口氣	feel relieved
3	k	k	前もって	まえもって	事先	advance beforehand previously
3	b	n	膜	まく	膜	membrane film
3	c	n	マスコミ		媒體	mass communication
3	b	n	股	また	胯下；大腿	thigh crotch
3	n	n	末	まつ	～末（期末）	end
3	b	n	マッサージ		按摩	massage
3	a	v	見掛ける	みかける	看見；偶然看到	notice catch sight
3	a	v	捲る	めくる	翻（頁）	turn turn pages book
3	x	n	メッセージ		訊息	message
3	c	n	野党	やとう	在野黨	opposition party
3	e	n	優	ゆう	優；優秀	superiority high grade
3	x	n	有機	ゆうき	有機	organic
3	c	n	世	よ	世間；時代	world society generation
3	d	i	良い	よい	好（正式）	good nice
3	o	n	予想	よそう	預想	expectation anticipation prediction
3	a	v	弱まる	よわまる	減弱（自動）	weaken emaciated dejected
3	a	v	弱める	よわめる	減弱（他動）	weaken
3	s	n	ラベル		標籤	label
3	c	n	ルール		規則（外來語）	rule
3	o	n	枠	わく	框架	frame slide
4	j	n	就任	しゅうにん	就任	inauguration assumption office
4	t	n	周辺	しゅうへん	周邊	circumference peripheral
4	j	n	重役	じゅうやく	董事	director high executive
4	o	n	終了	しゅうりょう	結束（正式）	end close termination
4	n	n	重量	じゅうりょう	重量	heavyweight
4	x	n	重力	じゅうりょく	重力	gravity
4	e	n	熟語	じゅくご	成語；複合詞	idiom kanji compound
4	n	n	祝日	しゅくじつ	國定假日	national holiday
4	o	n	縮小	しゅくしょう	縮小	reduction curtailment
4	e	n	受験	じゅけん	應考	taking examination
4	e	n	主語	しゅご	主詞	subject
4	p	n	主人	しゅじん	（我的）丈夫；主人	husband
4	j	n	出勤	しゅっきん	上班	going work work
4	e	n	述語	じゅつご	述語	predicate
4	j	n	出張	しゅっちょう	出差	official tour business trip
4	b	n	寿命	じゅみょう	壽命	life span
4	r	n	主役	しゅやく	主角	leading part
4	h	n	受話器	じゅわき	聽筒	receiver
4	o	n	循環	じゅんかん	循環	circulation rotation cycle
4	c	n	巡査	じゅんさ	巡警	policeman
4	k	k	順々	じゅんじゅん	依序	order turn
4	o	n	順序	じゅんじょ	順序（程序）	order sequence procedure
4	m	n	純情	じゅんじょう	純情	pure heart
4	d	n	純粋	じゅんすい	純粹	pure genuine unmixed
4	n	n	初	しょ	初～	first
4	k	k	諸	しょ	諸～	various
4	t	n	所	しょ	～所	place
4	c	n	省	しょう	～省（部會）	economizing
4	j	n	商	しょう	商；商業	merchant business
4	r	n	勝	しょう	～勝	count victory
4	n	n	条	じょう	～條	article
4	t	n	場	じょう	～場（會場）	kind field ground
4	n	n	畳	じょう	～疊（房間大小）	count tatami mat
4	b	n	消化	しょうか	消化	digestion
4	e	n	小学生	しょうがくせい	小學生	elementary school pupil
4	g	g	しょうがない		沒辦法	not worth
4	r	n	将棋	しょうぎ	將棋	japanese chess
4	x	n	蒸気	じょうき	蒸汽	steam vapor
4	e	n	定規	じょうぎ	尺	ruler
4	e	n	上級	じょうきゅう	高級；上級	advanced level high grade
4	j	n	商業	しょうぎょう	商業	commerce trade business
4	m	n	消極的	しょうきょくてき	消極	passive
4	r	n	賞金	しょうきん	獎金	prize monetary award
4	t	n	上下	じょうげ	上下	high low down
4	h	n	障子	しょうじ	紙拉門	paper sliding door
4	j	n	商社	しょうしゃ	貿易公司	trading company
4	t	n	乗車	じょうしゃ	上車	taking train entraining
4	n	n	上旬	じょうじゅん	上旬	first days month
4	n	n	小数	しょうすう	小數	fraction decimal
4	s	n	商店	しょうてん	商店	shop business firm
4	o	n	焦点	しょうてん	焦點	focus point
4	b	n	消毒	しょうどく	消毒	disinfection
4	r	n	勝敗	しょうはい	勝負（勝敗）	victory defeat issue
4	x	n	蒸発	じょうはつ	蒸發；失蹤	evaporation unexplained disappearance
4	d	n	上品	じょうひん	高雅	refined elegant well mannered
4	r	n	勝負	しょうぶ	勝負；比賽	victory defeat game
4	b	n	小便	しょうべん	小便	urine piss
4	c	n	消防署	しょうぼうしょ	消防局	fire station
4	n	n	正味	しょうみ	淨重；實際	net
4	t	n	正面	しょうめん	正面（前方）	front
4	o	n	消耗	しょうもう	消耗	exhaustion consumption
4	e	n	初級	しょきゅう	初級	elementary level
4	e	n	助教授	じょきょうじゅ	副教授	assistant professor
4	d	n	色	しょく	～色	kind color
4	f	n	食塩	しょくえん	食鹽	table salt
4	j	n	職人	しょくにん	工匠	artisan craftsman
4	j	n	職場	しょくば	職場	workplace
4	n	n	初旬	しょじゅん	上旬（初旬）	first days month
4	e	n	書籍	しょせき	書籍（正式）	book publication
4	f	n	食器	しょっき	餐具	tableware
4	s	n	ショップ		商店（外來語）	shop
4	s	n	書店	しょてん	書店	bookshop
4	r	n	書道	しょどう	書法	calligraphy
4	e	n	初歩	しょほ	初步	elements rudiments
4	b	n	白髪	しらが	白頭髮	white grey hair trendy
4	r	n	シリーズ		系列	series
4	e	n	私立	しりつ	私立	private
4	j	n	資料	しりょう	資料	materials data
4	f	n	汁	しる	湯汁	juice soup
4	p	n	素人	しろうと	外行人	layman amateur novice
4	b	n	しわ		皺紋	wrinkles creases
4	o	n	芯	しん	芯	core heart wick
4	t	n	新幹線	しんかんせん	新幹線	shinkansen bullet train
4	x	n	真空	しんくう	真空	vacuum
4	j	n	人事	じんじ	人事	human resources personnel management
4	b	n	心身	しんしん	身心	mind body
4	c	n	申請	しんせい	申請（正式）	application request petition
4	x	n	人造	じんぞう	人造	man synthetic artificial
4	t	n	寝台	しんだい	臥鋪；床	bed
4	b	n	診断	しんだん	診斷	diagnosis
4	c	n	侵入	しんにゅう	侵入	invasion raid trespass
4	e	n	人文科学	じんぶんかがく	人文科學	social sciences humanities
4	b	n	人命	じんめい	人命	life
4	n	n	深夜	しんや	深夜	late night
4	w	n	森林	しんりん	森林（正式）	forest woods
4	p	n	親類	しんるい	親屬	relative
4	t	n	針路	しんろ	航向	course direction
4	r	n	神話	しんわ	神話	myth legend
4	x	n	水産	すいさん	水產	marine products fisheries
4	f	n	炊事	すいじ	炊事；做飯	cooking
4	x	n	水蒸気	すいじょうき	水蒸氣	water vapor steam
4	x	n	水素	すいそ	氫	hydrogen
4	n	n	垂直	すいちょく	垂直	vertical perpendicular
4	o	n	推定	すいてい	推定；推測	presumption assumption estimation
4	w	n	水滴	すいてき	水滴	drop water
4	h	n	水筒	すいとう	水壺	canteen flask water bottle
4	e	n	随筆	ずいひつ	隨筆	essays miscellaneous writings
4	f	n	水分	すいぶん	水分	moisture
4	n	n	水平	すいへい	水平	level horizontal
4	w	n	水平線	すいへいせん	海平線	horizon
4	w	n	水面	すいめん	水面	water surface
4	m	i	図々しい	ずうずうしい	厚臉皮	impudent shameless
4	p	n	末っ子	すえっこ	么兒	youngest child
4	s	n	スカーフ		圍巾	scarf
4	e	n	図鑑	ずかん	圖鑑	picture book
4	o	n	隙	すき	空隙；破綻	unguarded moment chance
4	w	n	杉	すぎ	杉樹	japanese cedar
4	m	n	好き嫌い	すききらい	好惡；挑食	likes dislikes taste
4	m	n	好き好き	すきずき	各有所好	matter taste
4	d	v	透き通る	すきとおる	透明	transparent
4	o	n	隙間	すきま	縫隙	crack gap opening
4	e	n	スクール		學校（外來語）	school
4	n	n	図形	ずけい	圖形	figure
4	h	n	鈴	すず	鈴鐺	bell
4	w	v	涼む	すずむ	乘涼	cool oneself cool
4	r	n	スタート		開始；起跑	start
4	t	n	スチュワーデス		空服員	stewardess
4	d	n	すっきり		舒暢；俐落	shapely clear neat
4	r	n	ステージ		舞台（外來語）	stage performance
4	s	n	ストッキング		絲襪	stockings
4	o	n	ストップ		停止（外來語）	stop
4	m	n	素直	すなお	坦率；聽話	obedient meek docile
4	b	n	頭脳	ずのう	頭腦	head brains intellect
4	h	n	スピーカー		喇叭；揚聲器	speaker
4	e	n	図表	ずひょう	圖表	chart diagram graph
4	d	n	スマート		苗條；時髦	smart stylish slim
4	h	n	住まい	すまい	住所	dwelling house
4	g	g	すまない		抱歉（口語）	sorry
4	k	k	済	ずみ	已～（完畢）	finished
4	r	n	相撲	すもう	相撲	sumo wrestling
4	x	n	スライド		幻燈片；滑動	slide
4	a	v	ずらす		錯開；挪動	put delay
4	k	k	ずらり		成排地	line row
4	h	n	スリッパ		拖鞋	slippers
4	m	i	狡い	ずるい	狡猾	sly cunning
4	n	n	寸法	すんぽう	尺寸	measurement size dimension
4	r	n	税関	ぜいかん	海關	customs
4	x	n	製作	せいさく	製作（製造）	manufacture production
4	r	n	制作	せいさく	創作（作品）	work
4	e	n	清書	せいしょ	謄寫；清稿	clean copy
4	p	n	青少年	せいしょうねん	青少年	youth young person
4	n	n	整数	せいすう	整數	integer
4	h	n	清掃	せいそう	清掃	cleaning
4	b	n	生存	せいぞん	生存	existence survival
4	c	n	政党	せいとう	政黨（成員）	political party
4	x	n	性能	せいのう	性能	ability capability
4	x	n	整備	せいび	整備；維修	maintenance overhaul
4	x	n	成分	せいぶん	成分	ingredient component composition
4	p	n	性別	せいべつ	性別（正式）	sex gender
4	n	n	正方形	せいほうけい	正方形	square
4	t	n	正門	せいもん	正門	main gate main entrance
4	c	n	成立	せいりつ	成立	formation establishment completion
4	n	n	西暦	せいれき	西元	christian era after death
4	a	v	背負う	せおう	背負	burdened carry back shoulder
4	w	n	赤道	せきどう	赤道	equator
4	k	k	折角	せっかく	特地；難得	trouble great pains long
4	o	n	接近	せっきん	接近	getting closer drawing nearer
4	a	v	接する	せっする	接觸；接待	attend associate
4	k	k	せっせと		拚命地	busily away
4	t	n	接続	せつぞく	連接；轉乘	connection union join link
4	h	n	瀬戸物	せともの	陶瓷器	earthenware crockery china
4	k	k	ぜひとも		務必（強烈）	all means
4	a	v	迫る	せまる	逼近	draw near press
4	e	n	ゼミ		研討課	seminar
4	k	k	せめて		至少（起碼）	least
4	x	n	セメント		水泥	cement
4	r	n	台詞	せりふ	台詞	speech words lines remarks
4	h	n	栓	せん	栓；塞子	stopper cork stopcock
4	n	n	船	せん	～艘（船）	ships
4	r	n	戦	せん	～場（比賽）	games matches
4	n	n	前	ぜん	前～	former late past
4	t	n	前後	ぜんご	前後	front back before after
4	e	n	全集	ぜんしゅう	全集	complete works
4	h	n	扇子	せんす	扇子	folding fan
4	c	n	専制	せんせい	專制	despotism autocracy
4	n	n	先々月	せんせんげつ	上上個月	month before last
4	n	n	先々週	せんせんしゅう	上上週	weeks before
4	p	n	先祖	せんぞ	祖先	ancestor
4	o	n	先端	せんたん	尖端	pointed end tip
4	n	n	センチ		公分	centimeter
4	t	n	先頭	せんとう	帶頭；最前面	head lead vanguard
4	o	n	全般	ぜんぱん	全盤	whole general
4	h	n	扇風機	せんぷうき	電風扇	electric fan
4	h	n	洗面	せんめん	洗臉	wash have wash
4	o	n	全力	ぜんりょく	全力	all power whole energy
4	t	n	線路	せんろ	鐵軌	line track roadbed
4	t	n	沿い	そい	沿著～	along
4	n	n	総	そう	總～	gross general entire
4	o	n	相違	そうい	差異（不同）	difference discrepancy variation
4	g	g	そういえば		這麼說來	which reminds
4	h	n	雑巾	ぞうきん	抹布	house cloth dust cloth
4	n	n	増減	ぞうげん	增減	increase decrease fluctuation
4	j	n	倉庫	そうこ	倉庫	storehouse warehouse
4	o	n	相互	そうご	相互	mutual reciprocal
4	r	n	創作	そうさく	創作	production creation work
4	r	n	葬式	そうしき	葬禮	funeral
4	x	n	造船	ぞうせん	造船	shipbuilding
4	d	i	騒々しい	そうぞうしい	吵吵鬧鬧	noisy boisterous
4	o	n	増大	ぞうだい	增大	increase growth
4	k	k	そうっと		輕輕地	softly cautiously gently
4	r	n	送別	そうべつ	送別	farewell send
4	s	n	草履	ぞうり	草鞋	japanese sandals
4	c	n	総理大臣	そうりだいじん	總理大臣	prime minister
4	s	n	送料	そうりょう	運費	postage carriage
4	n	n	足	そく	～雙（鞋）	shoes
4	a	v	属する	ぞくする	屬於	belong come under
4	k	k	続々	ぞくぞく	陸續	successively after another
4	h	n	速達	そくたつ	限時專送	express special delivery
4	x	n	測定	そくてい	測定	measurement
4	x	n	測量	そくりょう	測量（土地）	measurement surveying
4	t	n	速力	そくりょく	速度（速力）	speed
4	o	n	素質	そしつ	素質	talent capability
4	p	n	祖先	そせん	祖先（正式）	ancestor
4	m	i	そそっかしい		冒失	careless thoughtless
4	m	n	率直	そっちょく	坦率（直率）	frank candid honest
4	n	n	そのころ		那時候	those days time then
4	k	k	そのため		因此（為此）	hence reason
4	k	k	その他	そのほか	其他（此外）	besides
4	b	v	剃る	そる	剃	shave
4	k	k	それなのに		儘管如此	though although
4	k	k	それなら		如果那樣的話	case case
4	g	g	それはいけませんね		那可不好（同情）	not good
4	a	v	逸れる	それる	偏離	stray subject astray
4	n	n	算盤	そろばん	算盤	abacus
4	g	v	存じる	ぞんじる	知道（謙讓）	know
4	s	n	損得	そんとく	得失	loss gain advantage disadvantage
4	w	n	田んぼ	たんぼ	水田	paddy field farm
4	n	n	第	だい	第～	
4	k	k	だいいち		第一；首先	first foremost nbsp nbsp
4	e	n	大学院	だいがくいん	研究所	graduate school
4	j	n	大工	だいく	木工	carpenter
4	o	n	体系	たいけい	體系	system organization
4	r	n	太鼓	たいこ	太鼓	drum tambourine
4	o	n	対策	たいさく	對策	plan measure
4	k	k	大して	たいして	（不）怎麼	much
4	n	n	大小	だいしょう	大小	size
4	c	n	体制	たいせい	體制	order system structure
4	n	n	体積	たいせき	體積	capacity volume
4	k	k	大層	たいそう	非常；誇張	much greatly
4	r	n	体操	たいそう	體操	gymnastics physical exercises calisthenics
4	w	n	大木	たいぼく	大樹	large tree
4	e	n	代名詞	だいめいし	代名詞	pronoun
4	t	n	タイヤ		輪胎	tire tyre
4	t	n	ダイヤグラム		圖表（列車運行圖）	diagram
4	s	n	ダイヤモンド		鑽石	diamond
4	x	n	ダイヤル		轉盤；撥號	dial
4	o	n	対立	たいりつ	對立	confrontation opposition antagonism
4	w	n	田植え	たうえ	插秧	rice planting
4	k	k	絶えず	たえず	不斷地	constantly
4	n	n	楕円	だえん	橢圓	ellipse
4	w	v	耕す	たがやす	耕作	till plow cultivate
4	w	n	滝	たき	瀑布	waterfall
4	s	v	蓄える	たくわえる	儲蓄	save store lay stock
4	w	n	竹	たけ	竹子	bamboo
4	g	g	ただいま		我回來了	here home
4	k	k	但し	ただし	但是（附帶條件）	but however provided
4	a	v	立ち止まる	たちどまる	停下腳步	stop halt stand still
4	k	k	たちまち		轉眼間	instantly suddenly all once
4	t	v	発	はつ	～出發	depart
4	t	n	脱線	だっせん	脫軌；離題	derailment digression
4	d	n	妥当	だとう	妥當	proper appropriate
4	a	v	例える	たとえる	比喻（動詞）	compare liken
4	m	i	頼もしい	たのもしい	可靠	reliable promising
4	n	n	ダブル		雙倍；雙人	double
4	x	n	ダム		水壩	dam
4	m	n	溜息	ためいき	嘆氣	sigh
4	m	v	ためらう		猶豫	hesitant
4	k	k	だらけ		滿是～	full filled
4	m	i	だらしない		邋遢；散漫	slovenly loose slut
4	a	v	足る	たる	足夠（文語）	sufficient enough
4	n	n	短	たん	短～	short
4	p	n	団	だん	～團	group corps party
4	r	n	オーケストラ		管弦樂團	orchestra
4	d	n	おおざっぱ		粗略	rough broad sketchy
4	t	n	大通り	おおどおり	大馬路	main street
4	x	n	オートメーション		自動化	automation
4	g	g	お帰り	おかえり	歡迎回來	return welcome
4	g	g	おかけください		請坐	please sit down
4	g	g	おかげさまで		託您的福	thanks god thanks you
4	f	n	おかず		配菜	side dish accompaniment rice
4	g	g	おかまいなく		請別費心	please don fuss
4	c	v	拝む	おがむ	參拜；膜拜	worship pray
4	f	n	お代わり	おかわり	再來一碗	second helping another cup
4	a	v	補う	おぎなう	彌補	compensate
4	g	g	お気の毒に	おきのどくに	真是遺憾	sorry hear
4	t	n	屋外	おくがい	戶外	outdoors
4	e	n	送り仮名	おくりがな	送假名	part kana
4	g	g	お元気で	おげんきで	保重	take care
4	m	v	怠る	おこたる	怠慢	neglect fail
4	g	g	お先に	おさきに	先走一步；您先請	before after you
4	p	n	伯父	おじ	伯父	uncle
4	p	n	叔父	おじ	叔父	uncle
4	m	i	惜しい	おしい	可惜（惋惜）	regrettable disappointing
4	g	g	お邪魔します	おじゃまします	打擾了	excuse disturbing you
4	g	g	お世話になりました	おせわになりました	承蒙照顧了	been your care
4	g	g	お大事に	おだいじに	請保重身體	take care yourself take
4	m	v	落ち着く	おちつく	冷靜下來；安定	calm down settle down
4	r	n	お出掛け	おでかけ	外出（名詞）	outing
4	h	n	お手伝いさん	おてつだいさん	女傭	maid
4	c	v	脅かす	おどかす	威脅	threaten coerce
4	o	n	落し物	おとしもの	遺失物	lost property
4	a	v	驚かす	おどろかす	使驚嚇	surprise frighten
4	g	g	お願いします	おねがいします	拜託了	please
4	p	n	各々	おのおの	各自（各位）	each every either
4	p	n	伯母	おば	伯母	aunt
4	p	n	叔母	おば	叔母；姑姑	aunt
4	g	g	おはよう		早安（口語）	good morning
4	r	n	お参り	おまいり	參拜（神社）	worship shrine visit
4	g	g	お待たせしました	おまたせしました	讓您久等了	sorry have kept you
4	g	g	お待ちください	おまちください	請稍候	please wait moment
4	m	i	おめでたい		可喜可賀	happy event matter congratulation
4	d	i	思い掛けない	おもいがけない	意想不到	unexpected casual
4	k	k	思い切り	おもいきり	盡情地	all strength resignation resolution
4	m	v	思い込む	おもいこむ	深信	under impression convinced
4	d	i	重たい	おもたい	沉重	heavy massive serious
4	g	g	お休み	おやすみ	休假；晚安	holiday absence good night
4	f	n	おやつ		點心（下午茶）	between meal snack afternoon
4	b	n	親指	おやゆび	大拇指	thumb
4	r	n	オルガン		風琴	organ
4	o	n	恩恵	おんけい	恩惠	blessing benefit
4	w	n	温室	おんしつ	溫室	greenhouse
4	r	n	温泉	おんせん	溫泉	spa hot spring
4	w	n	温帯	おんたい	溫帶	temperate zone
4	h	n	御中	おんちゅう	～公啟（書信）	messrs
4	p	n	女の人	おんなのひと	女性（口語）	woman
4	k	k	下	か	～之下	under
4	k	k	化	か	～化	action making
4	e	n	科	か	～科	family group course
4	r	n	歌	か	～歌	song
4	r	n	画	が	～畫	picture painting
4	t	n	カーブ		彎道；曲球	curve curve ball
4	k	k	外	がい	外～	foreign outside
4	j	n	開会	かいかい	開會	opening meeting
4	t	n	会館	かいかん	會館	meeting hall assembly hall
4	t	n	改札	かいさつ	剪票口	examination tickets
4	c	n	解散	かいさん	解散	breakup dissolution
4	r	n	海水浴	かいすいよく	海水浴	sea bathing seawater bath
4	n	n	回数	かいすう	次數	number times frequency
4	t	n	回数券	かいすうけん	回數票	book tickets
4	c	n	改正	かいせい	修正（法規）	revision amendment alteration
4	w	n	快晴	かいせい	晴朗	good weather
4	e	n	解説	かいせつ	解說	explanation commentary
4	x	n	改造	かいぞう	改造	remodeling
4	t	n	開通	かいつう	開通	opening open
4	x	n	回転	かいてん	旋轉	rotation turning
4	e	n	解答	かいとう	解答	answer solution
4	j	n	回答	かいとう	回答（正式）	reply answer
4	t	n	外部	がいぶ	外部	outside external
4	c	n	解放	かいほう	解放	release liberation emancipation
4	c	n	開放	かいほう	開放	open throw open liberalization
4	w	n	海洋	かいよう	海洋	ocean
4	e	n	概論	がいろん	概論	introduction general remark
4	k	k	却って	かえって	反而	contrary rather
4	h	n	家屋	かおく	房屋	house building
4	a	v	係わる	かかわる	有關係；涉及	concern oneself involved
4	h	n	書留	かきとめ	掛號信	registered mail
4	e	n	書取	かきとり	聽寫	dictation
4	h	n	垣根	かきね	籬笆	hedge
4	k	k	限り	かぎり	限度；只要	limit far possible
4	k	k	各	かく	各～	every each
4	o	n	架空	かくう	虛構	imaginary fiction fanciful
4	p	n	各自	かくじ	各自	individual each
4	o	n	拡充	かくじゅう	擴充	expansion
4	e	n	学術	がくじゅつ	學術	science learning scholarship
4	t	n	各地	かくち	各地	various parts country
4	o	n	拡張	かくちょう	擴張	expansion extension
4	n	n	角度	かくど	角度（正式）	angle
4	e	n	学年	がくねん	學年	year school grade school
4	k	k	格別	かくべつ	格外	exceptional
4	n	n	確率	かくりつ	機率	probability
4	e	n	学力	がくりょく	學力	scholarship knowledge
4	n	n	掛け算	かけざん	乘法	multiplication
4	c	n	可決	かけつ	通過（議案）	approval adoption passage
4	w	n	火口	かこう	火山口	crater
4	o	n	下降	かこう	下降（名詞）	decline descent fall
4	w	n	火山	かざん	火山	volcano
4	g	g	かしこまりました		遵命；明白了	certainly
4	s	n	貸し出し	かしだし	出借	lending loaning
4	c	n	過失	かしつ	過失	error mistake negligence
4	w	n	果実	かじつ	果實（正式）	fruit
4	h	n	貸間	かしま	出租房間	room let
4	h	n	貸家	かしや	出租房屋	house rent
4	o	n	箇所	かしょ	地方；處	place point part
4	d	n	過剰	かじょう	過剩	excess
4	f	v	かじる		啃	chew bite
4	c	n	課税	かぜい	課稅	taxation
4	e	n	下線	かせん	底線	underline underscore
4	h	n	カセット		卡帶	cassette
4	t	n	加速	かそく	加速	acceleration
4	x	n	加速度	かそくど	加速度	acceleration
4	o	n	塊	かたまり	塊	lump mass cluster
4	a	v	固まる	かたまる	凝固	harden solidify become firm
4	t	n	片道	かたみち	單程	way
4	a	v	傾く	かたむく	傾斜	incline toward slant lurch
4	a	v	片寄る	かたよる	偏向	sided incline partial
4	k	k	がち		往往～；容易～	tend
4	e	n	学科	がっか	學科	study subject course study
4	e	n	学会	がっかい	學會	academic conference
4	e	n	学級	がっきゅう	班級（正式）	class
4	a	v	担ぐ	かつぐ	扛；挑	shoulder carry shoulder
4	e	n	括弧	かっこ	括號	parenthesis brackets
4	e	n	活字	かつじ	鉛字；印刷字	printing type
4	k	k	勝手に	かってに	擅自	arbitrarily
4	o	n	活力	かつりょく	活力（精力）	vitality energy
4	e	n	仮名	かな	假名	kana
4	e	n	仮名遣い	かなづかい	假名用法	kana orthography syllabary spelling
4	f	n	加熱	かねつ	加熱	heating
4	a	v	兼ねる	かねる	兼任	simultaneously serve two more
4	h	n	カバー		封套；套子	cover
4	n	n	過半数	かはんすう	過半數	majority
4	h	n	かび		黴菌	mold mildew
4	a	v	被せる	かぶせる	蓋上	cover
4	f	n	釜	かま	鍋（釜）	iron pot kettle
4	g	g	構いません	かまいません	沒關係	all right doesn mind
4	h	n	紙屑	かみくず	廢紙	wastepaper
4	c	n	神様	かみさま	神明	god
4	h	n	剃刀	かみそり	剃刀	razor
4	f	n	ガム		口香糖	chewing gum
4	j	n	貨物	かもつ	貨物	cargo freight
4	d	n	カラー		彩色；衣領	collar color
4	p	v	からかう		戲弄	ridicule fun
4	d	n	空っぽ	からっぽ	空空的	empty vacant hollow
4	r	n	かるた		紙牌（歌留多）	playing cards
4	w	v	枯れる	かれる	枯萎	wither die blasted
4	f	n	カロリー		卡路里	calorie
4	p	v	可愛がる	かわいがる	疼愛	love affectionate
4	s	n	為替	かわせ	匯兌	money order exchange
4	h	n	瓦	かわら	瓦片	roof tile
4	e	n	刊	かん	～刊	issued
4	k	k	間	かん	～間	between during
4	e	n	巻	かん	～卷	volume
4	t	n	館	かん	～館	hall building
4	m	n	感	かん	～感	feeling sense impression
4	h	n	換気	かんき	換氣	ventilation
4	m	n	感激	かんげき	感激	deep emotion impression inspiration
4	t	n	関西	かんさい	關西	south western half japan
4	n	n	元日	がんじつ	元旦	new year day
4	r	n	鑑賞	かんしょう	鑑賞	appreciation
4	d	n	間接	かんせつ	間接	indirect indirectness
4	x	n	観測	かんそく	觀測	observation
4	w	n	寒帯	かんたい	寒帶	frigid zone
4	c	n	官庁	かんちょう	政府機關	government office authorities
4	m	n	勘違い	かんちがい	誤會（搞錯）	misunderstanding wrong guess
4	f	n	缶詰	かんづめ	罐頭	canning canned goods
4	h	n	乾電池	かんでんち	乾電池	dry cell battery
4	t	n	関東	かんとう	關東	eastern half japan including
4	o	n	観念	かんねん	觀念	idea notion sense
4	g	g	乾杯	かんぱい	乾杯	cheers
4	s	n	看板	かんばん	招牌	sign signboard
4	b	n	看病	かんびょう	看護病人	nursing
4	o	n	冠	かんむり	冠；部首	crown wreath
4	e	n	漢和	かんわ	漢和（辭典）	chinese character japanese
4	n	n	期	き	～期	age period
4	h	n	器	き	～器	device equipment
4	x	n	機	き	～機	machine
4	w	n	気圧	きあつ	氣壓	atmospheric pressure
4	s	n	着替え	きがえ	換洗衣物	changing clothes change clothes
4	s	v	着替える	きがえる	換衣服	change clothes
4	t	n	機関車	きかんしゃ	火車頭	locomotive engine
4	c	n	飢饉	ききん	饑荒	famine
4	h	n	器具	きぐ	器具	instrument
4	e	n	記号	きごう	符號	symbol code
4	a	v	刻む	きざむ	切碎；雕刻	mince carve engrave
4	r	n	儀式	ぎしき	儀式	ceremony rite ritual
4	o	n	基準	きじゅん	基準	standard basis criteria
4	h	n	起床	きしょう	起床（正式）	rising getting bed
4	a	v	着せる	きせる	給～穿衣	put clothes
4	o	n	基礎	きそ	基礎	foundation basis
4	c	n	基地	きち	基地	base
4	o	n	きっかけ		契機；開端	prompt trigger cue
4	k	k	ぎっしり		滿滿地	tightly fully
4	o	n	基盤	きばん	基盤	foundation basis
4	k	k	気味	ぎみ	有點～（傾向）	slightly
4	r	n	客席	きゃくせき	觀眾席	guest seating
4	h	n	客間	きゃくま	客廳（待客）	parlor guest room
4	c	n	ギャング		幫派	gang
4	e	n	キャンパス		校園	campus
4	j	n	休業	きゅうぎょう	停業	closure shutdown holiday
4	e	n	休講	きゅうこう	停課	lecture canceled
4	j	n	給与	きゅうよ	薪資（正式）	salary
4	b	n	休養	きゅうよう	休養	rest break recreation
4	d	i	清い	きよい	清澈；純潔	clear pure noble
4	c	n	教	きょう	～教（宗教）	religion
4	e	n	行	ぎょう	行（文字）	line row
4	j	n	業	ぎょう	～業	type business
4	o	n	強化	きょうか	強化	strengthen intensify reinforce
4	t	n	境界	きょうかい	境界	boundary
4	c	n	共産	きょうさん	共產	communist
4	r	n	行事	ぎょうじ	例行活動	event function
4	g	g	恐縮	きょうしゅく	惶恐；不好意思	sorry trouble
4	e	n	教養	きょうよう	教養	culture education sophistication
4	o	n	行列	ぎょうれつ	行列；隊伍	line procession matrix
4	x	n	漁業	ぎょぎょう	漁業	fishing
4	n	n	曲線	きょくせん	曲線	curve
4	c	n	規律	きりつ	紀律	order rules law
4	c	v	斬る	きる	砍殺	behead murder
4	g	v	気を付ける	きをつける	小心	careful pay attention take
4	w	n	金魚	きんぎょ	金魚	goldfish
4	t	n	区域	くいき	區域	zone district area
4	k	k	空	くう	空～	empty
4	n	n	偶数	ぐうすう	偶數	even number
4	m	n	空想	くうそう	空想	daydream fantasy
4	w	n	空中	くうちゅう	空中	sky air
4	h	n	クーラー		冷氣機	air conditioner
4	h	n	釘	くぎ	釘子	nail
4	a	v	区切る	くぎる	劃分；斷句	punctuate cut mark
4	h	n	櫛	くし	梳子	comb
4	b	n	くしゃみ		噴嚏	sneeze
4	m	n	苦情	くじょう	抱怨（申訴）	complaint grievance grumble
4	m	n	苦心	くしん	苦心	pain trouble
4	h	n	屑	くず	碎屑	waste scrap
4	a	v	崩す	くずす	弄亂；換零錢	destroy change
4	b	n	薬指	くすりゆび	無名指	ring finger
4	a	v	崩れる	くずれる	崩塌	collapse crumble
4	a	v	砕く	くだく	打碎	break smash
4	a	v	砕ける	くだける	碎掉	break broken
4	b	v	くたびれる		累壞；用舊	get tired wear
4	d	i	くだらない		無聊；沒價值	good nothing stupid worthless
4	b	n	唇	くちびる	嘴唇	lip
4	s	n	口紅	くちべに	口紅	lipstick
4	a	v	くっつく		黏上；緊跟	adhere keep close
4	a	v	くっつける		黏上（他動）	attach
4	d	i	くどい		囉嗦；（味道）膩	verbose importunate heavy
4	e	n	句読点	くとうてん	標點符號	punctuation marks
4	a	v	配る	くばる	分發	distribute deliver
4	o	n	工夫	くふう	設法；巧思	device artifice ingenuity
4	o	n	区分	くぶん	區分	division section classification
4	o	n	組合せ	くみあわせ	組合	combination
4	a	v	組み立てる	くみたてる	組裝	assemble set construct
4	m	v	悔やむ	くやむ	懊悔；哀悼	regret mourn
4	h	n	クリーニング		洗衣店服務	cleaning dry cleaning laundry
4	a	v	くるむ		包起來	enveloped wrap
4	k	k	くれぐれも		千萬；務必	repeatedly sincerely earnestly
4	p	n	家	け	～家（姓）	family house
4	n	n	形	けい	～形	shape
4	o	n	系	けい	～系	system lineage group
4	r	n	稽古	けいこ	練習（技藝）	practice training study
4	e	n	敬語	けいご	敬語	language
4	h	n	蛍光灯	けいこうとう	日光燈	fluorescent lamp
4	o	n	形式	けいしき	形式	formality format
4	o	n	継続	けいぞく	繼續（名詞）	continuation
4	s	n	毛糸	けいと	毛線	knitting wool
4	w	n	経度	けいど	經度	longitude
4	o	n	系統	けいとう	系統	system genealogy
4	r	n	芸能	げいのう	演藝	public entertainment performing arts
4	r	n	競馬	けいば	賽馬	horse racing
4	c	n	警備	けいび	警衛	defense guard policing security
4	e	n	形容詞	けいようし	形容詞	adjective
4	e	n	形容動詞	けいようどうし	形容動詞	adjectival noun quasi adjective
4	b	n	外科	げか	外科	surgical department
4	s	n	毛皮	けがわ	毛皮	fur skin pelt
4	o	n	激増	げきぞう	激增	sudden increase
4	t	n	下車	げしゃ	下車（正式）	alighting getting
4	n	n	下旬	げじゅん	下旬	month
4	h	n	下水	げすい	下水道	drainage sewage ditch gutter
4	a	v	削る	けずる	削；刪減	cut down little little
4	n	n	桁	けた	位數；橫樑	column beam digit
4	s	n	下駄	げた	木屐	wooden clogs
4	b	n	血圧	けつあつ	血壓	blood pressure
4	j	n	月給	げっきゅう	月薪	monthly salary
4	r	n	傑作	けっさく	傑作	masterpiece best work
4	n	n	月末	げつまつ	月底	end month
4	o	n	気配	けはい	跡象	indication sign hint
4	m	n	下品	げひん	下流	vulgar indecent coarse
4	d	i	煙い	けむい	嗆煙	smoky
4	d	i	険しい	けわしい	險峻；嚴厲	steep rugged severe
4	t	n	圏	けん	～圈	bloc sphere area
4	n	n	現	げん	現～	present incumbent
4	e	n	見学	けんがく	參觀學習	tour study observation
4	m	n	謙虚	けんきょ	謙虛	modesty
4	e	n	原稿	げんこう	原稿	manuscript copy
4	x	n	原産	げんさん	原產	place origin
4	o	n	原始	げんし	原始	origin primeval
4	j	n	研修	けんしゅう	研修	training
4	d	n	厳重	げんじゅう	嚴格（嚴重）	strict severe firm
4	m	n	謙遜	けんそん	謙遜	humility modesty
4	c	n	県庁	けんちょう	縣政府	prefectural office
4	o	n	限度	げんど	限度	limit bounds
4	k	k	現に	げんに	實際上（現に）	actually really
4	x	n	顕微鏡	けんびきょう	顯微鏡	microscope
4	m	n	懸命	けんめい	拚命（懸命）	eagerness strenuous
4	e	n	原理	げんり	原理	principle theory fundamental truth
4	x	n	原料	げんりょう	原料	raw materials
4	k	k	小	こ	小～	small
4	m	i	恋しい	こいしい	懷念；思念	dear beloved miss
4	k	k	高	こう	高～	high
4	e	n	校	こう	～校	school
4	t	n	港	こう	～港	port
4	n	n	号	ごう	～號	magazine name ship
4	j	n	工員	こういん	工廠工人	factory worker
4	m	n	強引	ごういん	強行	forcible assertive pushy
4	c	n	公害	こうがい	公害	public nuisance pollution
4	d	n	高級	こうきゅう	高級	high class first rate
4	c	n	公共	こうきょう	公共	public community communal
4	r	n	工芸	こうげい	工藝	industrial arts
4	p	n	孝行	こうこう	孝順	filial piety
4	t	n	交差	こうさ	交叉	cross
4	e	n	講師	こうし	講師	lecturer
4	x	n	工事	こうじ	工程	construction work
4	o	n	公式	こうしき	公式；正式	formula formality official
4	o	n	口実	こうじつ	藉口	excuse
4	k	k	こうして		就這樣	like
4	c	n	公衆	こうしゅう	公眾	public
4	s	n	香水	こうすい	香水	perfume
4	o	n	功績	こうせき	功績	achievements merit
4	x	n	光線	こうせん	光線	beam light ray
4	t	n	高層	こうそう	高樓層	tall high rise
4	x	n	構造	こうぞう	構造	structure construction
4	j	n	交替	こうたい	輪替	change relief alteration
4	w	n	耕地	こうち	耕地	arable land
4	t	n	交通機関	こうつうきかん	交通工具	transportation facilities
4	e	n	校庭	こうてい	校園操場	school yard
4	o	n	肯定	こうてい	肯定	positive affirmation
4	n	n	高度	こうど	高度	altitude height advanced
4	e	n	高等	こうとう	高等	high class high grade
4	o	n	合同	ごうどう	聯合	combination incorporation
4	e	n	高等学校	こうとうがっこう	高中（正式）	senior high school
4	c	n	公表	こうひょう	公布	official announcement proclamation
4	x	n	鉱物	こうぶつ	礦物	mineral
4	c	n	公務	こうむ	公務	official business public business
4	o	n	項目	こうもく	項目	item
4	w	n	紅葉	こうよう	紅葉	fall colors
4	d	n	合理	ごうり	合理	rational
4	o	n	交流	こうりゅう	交流	exchange alternating current
4	t	n	合流	ごうりゅう	匯合	confluence merge join
4	o	n	効力	こうりょく	效力	effect efficacy
4	o	n	コース		路線；課程	course
4	r	n	コーラス		合唱	chorus
4	f	v	焦がす	こがす	燒焦（他動）	burn scorch
4	c	n	国	こく	～國	nation
4	c	n	国王	こくおう	國王（正式）	king
4	c	n	国立	こくりつ	國立	national
4	g	g	ご苦労様	ごくろうさま	辛苦了	thank you your had
4	f	v	焦げる	こげる	燒焦	burn burned
4	w	v	凍える	こごえる	凍僵	freeze chilled frozen
4	o	n	心当たり	こころあたり	線索；頭緒	having some knowledge happening
4	a	v	心得る	こころえる	理解；懂得	understand have thorough knowledge
4	h	n	腰掛け	こしかけ	凳子；座位	seat bench
4	a	v	腰掛ける	こしかける	坐下（就座）	sit
4	e	n	五十音	ごじゅうおん	五十音	japanese syllabary
4	a	v	こしらえる		製作（口語）	manufacture
4	a	v	擦る	こする	搓；擦	rub chafe file frost
4	o	n	個体	こたい	個體	individual
4	g	g	ごちそうさま		謝謝招待（吃飽了）	thank you meal
4	g	g	こちらこそ		彼此彼此；我才是	who should say
4	s	n	小遣い	こづかい	零用錢	pocket money allowance
4	j	n	コック		廚師；水龍頭	cook tap cock
4	k	k	こっそり		偷偷地	stealthily secretly
4	e	n	古典	こてん	古典（典籍）	classics classic
4	k	k	毎	ごと	每～	every each
4	a	v	言付ける	ことづける	託人帶話	leave message
4	e	n	言葉遣い	ことばづかい	措辭	speech wording
4	n	n	こないだ		前幾天（口語）	other day lately recently
4	g	g	御無沙汰	ごぶさた	久未問候	not writing contacting while
4	x	n	ゴム		橡膠	gum rubber
4	g	g	御免	ごめん	對不起；拒絕	declining pardon sorry
4	g	g	ごめんください		有人在嗎	may come anyone here
4	b	n	小指	こゆび	小指	little finger
4	m	v	堪える	こらえる	忍耐（忍住）	bear endure put
4	r	n	娯楽	ごらく	娛樂	pleasure amusement recreation
4	g	g	御覧	ごらん	請看（尊敬）	look inspection try
4	r	n	コレクション		收藏	collection correction
4	a	v	転がす	ころがす	滾動（他動）	roll
4	a	v	転がる	ころがる	滾動	roll tumble
4	d	n	紺	こん	深藍色	navy blue deep blue
4	n	n	今	こん	今～	current
4	r	n	コンクール		比賽（音樂等）	contest
4	x	n	コンクリート		混凝土	concrete
4	o	n	混合	こんごう	混合（名詞）	mixing mixture
4	h	n	コンセント		插座	consent power outlet
4	f	n	献立	こんだて	菜單（菜色）	menu
4	g	g	こんばんは		晚上好	good evening
4	r	n	サークル		社團	circle sports club
4	k	k	再	さい	再～	
4	k	k	最	さい	最～	most
4	e	n	在学	ざいがく	在學	school
4	k	k	再三	さいさん	再三	again again repeatedly
4	n	n	祭日	さいじつ	節日	national holiday festival day
4	a	n	催促	さいそく	催促	demand urge press
4	e	n	採点	さいてん	評分	marking grading
4	o	n	災難	さいなん	災難	calamity misfortune
4	h	n	裁縫	さいほう	縫紉	sewing
4	x	n	材木	ざいもく	木材	lumber timber
4	c	n	サイレン		警報器	siren
4	d	n	逆さ	さかさ	顛倒	reverse upside down
4	a	v	捜す	さがす	搜尋（人或物）	search seek look
4	a	v	遡る	さかのぼる	追溯；逆流而上	back date back ascend
4	f	n	酒場	さかば	酒館	bar bar room
4	n	n	一昨昨日	さきおととい	大前天	two days before yesterday
4	n	n	先程	さきほど	剛才（正式）	little while ago
4	e	n	索引	さくいん	索引	index indices
4	r	n	作者	さくしゃ	作者（創作者）	author artist
4	x	n	削除	さくじょ	刪除	elimination deletion
4	j	n	作成	さくせい	作成；擬定	creation preparation
4	x	n	作製	さくせい	製作（製品）	manufacture production
4	a	v	探る	さぐる	探索	search look investigate
4	a	v	囁く	ささやく	低語	whisper murmur
4	f	n	匙	さじ	湯匙（匙）	spoon
4	h	n	座敷	ざしき	和室客廳	tatami room
4	o	n	差し支え	さしつかえ	妨礙；不便	hindrance impediment
4	s	n	差し引き	さしひき	扣除；差額	deduction balance
4	f	n	刺身	さしみ	生魚片	sliced raw fish
4	k	k	流石	さすが	不愧是	indeed truly would expect
4	r	n	撮影	さつえい	攝影	photographing
4	o	n	雑音	ざつおん	雜音	noise
4	k	k	さっさと		趕快地	quickly
4	k	k	早速	さっそく	立刻	once immediately promptly
4	h	n	錆	さび	鏽	rust
4	h	v	錆びる	さびる	生鏽	rust become rusty
4	h	n	座布団	ざぶとん	坐墊	cushion
4	a	v	妨げる	さまたげる	妨礙	disturb prevent
4	g	g	さようなら		再見	good bye
4	j	n	サラリーマン		上班族	salaryman company employee
4	d	i	騒がしい	さわがしい	吵雜	noisy
4	d	n	さわやか		清爽	fresh refreshing
4	w	n	山	さん	～山	name mountain
4	x	n	産	さん	～產	
4	n	n	三角	さんかく	三角形	triangle triangular
4	e	n	算数	さんすう	算術	arithmetic
4	x	n	産地	さんち	產地	producing area
4	s	n	サンプル		樣品	sample
4	w	n	山林	さんりん	山林	mountain forest
4	e	n	史	し	～史	history
4	e	n	紙	し	～報	newspaper type paper
4	r	n	寺	じ	～寺	name temple
4	a	v	仕上がる	しあがる	完成（自動）	finished
4	n	n	明明後日	しあさって	大後天	two days after tomorrow
4	r	n	シーズン		季（賽季）	season
4	h	n	シーツ		床單	sheet
4	r	n	寺院	じいん	寺院	temple
4	d	n	しいんと		鴉雀無聲	silent quiet
4	c	n	自衛	じえい	自衛	self defense
4	f	i	塩辛い	しおからい	鹹	salty
4	r	n	司会	しかい	主持人	host chairperson
4	d	i	四角い	しかくい	方形的	square
4	g	g	仕方がない	しかたがない	沒辦法	can helped inevitable
4	e	n	時間目	じかんめ	第～節（課）	hour period
4	e	n	時間割	じかんわり	課表	timetable schedule
4	t	n	敷地	しきち	用地	site
4	h	v	敷く	しく	鋪	spread lay
4	w	v	茂る	しげる	茂盛	grow thick
4	a	n	持参	じさん	帶來	bringing taking carrying
4	x	n	磁石	じしゃく	磁鐵	magnet
4	n	n	四捨五入	ししゃごにゅう	四捨五入	rounding
4	k	k	始終	しじゅう	始終	continuously always constantly
4	e	n	自習	じしゅう	自習	self study
4	a	v	静まる	しずまる	平靜下來	quieten down calm down
4	o	n	姿勢	しせい	姿勢；態度	attitude posture
4	e	n	自然科学	しぜんかがく	自然科學	natural science
4	t	n	時速	じそく	時速	speed
4	p	n	子孫	しそん	子孫	descendant offspring
4	c	n	死体	したい	屍體	corpse
4	e	n	下書き	したがき	草稿	rough copy draft
4	h	n	自宅	じたく	自家	own home
4	t	n	下町	したまち	老街區	old parts town
4	c	n	自治	じち	自治	self government autonomy
4	h	n	室	しつ	～室	room
4	m	n	実感	じっかん	真實感受	feelings realization
4	m	i	しつこい		糾纏不休	insistent obstinate
4	e	n	実習	じっしゅう	實習	practice training
4	j	n	実績	じっせき	實績	achievements actual results
4	e	n	執筆	しっぴつ	執筆	writing
4	o	n	実物	じつぶつ	實物	actual thing
4	w	n	しっぽ		尾巴（口語）	tail
4	o	n	実用	じつよう	實用	practical utility
4	g	g	しつれいしました		失禮了	excuse sorry
4	e	n	実例	じつれい	實例	example instance
4	p	n	失恋	しつれん	失戀	broken heart unrequited love
4	o	n	指定	してい	指定	designation specification assignment
4	t	n	私鉄	してつ	私營鐵路	private railway
4	a	v	縛る	しばる	綁	tie bind
4	x	n	地盤	じばん	地基	ground
4	b	v	しびれる		麻痺	become numb
4	s	n	紙幣	しへい	紙幣	paper money notes bills
4	a	v	しぼむ		枯萎；洩氣	wither shrivel
4	a	v	絞る	しぼる	擰；縮小範圍	press wring squeeze
4	s	n	縞	しま	條紋	stripe
4	k	k	おしまい		結束；完了	end
4	k	k	しみじみ		深切地	keenly deeply heartily
4	p	n	氏名	しめい	姓名（正式）	full name
4	j	n	締切	しめきり	截止日	deadline
4	j	v	締め切る	しめきる	截止	close cancel
4	g	g	しめた		太好了	got all right fine
4	w	n	地面	じめん	地面	ground earth surface
4	t	n	車	しゃ	～車	car
4	p	n	者	しゃ	～者	person
4	j	n	社	しゃ	～社	company
4	c	n	ジャーナリスト		新聞工作者	journalist
4	e	n	社会科学	しゃかいかがく	社會科學	social science
4	a	v	しゃがむ		蹲下	squat
4	h	n	蛇口	じゃぐち	水龍頭	faucet tap
4	o	n	弱点	じゃくてん	弱點	weak point weakness
4	t	n	車庫	しゃこ	車庫	garage car shed
4	t	n	車掌	しゃしょう	車掌	conductor
4	r	n	写生	しゃせい	寫生	sketching drawing nature
4	c	n	社説	しゃせつ	社論	editorial
4	b	n	しゃっくり		打嗝	hiccough hiccup
4	h	n	シャッター		快門；鐵捲門	shutter
4	a	v	しゃぶる		吸吮	suck chew
4	t	n	車輪	しゃりん	車輪	wheel
4	e	n	洒落	しゃれ	俏皮話	joke pun witticism
4	r	n	じゃんけん		猜拳	rock scissors paper game
4	p	n	手	しゅ	～手	player person who does
4	f	n	酒	しゅ	～酒	kind alcohol
4	e	n	集	しゅう	～集	collection
4	k	k	重	じゅう	重～	heavy
4	c	n	集会	しゅうかい	集會	meeting assembly
4	s	n	集金	しゅうきん	收款	money collection
4	o	n	集合	しゅうごう	集合	gathering assembly
4	e	n	習字	しゅうじ	習字	penmanship
4	h	n	修繕	しゅうぜん	修繕	repair mending
4	h	n	じゅうたん		地毯	carpet
4	t	n	終点	しゅうてん	終點站	terminus last stop
4	o	n	重点	じゅうてん	重點	important point lay stress
4	r	n	リズム		節奏	rhythm
4	n	n	リットル		公升	liter
4	s	n	リボン		緞帶	ribbon
4	a	v	略す	りゃくす	簡稱；省略	abbreviate
4	o	n	流	りゅう	～流（派）	fashion manner way
4	w	n	流域	りゅういき	流域	basin
4	k	k	両	りょう	兩～	both
4	s	n	料	りょう	～費	fare charge
4	c	n	領	りょう	領土	territory
4	t	n	両側	りょうがわ	兩側	both sides
4	j	n	漁師	りょうし	漁夫	fisherman
4	c	n	領事	りょうじ	領事	consul
4	s	n	領収	りょうしゅう	收據（正式）	receipt voucher
4	o	n	力	りょく	～力	power
4	d	n	臨時	りんじ	臨時	temporary special extraordinary
4	h	n	留守番	るすばん	看家	care taking caretaker house
4	e	n	零点	れいてん	零分	zero marks
4	f	n	冷凍	れいとう	冷凍	freezing cold storage refrigeration
4	s	n	レインコート		雨衣	raincoat
4	r	n	レクリェーション		休閒活動	recreation
4	r	n	レジャー		休閒	leisure
4	w	n	列島	れっとう	列島	chain islands
4	x	n	煉瓦	れんが	磚	brick
4	c	n	連合	れんごう	聯合；同盟	union alliance
4	x	n	レンズ		鏡頭；透鏡	lens
4	h	n	ろうそく		蠟燭	candle
4	e	n	ローマ字	ローマじ	羅馬字	romanization roman letters
4	x	n	録音	ろくおん	錄音	recording
4	h	n	ロッカー		置物櫃	locker
4	t	n	ロビー		大廳	lobby
4	e	n	論	ろん	理論；～論	theory
4	c	n	和	わ	和（日式）	japanese style
4	n	n	羽	わ	～隻（鳥）	rabbits birds
4	e	n	和英	わえい	日英	japanese english
4	k	k	我	わが	我們的～	our
4	d	i	若々しい	わかわかしい	朝氣蓬勃	youthful young
4	g	v	詫びる	わびる	賠罪	apologize
4	s	n	和服	わふく	和服（日式服裝）	japanese clothes
4	k	k	割合に	わりあいに	比較地	relatively comparatively
4	n	n	割算	わりざん	除法	division
4	k	k	割と	わりと	比較（意外地）	relatively comparatively
4	s	n	割引	わりびき	折扣	discount
4	s	n	ワンピース		連身裙	piece dress
4	o	n	アイデア		點子	idea
4	d	n	あいまい		曖昧	vague ambiguous
4	a	v	扇ぐ	あおぐ	搧（風）	fan flap
4	d	i	青白い	あおじろい	蒼白	pale
4	m	v	呆れる	あきれる	目瞪口呆；傻眼	shocked appalled
4	e	n	アクセント		重音；口音	accent
4	b	n	あくび		呵欠	yawn
4	k	v	飽くまで	あくまで	徹底；始終	end last stubbornly
4	n	n	明くる	あくる	翌～（次）	next following
4	n	n	明け方	あけがた	拂曉	dawn
4	m	v	憧れる	あこがれる	嚮往	long yearn after
4	h	n	朝寝坊	あさねぼう	睡懶覺（的人）	oversleeping late riser
4	o	n	足跡	あしあと	腳印	footprint
4	t	n	足元	あしもと	腳下	feet
4	f	v	味わう	あじわう	品嚐	taste savor
4	t	n	あちらこちら		到處（這裡那裡）	here there
4	m	i	厚かましい	あつかましい	厚顏無恥	impudent shameless
4	x	n	圧縮	あっしゅく	壓縮	compression condensation pressure
4	h	n	宛名	あてな	收件人姓名	address direction
4	a	v	当てはまる	あてはまる	適用；符合	applicable come under
4	a	v	当てはめる	あてはめる	套用	apply adapt
4	a	v	暴れる	あばれる	胡鬧；亂來	act violently rage
4	f	v	あぶる		烘烤	scorch roast
4	a	v	あふれる		溢出；充滿	flood overflow
4	h	n	雨戸	あまど	防雨板窗	sliding storm door
4	p	v	甘やかす	あまやかす	寵壞	pamper spoil
4	a	v	余る	あまる	剩餘（動詞）	left excess
4	r	n	編み物	あみもの	編織品	knitting
4	r	v	編む	あむ	編織（動詞）	knit
4	d	i	危うい	あやうい	危險（危うい）	dangerous critical
4	d	i	怪しい	あやしい	可疑	suspicious dubious doubtful
4	d	i	荒い	あらい	粗暴	rough rude wild
4	d	i	粗い	あらい	粗糙	coarse rough
4	e	n	粗筋	あらすじ	梗概	outline synopsis
4	k	k	改めて	あらためて	重新；再次	another time again
4	a	v	改める	あらためる	改正；更改	change reform revise
4	m	i	有難い	ありがたい	值得感謝	grateful thankful appreciated
4	k	k	あれこれ		種種	thing another
4	a	v	荒れる	あれる	荒蕪；狂暴	stormy rough ruined
4	d	i	慌ただしい	あわただしい	慌忙；匆忙	busy hurried
4	d	n	安易	あんい	輕易；隨便	easy going
4	x	n	アンテナ		天線	antenna
4	n	n	位	い	第～名	place
4	a	v	言い出す	いいだす	說出口；提出	start talking suggest
4	a	v	言い付ける	いいつける	吩咐；告狀	tell order
4	o	n	意義	いぎ	意義	meaning significance
4	d	n	生き生き	いきいき	生氣勃勃	vividly lively
4	k	k	いきなり		突然（冷不防）	all sudden
4	n	n	幾	いく	幾～	several
4	p	n	育児	いくじ	育兒	childcare nursing
4	k	k	幾分	いくぶん	幾分；多少	somewhat
4	r	n	生け花	いけばな	插花	flower arrangement
4	n	n	以後	いご	以後	after now hereafter
4	n	n	以降	いこう	以降	after hereafter
4	n	n	イコール		等於	equal
4	m	i	勇ましい	いさましい	勇敢	brave valiant
4	h	n	衣食住	いしょくじゅう	衣食住	food clothing shelter
4	n	n	いち		第一（數一數二）	
4	k	k	いちいち		一一；每次都	separately
4	k	k	一応	いちおう	姑且	tentatively time
4	k	k	一段と	いちだんと	更加（一段）	far greater
4	d	n	一流	いちりゅう	一流	first class leading
4	n	n	一昨日	いっさくじつ	前天（正式）	day before yesterday
4	n	n	一昨年	いっさくねん	前年（正式）	year before last
4	k	k	一斉	いっせい	一齊	simultaneous all once
4	k	k	一旦	いったん	一旦；暫且	once moment
4	d	n	一定	いってい	一定（固定）	fixed settled regular
4	g	g	行ってらっしゃい	いってらっしゃい	路上小心；慢走	have nice day see
4	g	g	いってまいります		我走了（謙讓）	come back going see
4	g	g	いってきます		我出門了	come back going see
4	h	n	移転	いてん	遷移	moving transfer
4	h	n	井戸	いど	水井	water well
4	w	n	緯度	いど	緯度	latitude
4	m	v	威張る	いばる	擺架子	proud swagger
4	m	n	嫌がる	いやがる	討厭；不願意（動詞）	reluctant dislike
4	k	k	いよいよ		終於；越發	more more increasingly last
4	f	v	煎る	いる	炒；焙	roast
4	h	n	入れ物	いれもの	容器（裝東西）	container case
4	x	n	引力	いんりょく	引力	gravity
4	p	n	ウーマン		女性（外來語）	woman
4	s	n	ウール		羊毛	wool
4	j	n	ウエートレス		女服務生	waitress
4	w	n	植木	うえき	盆栽；庭木	garden shrubs trees potted
4	b	v	飢える	うえる	飢餓	starve
4	a	v	浮かぶ	うかぶ	浮起；想起	float rise surface come
4	a	v	浮かべる	うかべる	使浮起；露出	float express
4	a	v	浮く	うく	浮；漂	float
4	g	v	承る	うけたまわる	恭聽；遵命（謙讓）	hear told know
4	s	n	受取	うけとり	收據（受取）	receipt
4	j	v	受け持つ	うけもつ	負責；擔任	take charge
4	d	i	薄暗い	うすぐらい	微暗	dim gloomy
4	f	v	薄める	うすめる	稀釋	dilute water down
4	j	n	打合せ	うちあわせ	事先商量；會前討論	business meeting previous arrangement
4	a	v	打ち消す	うちけす	否認；消除	deny negate
4	f	n	うどん		烏龍麵	udon noodles
4	a	v	うなずく		點頭	nod
4	p	v	敬う	うやまう	尊敬（動詞）	show respect honor
4	a	v	裏返す	うらがえす	翻過來	turn inside turn
4	h	n	裏口	うらぐち	後門	backdoor rear entrance
4	c	v	占う	うらなう	占卜	predict divine
4	m	n	恨み	うらみ	怨恨	resentment
4	m	v	恨む	うらむ	怨恨（動詞）	curse feel bitter
4	m	v	羨む	うらやむ	羨慕（動詞）	envy
4	j	n	売上	うりあげ	營業額	amount sold proceeds
4	s	n	売り切れ	うりきれ	賣完	sold
4	s	v	売り切れる	うりきれる	售罄	sold
4	s	n	売行き	うれゆき	銷路	sales
4	a	n	うろうろ		徘徊	loitering aimless wandering
4	w	n	運河	うんが	運河	canal waterway
4	k	k	うんと		很多；狠狠地	great deal much
4	e	n	英文	えいぶん	英文	sentence english
4	e	n	英和	えいわ	英日	english japanese
4	g	g	ええと		嗯……那個	let see well
4	x	n	液体	えきたい	液體	liquid fluid
4	c	n	エチケット		禮節	etiquette
4	r	n	絵の具	えのぐ	顏料	colors paints
4	s	n	エプロン		圍裙	apron
4	d	i	偉い	えらい	了不起；偉大	great celebrated remarkable
4	t	n	園	えん	～園	garden
4	r	n	宴会	えんかい	宴會	party banquet
4	r	n	園芸	えんげい	園藝	horticulture gardening
4	r	n	演劇	えんげき	戲劇（演劇）	play
4	n	n	円周	えんしゅう	圓周	circumference
4	r	n	遠足	えんそく	遠足	trip hike picnic
4	o	n	延長	えんちょう	延長（名詞）	extension prolongation
4	h	n	煙突	えんとつ	煙囪	chimney
4	a	v	追いかける	おいかける	追趕（在後）	chase run after
4	a	v	追い越す	おいこす	超越（超車）	pass outdistance outstrip
4	x	n	オイル		油（外來語）	oil
4	c	n	王女	おうじょ	公主	princess
4	j	n	応接	おうせつ	接待（應接）	reception
4	j	n	応対	おうたい	應對	receiving dealing
4	t	n	往復	おうふく	往返	round trip coming going
4	c	n	欧米	おうべい	歐美	europe america west
4	o	n	応用	おうよう	應用	application put practical
4	x	n	電波	でんぱ	電波	electro magnetic wave
4	r	n	テンポ		節奏；速度	tempo
4	x	n	電流	でんりゅう	電流	electric current
4	x	n	電力	でんりょく	電力	electric power
4	j	n	問い合わせ	といあわせ	詢問；洽詢	inquiry
4	n	n	頭	とう	～頭（動物）	animals
4	n	n	等	とう	～等（等級）	level place
4	w	n	島	とう	～島	kind islands
4	x	n	銅	どう	銅	copper
4	k	k	同	どう	同～	
4	t	n	道	どう	～道	kind path road
4	g	g	どういたしまして		不客氣	you are welcome don
4	c	n	統一	とういつ	統一	unity consolidation uniformity
4	o	n	同格	どうかく	同等地位	rank equality apposition
4	w	n	峠	とうげ	山口；顛峰期	ridge pass difficult part
4	n	n	統計	とうけい	統計	scattering scatter dispersion
4	o	n	動作	どうさ	動作	action movements motions
4	t	n	東西	とうざい	東西方	east west whole country
4	n	n	当日	とうじつ	當天	appointed day day
4	c	n	投書	とうしょ	投稿	letter editor letter reader
4	r	n	登場	とうじょう	登場	entry
4	k	k	どうせ		反正	anyhow any case any
4	t	n	灯台	とうだい	燈塔	lighthouse
4	c	n	盗難	とうなん	失竊	theft robbery
4	j	n	当番	とうばん	值日；值班	duty
4	n	n	等分	とうぶん	等分	division equal parts
4	o	n	透明	とうめい	透明（名詞）	transparency cleanness
4	h	n	灯油	とうゆ	煤油	lamp oil kerosene
4	r	n	童話	どうわ	童話	fairy tale
4	t	v	通り掛かる	とおりかかる	恰巧經過	happen pass
4	a	v	溶かす	とかす	溶化（他動）	melt dissolve
4	a	v	尖る	とがる	變尖	taper point become sharp
4	m	n	どきどき		心跳加速	throb beat
4	d	n	特殊	とくしゅ	特殊	special unique
4	o	n	特色	とくしょく	特色	characteristic feature
4	o	n	特定	とくてい	特定	specific special particular
4	s	n	特売	とくばい	特賣	special sale
4	a	v	溶け込む	とけこむ	融入	melt become part
4	a	v	退ける	どける	挪開	dislodge put way
4	h	n	床の間	とこのま	壁龕	alcove
4	k	k	ところ		正要～	about
4	t	n	所々	ところどころ	到處；處處	here there some parts
4	t	n	都心	としん	市中心	heart
4	h	n	戸棚	とだな	櫥櫃	cupboard cabinet
4	k	k	とっくに		早就	long ago already long
4	k	k	どっと		一下子（湧出）	suddenly
4	a	v	整う	ととのう	齊備；整齊	prepared order arranged
4	a	v	留まる	とどまる	停留；留下	fixed abide stay
4	a	v	怒鳴る	どなる	大吼	shout yell
4	p	n	殿	どの	～殿（敬稱）	mister
4	a	v	飛び込む	とびこむ	跳入	jump leap plunge
4	k	k	ともかく		無論如何；暫且不論	anyhow any rate anyway
4	a	v	捕える	とらえる	捕捉	seize capture arrest
4	a	v	取り入れる	とりいれる	收穫；引進	harvest take adopt
4	a	v	取り消す	とりけす	取消	cancel
4	a	v	取り出す	とりだす	取出	take pick
4	a	v	採る	とる	採用；採摘	adopt pick
4	a	v	捕る	とる	捕捉（魚等）	take catch
4	f	n	丼	どんぶり	丼飯；大碗	porcelain bowl bowl rice
4	k	k	内	ない	～內	inside
4	b	n	内科	ないか	內科	internist clinic internal medicine
4	j	n	内線	ないせん	內線（電話）	phone extension
4	x	n	ナイロン		尼龍	nylon
4	k	k	長	なが	長～	long
4	p	n	仲直り	なかなおり	和好	reconciliation peace
4	a	v	長引く	ながびく	拖延	prolonged drag
4	b	n	中指	なかゆび	中指	middle finger
4	p	n	仲良し	なかよし	好朋友（交情好）	intimate friend bosom buddy
4	m	v	慰める	なぐさめる	安慰	comfort console
4	a	v	為す	なす	做（文語）	accomplish
4	r	n	謎謎	なぞなぞ	謎語	riddle
4	d	n	傾らか	なだらか	平緩	gradual gentle
4	m	i	懐かしい	なつかしい	懷念	dear desired missed
4	a	v	撫でる	なでる	撫摸	brush gently stroke
4	d	n	斜め	ななめ	傾斜；斜	diagonal oblique
4	k	k	なにしろ		總之；畢竟	any rate any case
4	k	k	何々	なになに	某某；什麼？	such such what
4	k	k	何分	なにぶん	多少；請多（包涵）	all means please
4	m	n	生意気	なまいき	自大；狂妄	impertinent impudent
4	w	n	並木	なみき	行道樹	roadside tree row trees
4	a	v	倣う	ならう	效法	imitate follow emulate
4	w	n	南極	なんきょく	南極	south pole antarctic
4	k	k	なんとなく		總覺得；不知為何	somehow other some reason
4	k	k	なんとも		怎麼也（不）；真是	nothing quite not bit
4	n	n	ナンバー		號碼（外來語）	number
4	t	n	南米	なんべい	南美	south america
4	t	n	南北	なんぼく	南北	south north
4	a	v	匂う	におう	發出氣味	fragrant smell
4	a	v	逃がす	にがす	放走	let loose set free
4	m	i	憎い	にくい	可恨	hateful abominable detestable
4	k	k	難い	がたい	難以～	hard
4	m	v	憎む	にくむ	憎恨	hate detest
4	m	i	憎らしい	にくらしい	可憎	odious hateful
4	m	n	にこにこ		笑瞇瞇	smile sweetly smiley
4	a	v	濁る	にごる	混濁	become muddy get cloudy
4	w	n	虹	にじ	彩虹	rainbow
4	n	n	日時	にちじ	日期和時間	date time
4	h	n	日用品	にちようひん	日用品	daily necessities
4	h	n	日課	にっか	每日例行	daily work daily routine
4	n	n	日程	にってい	日程	schedule
4	d	i	鈍い	にぶい	遲鈍；鈍	dull thickheaded slow stupid
4	j	n	入社	にゅうしゃ	進公司	entry company
4	p	n	女房	にょうぼう	老婆	wife
4	a	v	睨む	にらむ	瞪；盯上	glare stare keep eye
4	k	k	俄	にわか	突然（俄）	sudden abrupt unexpected
4	h	v	縫う	ぬう	縫	sew
4	h	n	ねじ		螺絲	screw
4	a	v	捩る	ねじる	扭；擰	twist
4	s	n	ネックレス		項鍊	necklace
4	a	v	熱する	ねっする	加熱（熱する）	heat
4	s	n	寝間着	ねまき	睡衣	sleep wear pajamas
4	o	n	狙い	ねらい	目標；目的（狙い）	aim
4	a	v	狙う	ねらう	瞄準	aim
4	e	n	年生	ねんせい	～年級	school year
4	n	n	年度	ねんど	年度	year fiscal year
4	x	n	農産物	のうさんぶつ	農產品	agricultural produce
4	t	n	農村	のうそん	農村	agricultural community
4	x	n	濃度	のうど	濃度	concentration density
4	x	n	農薬	のうやく	農藥	agricultural chemicals
4	o	n	能率	のうりつ	效率	efficiency
4	h	n	のこぎり		鋸子	saw
4	k	k	残らず	のこらず	全部；一個不剩	completely without exception
4	t	n	上り	のぼり	上行（列車）；上坡	train ascent
4	e	n	糊	のり	漿糊	glue paste starch
4	t	n	乗換	のりかえ	轉乘（名詞）	transfer
4	t	n	乗り越し	のりこし	坐過站	riding past
4	d	i	鈍い	のろい	慢吞吞；遲鈍	dull slow stupid
4	k	k	のろのろ		慢吞吞地	slowly sluggishly
4	m	n	呑気	のんき	悠哉；粗心	carefree optimistic careless
4	d	n	灰色	はいいろ	灰色	grey ashen
4	e	n	俳句	はいく	俳句	haiku poetry
4	s	n	売店	ばいてん	小賣店	shop stand
4	g	g	バイバイ		拜拜	bye bye
4	s	n	売買	ばいばい	買賣（交易）	trade buying selling
4	a	v	這う	はう	爬	creep crawl
4	a	v	剥がす	はがす	剝下	tear peel rip
4	d	i	ばからしい		荒謬	absurd
4	h	n	秤	はかり	秤	scales weighing machine
4	b	n	吐き気	はきけ	噁心想吐	nausea sickness stomach
4	d	n	はきはき		乾脆俐落	clearly
4	n	n	泊	はく	～晚（住宿）	staying
4	x	n	歯車	はぐるま	齒輪	gear cog wheel
4	h	n	バケツ		水桶	bucket pail
4	a	v	挟まる	はさまる	夾住（自動）	get between caught
4	a	v	挟む	はさむ	夾；插	pinch hold between insert
4	h	n	梯子	はしご	梯子	ladder stairs
4	k	v	始めに	はじめに	首先（開始時）	begin first all
4	g	g	はじめまして		初次見面	how you glad meet
4	o	n	パターン		模式	pattern
4	s	n	肌着	はだぎ	貼身衣物	underwear
4	k	k	果して	はたして	果然；到底	was expected really
4	h	n	鉢	はち	缽；花盆	bowl pot
4	e	n	×	ばつ	叉號（錯）	cross
4	o	n	発揮	はっき	發揮	exhibition demonstration display
4	o	n	バック		背後；倒車	back
4	o	n	発想	はっそう	構想	idea way thinking
4	x	n	発電	はつでん	發電	generation
4	s	n	発売	はつばい	發售	sale
4	p	n	話合い	はなしあい	協商；談話	discussion talk
4	p	v	話し掛ける	はなしかける	搭話	accost person talk
4	h	n	話中	はなしちゅう	通話中（佔線）	while talking line busy
4	d	i	甚だしい	はなはだしい	非常；甚	extreme excessive terrible
4	r	n	花火	はなび	煙火	fireworks
4	p	n	花嫁	はなよめ	新娘	bride
4	h	n	ばね		彈簧	spring
4	a	v	跳ねる	はねる	跳躍	jump leap
4	o	n	破片	はへん	碎片	fragment broken piece
4	h	n	歯磨き	はみがき	刷牙；牙膏	toothbrushing toothpaste
4	a	v	はめる		嵌入；戴上	get insert put
4	e	n	早口	はやくち	說話快	fast talking
4	s	v	払い込む	はらいこむ	繳納（匯入）	deposit pay
4	s	v	払い戻す	はらいもどす	退款	repay pay back
4	h	n	針金	はりがね	鐵絲	wire
4	m	v	張り切る	はりきる	幹勁十足	high spirits full vigor
4	k	k	反	はん	反～	anti
4	o	n	反映	はんえい	反映	reflection influence
4	n	n	半径	はんけい	半徑	radius
4	j	n	判子	はんこ	印章	seal
4	g	g	万歳	ばんざい	萬歲	banzai long live
4	c	n	判事	はんじ	法官	judge justice
4	h	n	番地	ばんち	門牌號碼	house number address
4	s	n	パンツ		內褲；褲子	underpants
4	r	n	バンド		樂團；帶子	band
4	w	n	半島	はんとう	半島	peninsula
4	t	n	ハンドル		方向盤；把手	handle steering wheel
4	n	n	番目	ばんめ	第～個	
4	k	k	非	ひ	非～	anti non
4	s	n	費	ひ	～費	cost
4	h	n	日当たり	ひあたり	日照	exposure sun sunny place
4	r	n	日帰り	ひがえり	當天來回	day trip
4	k	k	比較的	ひかくてき	比較地（相對）	comparatively relatively
4	w	n	日陰	ひかげ	陰涼處	shadow
4	d	n	ぴかぴか		閃閃發亮	glitter sparkle
4	a	v	引き受ける	ひきうける	承接；接受	undertake take take
4	t	v	引き返す	ひきかえす	折返	turn back back reverse
4	n	n	引算	ひきざん	減法	subtraction
4	a	v	引き出す	ひきだす	拉出；提款	pull take withdraw
4	a	v	引き止める	ひきとめる	挽留	keep back prevent hold
4	m	n	卑怯	ひきょう	卑鄙；膽怯	cowardice meanness unfairness
4	r	n	引分け	ひきわけ	平手	draw tie game
4	w	n	日差し	ひざし	陽光	sunlight rays sun
4	b	n	肘	ひじ	手肘	elbow
4	c	n	ピストル		手槍	pistol
4	f	n	ビタミン		維他命	vitamin
4	k	k	ぴたり		恰好；緊貼	exactly close fitting
4	a	v	引っ掛かる	ひっかかる	被鉤住；被卡住	caught stuck
4	e	n	筆記	ひっき	筆記	note taking writing
4	a	v	引っ繰り返す	ひっくりかえす	翻過來；打翻	turn overturn knock
4	a	v	引っ繰り返る	ひっくりかえる	翻倒	overturned upset topple reversed
4	a	v	引っ込む	ひっこむ	縮回；退居	draw back sink cave
4	e	n	筆者	ひっしゃ	筆者	writer author
4	h	n	必需品	ひつじゅひん	必需品	necessities essential
4	n	n	一	ひと	一～	
4	b	n	人差指	ひとさしゆび	食指	index finger
4	k	k	一通り	ひととおり	大略；一般	general briefly
4	t	n	人通り	ひとどおり	行人往來	pedestrian traffic
4	k	k	ひとまず		暫且	present once time
4	b	n	瞳	ひとみ	瞳孔	pupil
4	r	n	一休み	ひとやすみ	稍作休息	rest
4	e	n	独り言	ひとりごと	自言自語	soliloquy monologue speaking oneself
4	k	k	ひとりでに		自然而然地	itself automatically naturally
4	x	n	ビニール		塑膠布；乙烯	vinyl
4	e	n	皮肉	ひにく	諷刺	cynicism sarcasm
4	n	n	日日	ひにち	日子（日期）	date
4	a	v	捻る	ひねる	扭轉	twist turn
4	w	n	日の入り	ひのいり	日落	sunset
4	w	n	日の出	ひので	日出	sunrise
4	o	n	響き	ひびき	回響	echo sound
4	a	v	響く	ひびく	迴響；影響	resound affect
4	b	n	皮膚	ひふ	皮膚	skin
4	e	n	百科事典	ひゃっかじてん	百科全書	encyclopedia
4	s	n	美容	びよう	美容	beauty figure
4	b	n	病	びょう	～病	kind disease
4	e	n	表紙	ひょうし	封面	front cover binding
4	t	n	標識	ひょうしき	標誌	sign mark
4	o	n	標準	ひょうじゅん	標準	standard level
4	x	n	標本	ひょうほん	標本	example specimen
4	e	n	評論	ひょうろん	評論	criticism critique
4	h	n	昼寝	ひるね	午睡	nap siesta
4	n	n	広さ	ひろさ	寬度；面積	extent
4	t	n	広場	ひろば	廣場	plaza
4	d	n	広々	ひろびろ	寬敞	extensive spacious
4	d	n	ピンク		粉紅色	pink
4	h	n	便箋	びんせん	信紙	writing paper stationery
4	f	n	瓶詰	びんづめ	瓶裝	bottling bottled
4	o	n	部	ぶ	～部	part
4	s	n	ファスナー		拉鍊	fastener zipper
4	o	n	風	ふう	～風格	style
4	r	n	風船	ふうせん	氣球	balloon
4	o	n	不運	ふうん	不幸；倒楣	unlucky misfortune bad luck
4	d	n	不規則	ふきそく	不規則	irregularity unsteadiness
4	c	n	普及	ふきゅう	普及	diffusion spread
4	t	n	付近	ふきん	附近（正式）	neighborhood vicinity
4	j	n	副	ふく	副～	vice
4	e	n	副詞	ふくし	副詞	adverb
4	j	n	複写	ふくしゃ	複印；複寫	copy duplicate
4	n	n	複数	ふくすう	複數	plural multiple
4	a	v	膨らます	ふくらます	使膨脹；鼓起	swell expand inflate
4	a	v	膨らむ	ふくらむ	膨脹	expand swell become inflated
4	d	n	不潔	ふけつ	不潔	unclean dirty
4	n	v	更ける	ふける	（夜）深	get late wear
4	e	n	符号	ふごう	符號（記號）	sign mark symbol
4	p	n	夫妻	ふさい	夫妻	man wife married couple
4	a	v	塞がる	ふさがる	堵塞；被佔用	plugged shut
4	a	v	塞ぐ	ふさぐ	堵住	stuff close block
4	m	v	ふざける		開玩笑；嬉鬧	romp gambol frolic
4	g	g	無沙汰	ぶさた	久疏問候	neglecting stay contact
4	c	n	武士	ぶし	武士	warrior samurai
4	e	n	部首	ぶしゅ	部首	radical
4	h	n	襖	ふすま	紙拉門（隔扇）	sliding screen
4	o	n	附属	ふぞく	附屬	attached belonging affiliated
4	h	n	蓋	ふた	蓋子	cover lid cap
4	d	n	物騒	ぶっそう	不安寧；危險	dangerous disturbed insecure
4	m	n	ぶつぶつ		嘀咕；抱怨	grumbling complaining small voice
4	h	n	船便	ふなびん	海運郵件	surface mail
4	x	n	部品	ぶひん	零件	parts accessories
4	w	n	吹雪	ふぶき	暴風雪	snow storm
4	p	n	父母	ふぼ	父母（正式）	father mother parents
4	t	n	踏切	ふみきり	平交道	railway crossing level crossing
4	w	n	麓	ふもと	山腳	foot bottom base
4	f	n	フライパン		平底鍋	fry pan frying pan
4	s	n	ブラウス		女用襯衫	blouse
4	a	v	ぶらさげる		垂掛；提著	hang suspend swing
4	h	n	ブラシ		刷子	brush
4	t	n	プラットホーム		月台（外來語）	platform
4	n	n	振り	ぶり	相隔～（久違）	after interval
4	o	n	フリー		自由；免費	free
4	e	n	振り仮名	ふりがな	注音假名	pronunciation key
4	a	v	振り向く	ふりむく	回頭	turn face turn around
4	e	n	プリント		講義；印刷	print handout
4	k	k	古	ふる	舊～	old
4	t	n	故郷	ふるさと	故鄉（家鄉）	home town birthplace
4	a	v	振舞う	ふるまう	舉止；請客	behave conduct
4	s	n	ブローチ		胸針	brooch
4	x	n	プログラム		節目表；程式	program
4	h	n	風呂敷	ふろしき	包袱巾	wrapping cloth cloth wrapper
4	d	n	ふわふわ		輕飄飄；軟綿綿	light soft
4	w	n	噴火	ふんか	火山爆發	eruption
4	x	n	分解	ぶんかい	分解	analysis disassembly
4	e	n	文芸	ぶんげい	文藝	literature art literature
4	e	n	文献	ぶんけん	文獻	literature books
4	t	n	噴水	ふんすい	噴水池	water fountain
4	n	n	分数	ぶんすう	分數	fraction
4	e	n	文体	ぶんたい	文體	literary style
4	o	n	分布	ぶんぷ	分布	distribution
4	e	n	文房具	ぶんぼうぐ	文具	stationery
4	e	n	文脈	ぶんみゃく	文脈	context
4	n	n	分量	ぶんりょう	分量	amount quantity
4	o	n	分類	ぶんるい	分類	classification
4	j	n	閉会	へいかい	閉會	closure
4	m	n	平気	へいき	不在乎；冷靜	coolness calmness unconcern
4	o	n	並行	へいこう	並行	side side concurrent time
4	n	n	平日	へいじつ	平日	weekday
4	c	n	兵隊	へいたい	士兵	soldier
4	d	n	平凡	へいぼん	平凡	common ordinary
4	w	n	平野	へいや	平原	plain open field
4	a	v	凹む	へこむ	凹陷	dented indented
4	b	n	へそ		肚臍	navel belly button
4	a	v	隔てる	へだてる	隔開	shut
4	h	n	別荘	べっそう	別墅	villa vacation home summer
4	k	k	別々	べつべつ	分別地	separately individually
4	j	n	ベテラン		老手	veteran
4	t	n	ヘリコプター		直升機	helicopter
4	n	n	遍	へん	～遍	time
4	e	n	弁	べん	口才；方言	speech dialect
4	e	n	編集	へんしゅう	編輯	editing compilation editorial
4	h	n	便所	べんじょ	廁所（舊稱）	toilet lavatory
4	h	n	ペンチ		鉗子	pliers
4	n	n	歩	ほ	步	step pace
4	k	k	ぽい		有～傾向	ish
4	k	k	ほう		（比較）～方	
4	k	k	防	ぼう	防～	prevention
4	x	n	望遠鏡	ぼうえんきょう	望遠鏡	telescope
4	t	n	方角	ほうがく	方位	direction way
4	h	n	箒	ほうき	掃帚	broom
4	e	n	方言	ほうげん	方言	dialect
4	c	n	坊さん	ぼうさん	和尚	buddhist priest monk
4	o	n	防止	ぼうし	防止（名詞）	prevention check
4	o	n	方針	ほうしん	方針	objective plan policy
4	x	n	法則	ほうそく	法則	law rule
4	b	n	包帯	ほうたい	繃帶	bandage
4	d	n	膨大	ぼうだい	龐大（膨大）	enormous extensive
4	f	n	包丁	ほうちょう	菜刀	kitchen knife carving knife
4	n	n	方程式	ほうていしき	方程式	equation
4	c	n	防犯	ぼうはん	防盜	prevention crime
4	t	n	方面	ほうめん	方面	direction area
4	p	n	坊や	ぼうや	小弟弟	boy
4	a	v	放る	ほうる	丟；扔	let
4	j	n	ボーナス		獎金（年終）	bonus
4	m	n	朗らか	ほがらか	開朗	bright cheerful melodious
4	w	n	牧場	ぼくじょう	牧場	farm pasture land
4	x	n	牧畜	ぼくちく	畜牧	stock farming
4	b	n	保健	ほけん	保健	health preservation hygiene sanitation
4	j	n	募集	ぼしゅう	招募	recruitment
4	h	v	干す	ほす	晾乾	air dry drink
4	r	n	ポスター		海報	poster
4	w	n	北極	ほっきょく	北極	north pole
4	p	n	坊っちゃん	ぼっちゃん	少爺	son
4	a	v	解く	ほどく	解開（結）	unfasten
4	a	v	掘る	ほる	挖掘	dig excavate
4	r	v	彫る	ほる	雕刻（動詞）	carve chisel
4	s	n	ぼろ		破布；破舊	rag tattered clothes
4	r	n	盆	ぼん	盂蘭盆節；托盤	festival dead tray
4	w	n	盆地	ぼんち	盆地	basin
4	k	k	ほんの		僅僅；一點點	mere just
4	j	n	本部	ほんぶ	總部	headquarters
4	k	k	本来	ほんらい	本來	essentially naturally nature
4	g	g	まあまあ		還可以；馬馬虎虎	okay decent
4	n	n	枚数	まいすう	張數	number flat things
4	g	g	毎度	まいど	每次；感謝惠顧	each time common service
4	h	n	枕	まくら	枕頭	pillow
4	a	v	曲げる	まげる	彎曲（他動）	bend crook lean
4	m	n	まごまご		不知所措	confused loss
4	x	n	摩擦	まさつ	摩擦	friction rubbing chafe
4	s	n	マスク		口罩；面具	mask
4	a	v	またぐ		跨過	straddle
4	t	n	待合室	まちあいしつ	候車室	waiting room
4	p	v	待ち合わせる	まちあわせる	約好碰面	rendezvous meet prearranged place
4	t	n	街角	まちかど	街角	street corner
4	d	n	真っ暗	まっくら	漆黑	total darkness
4	d	n	真っ黒	まっくろ	烏黑	pitch black
4	d	n	真っ青	まっさお	深藍；臉色鐵青	deep blue ghastly pale
4	n	n	真っ先	まっさき	最先	foremost beginning
4	d	n	真っ白	まっしろ	雪白	pure white
4	c	v	祭る	まつる	祭祀	deify enshrine
4	j	n	窓口	まどぐち	窗口（服務台）	window
4	a	v	真似る	まねる	模仿（真似る）	mimic imitate
4	b	n	まぶた		眼皮	eyelids
4	s	n	マフラー		圍巾（冬季）	winter scarf
4	n	n	間も無く	まもなく	不久	soon short time
4	r	n	マラソン		馬拉松	marathon
4	d	n	稀	まれ	稀少	rare seldom
4	t	n	回り道	まわりみち	繞遠路	detour
4	t	n	満員	まんいん	客滿	full house vacancy sold
4	h	n	マンション		公寓大樓	multistory apartment house condominium
4	e	n	満点	まんてん	滿分	perfect score
4	k	k	未	み	未～	not yet
4	a	v	見上げる	みあげる	抬頭看；欽佩	look admire
4	a	v	見送る	みおくる	送行；目送	see escort let pass
4	a	v	見下ろす	みおろす	俯視	overlook look down
4	o	n	見掛け	みかけ	外表	outward appearance
4	w	n	三日月	みかづき	新月	crescent moon
4	w	n	岬	みさき	海岬	cape
4	m	n	みじめ		悲慘	sad pitiful wretched
4	h	n	ミシン		縫紉機	sewing machine
4	k	k	自ら	みずから	親自	self personally
4	s	n	水着	みずぎ	泳衣	bathing suit
4	s	n	店屋	みせや	店鋪	store shop
4	k	k	みたい		好像～	looks like
4	e	n	見出し	みだし	標題（報紙）	heading index
4	t	n	道順	みちじゅん	路線（順序）	itinerary route
4	d	i	みっともない		難看；不像樣	shameful indecent
4	a	v	見詰める	みつめる	凝視	stare gaze
4	a	v	見直す	みなおす	重新看；重新評價	look again review
4	a	v	見慣れる	みなれる	看慣	become seeing familiar
4	d	i	醜い	みにくい	醜陋	ugly
4	w	v	実る	みのる	結果實；有成果	bear fruit ripen
4	c	n	身分	みぶん	身分	position status
4	s	n	見本	みほん	樣本	sample
4	b	v	見舞う	みまう	探望	ask after visit
4	n	n	未満	みまん	未滿	less than insufficient
4	p	n	名字	みょうじ	姓氏	surname family name
4	n	n	ミリ		毫米	milli
4	c	n	民間	みんかん	民間	private civilian
4	c	n	民主	みんしゅ	民主	democratic
4	r	n	民謡	みんよう	民謠	folk song popular song
4	k	k	向け	むけ	針對～；～向	
4	o	n	無限	むげん	無限	infinite
4	s	n	無地	むじ	素色	plain
4	o	n	矛盾	むじゅん	矛盾	contradiction inconsistency
4	n	n	無数	むすう	無數	countless number infinite number
4	d	n	紫	むらさき	紫色	purple color violet
4	w	n	群れ	むれ	群；成群	crowd flock herd
4	p	n	姪	めい	姪女；外甥女	niece
4	k	k	名	めい	名～	famous
4	r	n	名作	めいさく	名作	masterpiece
4	r	n	名所	めいしょ	名勝	famous place
4	c	n	迷信	めいしん	迷信	superstition
4	s	n	名物	めいぶつ	名產	famous product special product
4	k	k	銘々	めいめい	各自（各個）	each individual
4	a	v	恵まれる	めぐまれる	受惠；富有	blessed rich
4	a	v	巡る	めぐる	巡迴；環繞	around
4	a	v	目指す	めざす	以～為目標	aim have eye
4	h	n	目覚まし	めざまし	鬧鐘	alarm clock
4	p	n	目下	めした	部下；晚輩	present now
4	o	n	目印	めじるし	記號；標記	mark sign landmark
4	a	v	目立つ	めだつ	顯眼	conspicuous stand
4	d	n	めちゃくちゃ		亂七八糟	absurd messed wrecked
4	k	k	めっきり		明顯地	remarkably
4	d	i	めでたい		可喜；吉祥	happy propitious joyous
4	f	n	メニュー		菜單	menu
4	b	n	めまい		頭暈	dizziness giddiness
4	o	n	目安	めやす	標準；大致目標	criterion aim
4	s	n	免税	めんぜい	免稅	tax exemption
4	n	n	面積	めんせき	面積	area
4	m	i	面倒臭い	めんどうくさい	麻煩死了	bother tiresome
4	s	v	儲かる	もうかる	賺錢（自動）	profitable yield profit
4	s	v	儲ける	もうける	賺錢	earn have child
4	g	g	申し訳ない	もうしわけない	非常抱歉	inexcusable sorry
4	x	n	モーター		馬達	motor
4	x	n	木材	もくざい	木材（正式）	lumber timber wood
4	e	n	目次	もくじ	目錄	table contents
4	a	v	潜る	もぐる	潛入；鑽進	drive pass through evade
4	k	k	もしかしたら		或許	perhaps maybe some chance
4	a	v	もたれる		倚靠；積食	lean against lean
4	d	n	モダン		現代；摩登	modern
4	f	n	餅	もち	年糕；麻糬	sticky rice cake
4	r	n	モデル		模特兒	fashion model
4	k	k	元々	もともと	原本	originally nature start
4	h	n	物置	ものおき	儲藏室	storage room
4	a	v	物語る	ものがたる	講述；說明	tell indicate
4	e	n	物差し	ものさし	直尺	ruler measure
4	d	i	物凄い	ものすごい	驚人；非常	earth shattering staggering great
4	t	n	モノレール		單軌電車	monorail
4	w	n	紅葉	もみじ	楓葉	maple
4	a	v	揉む	もむ	揉；按摩	rub crumple wrinkle
4	r	n	催し	もよおし	活動（集會）	event festivities function
4	f	v	盛る	もる	盛（飯）；堆	serve fill prescribe
4	e	n	問	もん	～題	questions
4	e	n	問答	もんどう	問答	questions answers dialogue
4	n	n	夜	や	～夜	nights
4	d	v	やかましい		吵鬧；囉嗦	fussy overly critical
4	n	n	夜間	やかん	夜間	night nighttime
4	f	n	やかん		水壺（燒水）	kettle
4	r	n	役者	やくしゃ	演員（戲劇）	actor
4	c	n	役所	やくしょ	政府機關（役所）	government office public office
4	c	n	役人	やくにん	公務員（官員）	government official
4	b	n	薬品	やくひん	藥品	medicine chemical
4	j	n	役目	やくめ	任務（役目）	duty business
4	b	n	火傷	やけど	燙傷	burn scald
4	t	n	夜行	やこう	夜車；夜行	night train night travel
4	t	n	矢印	やじるし	箭頭	directing arrow
4	k	k	やたらに		胡亂地	randomly recklessly blindly
4	b	n	薬局	やっきょく	藥局	pharmacy drugstore
4	a	v	やっつける		擊敗；收拾	attack beat finish
4	a	v	破く	やぶく	撕破（口語）	tear
4	k	k	やむをえない		不得已	cannot helped unavoidable
4	d	i	軟らかい	やわらかい	軟；柔軟（物）	soft tender limp
4	r	n	遊園地	ゆうえんち	遊樂園	amusement park
4	c	n	夕刊	ゆうかん	晚報	evening paper
4	h	n	郵送	ゆうそう	郵寄	mailing
4	w	n	夕立	ゆうだち	傍晚雷陣雨	evening shower
4	w	n	夕日	ゆうひ	夕陽	evening sun setting sun
4	d	n	悠々	ゆうゆう	悠閒；從容	quiet calm leisurely
4	s	n	有料	ゆうりょう	收費	admission paid toll
4	s	n	浴衣	ゆかた	浴衣	bathrobe informal summer kimono
4	o	n	行方	ゆくえ	行蹤	whereabouts
4	f	n	湯気	ゆげ	蒸氣（熱氣）	steam
4	b	n	輸血	ゆけつ	輸血	blood transfusion
4	t	n	輸送	ゆそう	運輸	transport transportation
4	m	n	油断	ゆだん	疏忽大意	negligence unpreparedness
4	f	n	湯飲み	ゆのみ	茶杯（日式）	teacup
4	d	i	緩い	ゆるい	鬆；緩	loose lenient slow
4	w	n	溶岩	ようがん	熔岩	lava
4	e	n	用語	ようご	用語；術語	term terminology
4	e	n	要旨	ようし	要旨	gist essentials summary
4	p	n	幼児	ようじ	幼兒	infant baby child
4	n	n	容積	ようせき	容積	capacity volume
4	m	n	幼稚	ようち	幼稚	infancy childish infantile
4	e	n	幼稚園	ようちえん	幼稚園	kindergarten
4	o	n	用途	ようと	用途	usefulness
4	s	n	洋品店	ようひんてん	服飾店	clothes store
4	f	n	養分	ようぶん	養分	nourishment nutrient
4	k	k	漸く	ようやく	好不容易	last finally hardly
4	o	n	要領	ようりょう	要領	gist essentials outline
4	n	n	翌	よく	翌～；次～	next
4	m	n	欲張り	よくばり	貪心	greedy
4	k	k	余計	よけい	多餘；更加	too much unnecessary abundance
4	a	v	よこす		寄來；送來	send forward hand
4	t	n	余所	よそ	別處	another place somewhere else
4	t	n	四つ角	よつかど	十字路口（四角）	four corners crossroads
4	p	n	酔っ払い	よっぱらい	醉漢	drunkard
4	o	n	予備	よび	預備	preparation spare
4	a	v	呼び掛ける	よびかける	呼籲；打招呼	call accost address appeal
4	a	v	呼び出す	よびだす	叫出來；傳喚	summon call
4	a	v	蘇る	よみがえる	復活	resurrected revived
4	p	n	等	ら	～們（等）	plural persons
4	r	n	来日	らいにち	來日本	coming japan visit japan
4	e	n	落第	らくだい	留級；落榜	failure dropping class
4	t	n	ラッシュアワー		尖峰時間	rush hour
4	e	n	欄	らん	欄	column text
4	f	n	ランチ		午餐（外來語）	lunch
4	r	n	ランニング		跑步；背心	running tank top
4	d	n	乱暴	らんぼう	粗暴；暴力	rude violent rough
4	e	n	理科	りか	理科	science
4	o	n	利害	りがい	利害	advantages disadvantages interest
4	o	n	段階	だんかい	階段	gradation grade stage
4	n	n	短期	たんき	短期	short term
4	x	n	炭鉱	たんこう	煤礦	coal mine coal pit
4	o	n	短所	たんしょ	短處	defect weak point disadvantage
4	h	n	たんす		衣櫃	chest drawers
4	w	n	淡水	たんすい	淡水	fresh water
4	h	n	断水	だんすい	停水	water outage
4	n	n	単数	たんすう	單數	singular
4	h	n	団地	だんち	社區住宅	housing complex
4	o	n	断定	だんてい	斷定	conclusion decision
4	r	n	短編	たんぺん	短篇	short
4	a	v	誓う	ちかう	發誓	swear vow
4	w	n	地下水	ちかすい	地下水	underground water
4	n	n	近々	ちかぢか	近期內	soon before long
4	a	v	近付ける	ちかづける	使靠近	bring near put close
4	a	v	近寄る	ちかよる	靠近	approach draw near
4	d	i	力強い	ちからづよい	有力；強而有力	powerful strong vigorous
4	a	v	ちぎる		撕碎；摘	cut fine pick
4	w	n	地質	ちしつ	地質	geological features
4	p	n	知人	ちじん	熟人（知人）	friend acquaintance
4	t	n	地帯	ちたい	地帶	area zone
4	a	v	縮む	ちぢむ	收縮	shrink contracted
4	a	v	縮める	ちぢめる	縮短	shorten reduce shrink
4	a	v	縮れる	ちぢれる	捲曲	wavy curled
4	s	n	チップ		小費；晶片	gratuity tip chip
4	t	n	地点	ちてん	地點	site point map
4	t	n	地名	ちめい	地名	place name
4	d	i	茶色い	ちゃいろい	咖啡色的	brown
4	n	n	着	ちゃく	～件；第～名抵達	clothes finishing place
4	k	k	着々	ちゃくちゃく	穩步地	steadily
4	t	n	中間	ちゅうかん	中間	middle midway interim
4	n	n	中旬	ちゅうじゅん	中旬	second third month
4	o	n	抽象	ちゅうしょう	抽象	abstract
4	n	n	中世	ちゅうせい	中世紀	middle ages medieval times
4	x	n	中性	ちゅうせい	中性	neuter gender neutral
4	n	n	中途	ちゅうと	半途	middle half way
4	p	n	中年	ちゅうねん	中年	middle aged
4	j	n	長	ちょう	～長（首長）	long
4	c	n	庁	ちょう	～廳	office agency
4	n	n	兆	ちょう	兆	trillion
4	e	n	帳	ちょう	～簿	book notebook
4	o	n	超過	ちょうか	超過（名詞）	excess more than
4	r	n	彫刻	ちょうこく	雕刻	carving engraving sculpture
4	o	n	長所	ちょうしょ	長處	strong point merit advantage
4	p	n	長女	ちょうじょ	長女	eldest daughter
4	o	n	調整	ちょうせい	調整	regulation adjustment tuning
4	o	n	調節	ちょうせつ	調節	regulation adjustment control
4	n	n	長短	ちょうたん	長短	length long short
4	o	n	頂点	ちょうてん	頂點	top summit
4	p	n	長男	ちょうなん	長男	eldest son
4	n	n	長方形	ちょうほうけい	長方形	rectangle oblong
4	f	n	調味料	ちょうみりょう	調味料	condiment seasoning
4	t	n	丁目	ちょうめ	～丁目	district
4	e	n	チョーク		粉筆	chalk
4	n	n	直後	ちょくご	剛～之後	immediately following
4	n	n	直線	ちょくせん	直線	straight line
4	n	n	直前	ちょくぜん	即將～之前	just before
4	t	n	直通	ちょくつう	直達	direct connection
4	x	n	直流	ちょくりゅう	直流電	direct current
4	o	n	貯蔵	ちょぞう	貯藏	storage preservation
4	n	n	直角	ちょっかく	直角	right angle
4	n	n	直径	ちょっけい	直徑	diameter
4	a	v	散らかす	ちらかす	弄亂	scatter around leave untidy
4	a	v	散らかる	ちらかる	凌亂	disorder
4	h	n	塵紙	ちりがみ	衛生紙	tissue paper toilet paper
4	o	n	追加	ついか	追加	addition supplement appendix
4	k	k	ついで		順便	opportunity occasion
4	n	n	通	つう	～封（信）	letters
4	j	n	通知	つうち	通知（正式）	notice notification
4	s	n	通帳	つうちょう	存摺	bankbook
4	o	n	通用	つうよう	通用	popular circulation
4	t	n	通路	つうろ	通道	passage pathway
4	k	k	遣い	づかい	～的用法	
4	k	k	付	つき	附～	
4	t	n	突き当たり	つきあたり	盡頭	end
4	a	v	突き当たる	つきあたる	撞到；碰到	run collide
4	n	n	月日	つきひ	歲月；日月	time years days
4	a	v	突っ込む	つっこむ	插進；衝入	plunge stick
4	j	v	務める	つとめる	擔任	serve act
4	a	v	努める	つとめる	努力（盡力）	try aim
4	h	n	綱	つな	粗繩	rope
4	o	n	繋がり	つながり	關聯；連繫	connection link relationship
4	o	n	粒	つぶ	顆粒	grain
4	a	v	潰す	つぶす	壓碎；消磨	smash waste
4	a	v	潰れる	つぶれる	被壓壞；倒閉	smashed bankrupt
4	a	v	つまずく		絆倒；受挫	stumble trip
4	a	v	詰まる	つまる	塞住；擠滿	blocked packed
4	b	n	爪	つめ	指甲	fingernail toenail
4	o	n	艶	つや	光澤	gloss glaze
4	m	n	強気	つよき	強硬	firm strong
4	k	k	辛い	づらい	難以～（辛い）	hard
4	a	v	釣り合う	つりあう	平衡；相稱	balance harmony suit
4	a	v	吊る	つる	吊；懸掛	hang
4	k	k	低	てい	低～	low
4	n	n	定員	ていいん	定額人數；容量	fixed number regular personnel
4	s	n	定価	ていか	定價	established price
4	o	n	低下	ていか	下降；低落	fall decline
4	t	n	定期券	ていきけん	定期票	commuter pass season ticket
4	s	n	定休日	ていきゅうび	公休日	regular holiday
4	o	n	停止	ていし	停止（正式）	suspension interruption stoppage
4	t	n	停車	ていしゃ	停車（列車）	stopping
4	t	n	出入り	でいり	進出	coming going
4	t	n	出入口	でいりぐち	出入口	exit entrance
4	h	n	手入れ	ていれ	保養；修整	repairs maintenance
4	e	n	テーマ		主題	theme project topic
4	o	n	出来上がり	できあがり	完成品；做好	finished ready
4	a	v	出来上がる	できあがる	做好；完成	finished ready
4	d	n	的確	てきかく	準確	precise accurate
4	b	n	手首	てくび	手腕	wrist
4	d	n	凸凹	でこぼこ	凹凸不平	unevenness roughness ruggedness
4	d	n	手頃	てごろ	價格適中；合手	moderate handy
4	e	n	弟子	でし	弟子	pupil disciple apprentice
4	o	n	でたらめ		胡說八道；隨便	irresponsible utterance nonsense random
4	e	n	手帳	てちょう	記事本	notebook
4	t	n	鉄橋	てっきょう	鐵橋	iron bridge
4	c	n	手続き	てつづき	手續	procedure process formalities
4	c	n	鉄砲	てっぽう	槍砲	gun
4	r	n	テニスコート		網球場	tennis court
4	h	n	手拭い	てぬぐい	手巾	towel
4	t	n	手前	てまえ	跟前；這一側	before side
4	t	n	出迎え	でむかえ	出迎；迎接	meeting reception
4	a	v	照らす	てらす	照亮	shine illuminate
4	w	v	照る	てる	照耀	shine
4	o	n	展開	てんかい	展開	develop expansion
4	e	n	伝記	でんき	傳記	biography life story
4	h	n	電球	でんきゅう	燈泡	light bulb
4	e	n	点数	てんすう	分數（點數）	marks points score
4	b	n	伝染	でんせん	傳染	contagion
4	h	n	電池	でんち	電池	battery
4	k	k	点々	てんてん	點點；零星	here there little little
4	k	k	転々	てんてん	輾轉	another
4	t	n	電柱	でんちゅう	電線桿	telephone pole telegraph pole
4	c	n	天皇	てんのう	天皇	emperor japan
5	r	n	現像	げんぞう	顯影；沖洗（底片）	developing
5	o	n	原則	げんそく	原則	principle general rule
5	o	n	見地	けんち	觀點（見地）	point view
5	t	n	現地	げんち	當地	actual place local
5	o	n	限定	げんてい	限定（名詞）	limit restriction
5	o	n	原点	げんてん	原點	origin
5	e	n	原典	げんてん	原典	original source
5	c	n	原爆	げんばく	原子彈	atomic bomb
5	e	n	原文	げんぶん	原文	text original
5	d	n	厳密	げんみつ	嚴密	strict close
5	d	n	賢明	けんめい	賢明	wisdom intelligence prudence
5	s	n	倹約	けんやく	節儉	thrift economy frugality
5	x	n	原油	げんゆ	原油	crude oil
5	o	n	兼用	けんよう	兼用	multi combined
5	c	n	権力	けんりょく	權力	power authority influence
5	c	n	言論	げんろん	言論	discussion speech
5	p	n	故	こ	已故	deceased late
5	e	n	語彙	ごい	詞彙	vocabulary glossary
5	m	v	恋する	こいする	戀愛（動詞）	fall love love
5	o	n	甲	こう	甲	rank shell
5	m	n	好意	こうい	好意	good will favor courtesy
5	o	n	行為	こうい	行為	act deed conduct
5	o	n	合意	ごうい	合意；同意	agreement consent mutual understanding
5	x	n	工学	こうがく	工程學	engineering
5	c	n	抗議	こうぎ	抗議	protest objection
5	c	n	合議	ごうぎ	合議	consultation conference
5	c	n	皇居	こうきょ	皇居	imperial palace
5	c	n	好況	こうきょう	景氣好	prosperous conditions healthy economy
5	x	n	鉱業	こうぎょう	礦業	mining industry
5	j	n	興業	こうぎょう	興業	starting business industry
5	w	n	高原	こうげん	高原	tableland plateau
5	o	n	交互	こうご	交互	mutual reciprocal alternate
5	k	k	煌々と	こうこうと	明亮地	brightly
5	e	n	考古学	こうこがく	考古學	archeology
5	o	n	工作	こうさく	手工；策劃	handicraft maneuvering
5	w	n	耕作	こうさく	耕作（名詞）	cultivation farming
5	x	n	鉱山	こうざん	礦山	mine
5	e	n	講習	こうしゅう	講習	short course training
5	e	n	口述	こうじゅつ	口述	verbal statement
5	s	n	控除	こうじょ	扣除額	subsidy deduction
5	j	n	交渉	こうしょう	交涉	negotiation
5	d	n	高尚	こうしょう	高尚	high noble refined
5	o	n	向上	こうじょう	提升	rise improvement progress
5	c	n	行進	こうしん	行進	march parade
5	f	n	香辛料	こうしんりょう	香料	spices
5	w	n	降水	こうすい	降水	rainfall precipitation
5	w	n	洪水	こうずい	洪水	flood
5	x	n	合成	ごうせい	合成	synthetic mixed
5	k	k	公然	こうぜん	公然	openly
5	c	n	抗争	こうそう	抗爭	dispute resistance
5	o	n	構想	こうそう	構想（計畫）	plan plot idea conception
5	o	n	後退	こうたい	後退	retreat backspace
5	c	n	公団	こうだん	公營事業	public corporation
5	d	n	好調	こうちょう	順利；狀況好	satisfactory good shape
5	e	n	口頭	こうとう	口頭	oral
5	e	n	講読	こうどく	講讀	reading
5	e	n	購読	こうどく	訂閱	subscription
5	s	n	購入	こうにゅう	購入	purchase buy
5	c	n	公認	こうにん	公認	official recognition authorization
5	h	n	光熱費	こうねつひ	水電瓦斯費	cost fuel light
5	s	n	購買	こうばい	購買	purchase buy
5	o	n	好評	こうひょう	好評	popularity favorable reputation
5	c	n	交付	こうふ	發給	delivering furnishing
5	j	n	公募	こうぼ	公開招募	public appeal public contribution
5	d	n	巧妙	こうみょう	巧妙	ingenious skillful clever
5	c	n	公用	こうよう	公務；公用	government business public public
5	s	n	小売	こうり	零售	retail
5	e	n	公立	こうりつ	公立	public institution
5	c	n	護衛	ごえい	護衛	guard convoy escort
5	t	n	コーナー		角落；專櫃	corner
5	b	n	小柄	こがら	身材嬌小	small diminutive
5	s	n	小切手	こぎって	支票	cheque check
5	x	n	国産	こくさん	國產	domestic products
5	c	n	国定	こくてい	國定	state sponsored national
5	p	n	告白	こくはく	告白	confession acknowledgment
5	c	n	国防	こくぼう	國防	national defense
5	c	n	国有	こくゆう	國有	national ownership
5	c	n	極楽	ごくらく	極樂世界	paradise
5	c	n	国連	こくれん	聯合國	united nations
5	d	n	焦げ茶	こげちゃ	深褐色	dark brown
5	e	n	語源	ごげん	語源	root derivation etymology
5	m	n	心地	ここち	感覺；心情	feeling sensation mood
5	o	n	心得	こころえ	須知；心得	knowledge information
5	m	n	心掛け	こころがけ	用心；留心	readiness intention aim
5	m	v	心掛ける	こころがける	留意；注意	bear mind aim
5	m	n	志	こころざし	志向	will intention motive
5	m	v	志す	こころざす	立志	plan intend aspire
5	m	i	心強い	こころづよい	心安；有依靠	heartening reassuring
5	m	i	心細い	こころぼそい	心慌；不安	helpless hopeless discouraging
5	o	n	試み	こころみ	嘗試；企圖	trial experiment
5	a	v	試みる	こころみる	嘗試（動詞）	try test
5	m	i	快い	こころよい	愉快；爽快	pleasant agreeable
5	n	n	誤差	ごさ	誤差	error
5	p	n	孤児	こじ	孤兒	orphan
5	a	v	こじれる		惡化；（關係）彆扭	get complicated grow worse
5	a	v	こす		過濾	strain filter
5	w	n	梢	こずえ	樹梢	treetop
5	m	n	個性	こせい	個性	individuality personality idiosyncrasy
5	c	n	戸籍	こせき	戶籍	census family register
5	n	n	古代	こだい	古代	ancient times
5	h	n	こたつ		暖桌	table heater charcoal brazier
5	m	v	こだわる		拘泥；講究	fuss particular about
5	o	n	誇張	こちょう	誇張	exaggeration
5	o	n	こつ		訣竅	secret trick hang
5	d	n	滑稽	こっけい	滑稽	funny humorous comical
5	c	n	国交	こっこう	邦交	diplomatic relations
5	r	n	骨董品	こっとうひん	古董	curio
5	o	n	固定	こてい	固定	fixation fixing
5	o	n	事柄	ことがら	事情；事態	matter thing affair circumstance
5	m	n	孤独	こどく	孤獨	isolation loneliness solitude
5	k	k	ことごとく		全部；一切	altogether entirely
5	o	v	言付け	ことづけ	口信；傳話	leave message
5	k	k	殊に	ことに	特別（殊に）	especially above all
5	d	n	粉々	こなごな	粉碎	small pieces
5	d	i	好ましい	このましい	令人喜歡	nice likable desirable
5	r	n	碁盤	ごばん	圍棋盤	board
5	o	n	個別	こべつ	個別（正式）	particular case
5	a	v	ごまかす		蒙混；欺騙	deceive falsify misrepresent
5	d	n	細やか	こまやか	細緻；深厚	meager modest
5	r	n	コマーシャル		廣告（電視）	commercial
5	a	v	込める	こめる	裝填；包含	include put
5	o	n	コメント		評論；意見	comment
5	a	v	籠もる	こもる	閉門不出；充滿	seclude oneself confined
5	o	n	固有	こゆう	固有	characteristic tradition peculiar
5	n	n	暦	こよみ	曆書	calendar almanac
5	a	v	凝らす	こらす	凝視；費盡（心思）	concentrate devote peer
5	g	g	ごらんなさい		請看（命令）	look try
5	o	n	孤立	こりつ	孤立	isolation helplessness
5	m	v	懲りる	こりる	吸取教訓	learn experience disgusted
5	a	v	凝る	こる	熱衷；（肩膀）僵硬	stiffen harden
5	m	n	根気	こんき	毅力	patience perseverance energy
5	o	n	根拠	こんきょ	根據	basis foundation
5	p	n	混血	こんけつ	混血	mixed race mixed parentage
5	o	n	コンタクト		接觸；隱形眼鏡	contact contact lens
5	w	n	昆虫	こんちゅう	昆蟲	insect bug
5	o	n	根底	こんてい	根底	root basis foundation
5	o	n	混同	こんどう	混淆	confusion mixing merger
5	o	n	コントラスト		對比	contrast
5	o	n	コントロール		控制	control
5	x	n	コンパス		圓規；羅盤	compass
5	o	n	根本	こんぽん	根本	foundation root base
5	p	n	再会	さいかい	重逢	meeting again reunion
5	w	n	災害	さいがい	災害	calamity disaster misfortune
5	r	n	細工	さいく	手工藝；耍花招	work craftsmanship trick
5	x	n	採掘	さいくつ	開採	mining
5	o	n	サイクル		週期	cycle
5	c	n	採決	さいけつ	表決	vote roll call
5	x	n	再建	さいけん	重建	rebuilding
5	o	n	再現	さいげん	重現	reproduction return revival
5	c	n	財源	ざいげん	財源	source funds resources finances
5	j	n	在庫	ざいこ	庫存	stockpile stock
5	j	n	採算	さいさん	盈利；收支	profit
5	s	n	サイズ		尺寸（外來語）	size
5	o	n	再生	さいせい	播放；再生	playback regeneration resuscitation
5	c	n	財政	ざいせい	財政	economy financial affairs
5	o	n	最善	さいぜん	最好的	best
5	c	n	採択	さいたく	採納	adoption selection choice
5	w	n	栽培	さいばい	栽培	cultivation
5	b	n	再発	さいはつ	復發	return relapse reoccurrence
5	b	n	細胞	さいぼう	細胞	cell
5	j	n	採用	さいよう	採用；錄用	adopt
5	a	v	遮る	さえぎる	遮擋；打斷	interrupt intercept obstruct
5	w	v	さえずる		（鳥）鳴叫	sing chirp twitter
5	d	v	冴える	さえる	清澈；靈巧	clear bright skillful
5	h	n	竿	さお	竿子	rod pole
5	c	v	栄える	さかえる	繁榮	flourish prosper thrive
5	s	n	差額	さがく	差額	balance difference margin
5	f	n	杯	さかずき	酒杯	wine cup
5	r	n	逆立ち	さかだち	倒立	handstand headstand
5	n	n	さきに		先前；之前	before earlier than previously
5	c	n	詐欺	さぎ	詐欺	fraud swindle
5	o	n	削減	さくげん	削減	cut reduction
5	o	n	錯誤	さくご	錯誤（謬誤）	mistake
5	c	n	作戦	さくせん	作戰	military operations tactics strategy
5	o	n	叫び	さけび	喊叫聲	shout scream outcry
5	a	v	捧げる	ささげる	獻上	lift give offer
5	a	v	差し掛かる	さしかかる	接近；來到	come near approach
5	j	n	指図	さしず	指示；指使	instruction mandate
5	a	v	差し出す	さしだす	伸出；提交	present submit hold
5	a	v	差し支える	さしつかえる	妨礙；有障礙	interfere hinder
5	a	v	授ける	さずける	授予	grant award teach
5	k	k	さぞ		想必	sure certainly doubt
5	a	v	定まる	さだまる	定下來	become settled fixed
5	a	v	定める	さだめる	制定	decide determine
5	c	n	座談会	ざだんかい	座談會	symposium round table discussion
5	d	n	雑	ざつ	粗糙；雜	rough crude
5	s	n	雑貨	ざっか	雜貨	miscellaneous goods general goods
5	c	n	殺人	さつじん	殺人	murder
5	m	v	察する	さっする	體察	guess sense judge
5	p	n	雑談	ざつだん	閒聊	chatting idle talk
5	k	k	さっと		迅速地	suddenly smoothly
5	m	v	さっぱりする		清爽；痛快	refresh
5	m	v	悟る	さとる	領悟	attain enlightenment understand
5	n	n	座標	ざひょう	座標	coordinates
5	k	k	さほど		並不那麼	not not much
5	e	v	サボる		蹺課；偷懶	cut classes loaf job
5	b	n	寒気	さむけ	發冷	chill shiver cold
5	c	n	侍	さむらい	武士（侍）	samurai
5	k	k	さも		好像真的	gusto satisfaction
5	x	n	作用	さよう	作用	operation effect function
5	c	v	さらう		擄走；奪走	kidnap
5	a	v	障る	さわる	妨礙；有害	hinder interfere affect
5	x	n	酸	さん	酸	acid
5	w	n	山岳	さんがく	山岳	mountains
5	c	n	参議院	さんぎいん	參議院	house councilors
5	j	n	産休	さんきゅう	產假	maternity leave
5	g	g	サンキュー		謝謝（外來語）	thank you
5	s	n	残金	ざんきん	餘款	remaining money
5	b	n	産後	さんご	產後	postpartum after childbirth
5	d	n	残酷	ざんこく	殘酷	cruelty harshness
5	x	n	産出	さんしゅつ	出產	yield produce
5	e	n	参照	さんしょう	參照	reference consultation consultation
5	g	g	参上	さんじょう	拜訪（謙讓）	calling visiting
5	s	n	残高	ざんだか	餘額	balance remainder
5	r	n	サンタクロース		聖誕老人	santa claus
5	t	n	桟橋	さんばし	棧橋；碼頭	wharf jetty pier
5	o	n	賛美	さんび	讚美	praise adoration glorification
5	w	n	山腹	さんぷく	山腰	hillside mountainside
5	b	n	産婦人科	さんふじんか	婦產科	maternity gynecology department
5	o	n	産物	さんぶつ	產物	product result fruit
5	w	n	山脈	さんみゃく	山脈	mountain range
5	o	n	仕上がり	しあがり	完成的樣子	finish end completion
5	o	n	仕上げ	しあげ	最後加工	end finishing touches
5	a	v	仕上げる	しあげる	做完；完成	finish complete
5	w	n	飼育	しいく	飼養	breeding raising rearing
5	k	v	強いて	しいて	硬要	dare insist
5	o	n	シート		座位；薄片	seat sheet
5	s	n	ジーパン		牛仔褲（日式）	jeans
5	j	v	仕入れる	しいれる	進貨	lay stock replenish stock
5	a	v	強いる	しいる	強迫	force compel coerce
5	w	n	潮	しお	潮汐	tide
5	b	n	歯科	しか	牙科	dentistry
5	m	n	自我	じが	自我（正式）	self ego
5	m	n	自覚	じかく	自覺	self conscious
5	o	n	仕掛け	しかけ	裝置；機關	device trick mechanism
5	a	v	仕掛ける	しかける	設置；發動	lay set wage
5	k	k	しかしながら		然而	however nevertheless
5	r	n	色彩	しきさい	色彩	color
5	r	n	式場	しきじょう	典禮會場	ceremonial hall place ceremony
5	c	n	しきたり		慣例；規矩	custom conventional practice tradition
5	j	n	事業	じぎょう	事業	project enterprise business
5	m	n	軽蔑	けいべつ	輕蔑	scorn disdain
5	j	n	経歴	けいれき	經歷	personal history career
5	t	n	経路	けいろ	路徑	course route channel
5	d	i	けがらわしい		骯髒；可鄙	filthy unfair
5	r	n	劇団	げきだん	劇團	troupe theatrical company
5	m	n	激励	げきれい	激勵	encouragement
5	r	n	ゲスト		來賓	guest
5	w	n	獣	けだもの	野獸	beast brute
5	m	n	決意	けつい	決意	decision determination
5	b	n	結核	けっかく	結核	tuberculosis
5	c	n	決議	けつぎ	決議	resolution vote decision
5	o	n	結合	けつごう	結合	combination union
5	j	n	決算	けっさん	結算	balance sheet settlement accounts
5	e	n	月謝	げっしゃ	月繳學費	monthly tuition fee
5	r	n	決勝	けっしょう	決賽	finals
5	x	n	結晶	けっしょう	結晶	crystal crystallization
5	c	n	結成	けっせい	組成；結成	formation
5	o	n	結束	けっそく	團結	union unity
5	b	n	げっそり		消瘦；沮喪	disheartened losing weight
5	o	n	決断	けつだん	決斷	decision determination
5	s	n	月賦	げっぷ	分期付款	monthly installment
5	o	n	欠乏	けつぼう	缺乏	shortage
5	a	v	蹴飛ばす	けとばす	踢開	kick away kick
5	p	v	けなす		貶低	speak ill
5	d	i	煙たい	けむたい	煙燻；不自在	smoky feeling awkward
5	w	v	煙る	けむる	冒煙	smoke
5	c	n	家来	けらい	家臣	retainer retinue servant
5	b	n	下痢	げり	腹瀉	diarrhea
5	c	n	権威	けんい	權威	authority power influence
5	j	n	兼業	けんぎょう	兼業	holding two jobs time
5	o	n	原形	げんけい	原形	original base
5	o	n	原型	げんけい	原型	prototype model archetypal
5	c	n	権限	けんげん	權限	power authority jurisdiction
5	c	n	現行	げんこう	現行	present current operation
5	b	n	健在	けんざい	健在	good health well
5	r	n	原作	げんさく	原著	original work
5	c	n	検事	けんじ	檢察官	public prosecutor
5	x	n	原子	げんし	原子	atom
5	c	n	元首	げんしゅ	元首	ruler sovereign
5	e	n	原書	げんしょ	原文書	original document
5	o	n	懸賞	けんしょう	懸賞	offering prizes winning reward
5	d	n	健全	けんぜん	健全	health soundness wholesome
5	x	n	元素	げんそ	元素	element
5	o	n	同調	どうちょう	贊同；同調	sympathy agree alignment
5	k	k	到底	とうてい	無論如何（也不）	possibly
5	d	n	動的	どうてき	動態的	dynamic kinetic
5	d	i	尊い	とうとい	尊貴；珍貴	precious valuable noble
5	o	n	同等	どうとう	同等	equality equal rank
5	d	n	堂々	どうどう	堂堂正正	magnificent grand impressive
5	a	v	尊ぶ	とうとぶ	尊重；珍視	value prize esteem
5	k	k	どうにか		總算；想辦法	some way other way
5	o	n	投入	とうにゅう	投入	throw investment making
5	o	n	導入	どうにゅう	導入	introduction bringing leading
5	p	n	当人	とうにん	當事人	concerned said person
5	h	n	同封	どうふう	附寄	enclosure
5	c	n	逃亡	とうぼう	逃亡	escape
5	w	n	冬眠	とうみん	冬眠	hibernation winter sleep
5	c	n	同盟	どうめい	同盟	alliance union league
5	k	k	どうやら		好像；總算	seems like somehow other
5	x	n	動力	どうりょく	動力	power motive power dynamic
5	c	n	登録	とうろく	登記；註冊	registration register record
5	e	n	討論	とうろん	辯論	discussion debate
5	a	v	遠ざかる	とおざかる	遠離	far
5	o	n	トーン		色調；語調	tone
5	k	k	とかく		總是；動不動	anyhow anyway any case
5	p	v	とがめる		責怪	blame rebuke
5	k	k	時折	ときおり	有時（時折）	sometimes
5	a	v	とぎれる		中斷	pause interrupted
5	a	v	研ぐ	とぐ	研磨；淘（米）	sharpen grind polish
5	o	n	特技	とくぎ	特長；專長	special talent skill
5	c	n	独裁	どくさい	獨裁	dictatorship despotism
5	s	n	特産	とくさん	特產	specialty special product
5	d	n	独自	どくじ	獨自；獨特	original peculiar characteristic
5	c	n	特集	とくしゅう	特輯	feature
5	j	n	独占	どくせん	獨佔	monopoly
5	o	n	独創	どくそう	獨創	originality
5	r	n	得点	とくてん	得分	score points
5	c	n	特派	とくは	特派	send specially special envoy
5	d	n	特有	とくゆう	特有	characteristic
5	w	n	とげ		刺（植物）	thorn
5	a	v	遂げる	とげる	達成	accomplish achieve carry
5	k	k	どころか		別說～反而	rather far
5	p	n	年頃	としごろ	適婚年齡；年紀	age marriageable age adolescence
5	h	n	戸締り	とじまり	關門窗上鎖	closing locking doors
5	o	n	途上	とじょう	途中；發展中	route half way
5	o	n	土台	どだい	地基；根本	foundation base basis
5	a	v	途絶える	とだえる	中斷；斷絕	stop cease come end
5	j	n	特許	とっきょ	專利	special permission patent
5	c	n	特権	とっけん	特權	privilege special right
5	k	k	とっさに		一瞬間；立刻	once
5	k	k	突如	とつじょ	突然（書面）	suddenly all sudden
5	h	n	とって		把手	handle grip knob
5	o	n	突破	とっぱ	突破	breaking through breakthrough penetration
5	w	n	土手	どて	堤防	embankment bank
5	c	n	届	とどけ	申報書	report notification registration
5	a	v	滞る	とどこおる	停滯；拖欠	stagnate delayed
5	a	v	整える	ととのえる	整理；準備	put order arrange adjust
5	a	v	唱える	となえる	唸誦；提倡	recite chant call upon
5	c	n	殿様	とのさま	大名；老爺	feudal lord
5	r	n	土俵	どひょう	相撲場	arena
5	h	n	扉	とびら	門扉	door opening
5	t	n	溝	どぶ	水溝	ditch drain gap
5	t	n	徒歩	とほ	徒步	walking going foot
5	x	n	土木	どぼく	土木	public works
5	m	v	とぼける		裝傻	play dumb feign ignorance
5	d	i	乏しい	とぼしい	缺乏；貧乏	meager scarce hard poor
5	s	n	富	とみ	財富	wealth fortune
5	a	v	富む	とむ	富有；豐富	rich become rich
5	a	v	伴う	ともなう	伴隨	accompany bring
5	p	n	共働き	ともばたらき	雙薪家庭	dual income
5	d	n	ドライ		乾燥；冷淡	dry
5	h	n	ドライクリーニング		乾洗	dry cleaning
5	t	n	ドライバー		駕駛；螺絲起子	driver screwdriver
5	f	n	ドライブイン		得來速餐廳	drive
5	o	n	トラブル		糾紛；故障	trouble
5	x	n	トランジスター		電晶體	transistor
5	k	k	とりあえず		姑且；首先	once first all time
5	j	n	取扱	とりあつかい	處理；操作（名詞）	treatment handling management
5	a	v	取り扱う	とりあつかう	處理；經營	treat handle deal
5	r	n	鳥居	とりい	鳥居	shinto shrine archway
5	o	n	取り替え	とりかえ	更換（名詞）	swap exchange
5	a	v	取り組む	とりくむ	致力於	tackle engage bout come
5	c	n	取締り	とりしまり	取締；管理	control crackdown supervision
5	c	v	取り締まる	とりしまる	取締；管制	crack down control supervise
5	c	v	取り調べる	とりしらべる	審訊；調查	investigate examine
5	s	v	取り立てる	とりたてる	催收	collect extort
5	a	v	取り次ぐ	とりつぐ	轉達；傳話	act agent announce convey
5	a	v	取り付ける	とりつける	安裝	furnish install get agreement
5	a	v	取り除く	とりのぞく	去除	remove take away set
5	j	n	取引	とりひき	交易	transactions dealings business
5	a	v	取り巻く	とりまく	圍繞	surround circle enclose
5	a	v	取り混ぜる	とりまぜる	摻雜	mix put together
5	a	v	取り戻す	とりもどす	取回；恢復	take back regain
5	s	v	取り寄せる	とりよせる	訂購；調貨	order send away
5	o	n	ドリル		鑽頭；練習題	drill
5	k	k	とりわけ		尤其	especially above all
5	a	n	とろける		融化；陶醉	melt enchanted
5	m	n	鈍感	どんかん	遲鈍（感覺）	thickheadedness stolidity
5	d	n	とんだ		意想不到的；糟糕的	terrible awful serious absolutely
5	m	n	度忘れ	どわすれ	一時忘記	lapse memory forget moment
5	s	n	問屋	とんや	批發商	wholesale store
5	c	n	内閣	ないかく	內閣	cabinet
5	k	k	乃至	ないし	乃至；或	between
5	o	n	内緒	ないしょ	祕密（內緒）	secrecy privacy secret
5	m	n	内心	ないしん	內心	innermost thoughts real intention
5	x	n	内蔵	ないぞう	內藏；內臟	internal organ built
5	r	n	ナイター		夜間比賽	game under lights night
5	t	n	内部	ないぶ	內部	interior inside internal
5	c	n	内乱	ないらん	內亂	civil war domestic conflict
5	w	n	内陸	ないりく	內陸	inland
5	w	n	苗	なえ	秧苗	rice seedling
5	k	k	なおさら		更加；更不用說	all more still less
5	h	n	流し	ながし	流理台	sink
5	k	k	長々	ながなが	冗長地	long drawn long
5	t	n	中程	なかほど	中間；中途	middle midway
5	w	n	渚	なぎさ	水邊；海灘	water edge beach shore
5	m	v	嘆く	なげく	嘆息；悲嘆	sigh lament grieve
5	a	v	投げ出す	なげだす	拋出；放棄	abandon throw
5	p	n	仲人	なこうど	媒人	between matchmaker
5	d	n	和やか	なごやか	和睦；和諧	mild calm harmonious
5	m	n	名残	なごり	餘韻；依戀	remains traces memory
5	m	n	情け	なさけ	人情；同情	sympathy compassion
5	m	i	情無い	なさけない	可悲；沒出息	miserable pitiable shameful
5	m	i	情深い	なさけぶかい	富有同情心	tender hearted compassionate
5	p	v	詰る	なじる	責問	rebuke scold tell
5	d	i	名高い	なだかい	著名	famous celebrated well known
5	w	n	雪崩	なだれ	雪崩	avalanche
5	p	v	懐く	なつく	親近；馴服	become emotionally attached
5	a	v	名付ける	なづける	命名	name
5	d	i	何気ない	なにげない	若無其事	casual unconcerned
5	g	g	なにとぞ		請務必（書面）	please kindly all means
5	k	k	なにより		最好；比什麼都	most best
5	f	n	ナプキン		餐巾	napkin
5	h	n	名札	なふだ	名牌	name plate name tag
5	f	i	生臭い	なまぐさい	腥臭	smelling fish blood fish
5	d	i	生温い	なまぬるい	溫吞；不徹底	lukewarm halfhearted
5	b	n	生身	なまみ	血肉之軀	living flesh flesh blood
5	x	n	鉛	なまり	鉛	lead
5	d	n	滑らか	なめらか	光滑；流暢	smoothness glassiness
5	a	v	嘗める	なめる	舔；嘗盡；小看	lick experience fun
5	m	i	悩ましい	なやましい	惱人；撩人	seductive melancholy languid
5	a	v	悩ます	なやます	使煩惱	bother harass molest
5	m	n	悩み	なやみ	煩惱	trouble worry distress
5	k	k	並びに	ならびに	以及	
5	a	v	成り立つ	なりたつ	成立；組成	consist practical concluded hold
5	o	n	慣れ	なれ	習慣；熟練	practice experience
5	m	i	馴々しい	なれなれしい	過分親暱	familiar free
5	k	k	なんか		～之類的（輕視）	least
5	o	n	ナンセンス		胡說；無意義	nonsense
5	k	k	何だか	なんだか	總覺得；有點	little somewhat somehow
5	k	k	なんだかんだ		這個那個	other
5	k	k	なんなり		無論什麼	anything whatever
5	h	n	荷	に	貨物；負擔	load baggage cargo
5	a	v	似通う	にかよう	相似（酷似）	resemble closely
5	b	n	にきび		青春痘	pimple acne
5	a	v	賑わう	にぎわう	熱鬧；繁榮	prosper flourish crowded people
5	m	n	憎しみ	にくしみ	憎恨（名詞）	hatred
5	p	n	肉親	にくしん	骨肉至親	blood relationship blood relative
5	b	n	肉体	にくたい	肉體	body flesh
5	a	v	逃げ出す	にげだす	逃出	run away escape
5	w	n	西日	にしび	夕陽（西曬）	westering sun
5	a	v	滲む	にじむ	滲出；暈開	run blur spread
5	s	n	にせ物	にせもの	假貨	imitation counterfeit
5	n	n	日夜	にちや	日夜	day night always
5	h	n	荷造り	にづくり	打包	packing baling crating
5	a	v	担う	になう	擔負	carry shoulder bear shoulder
5	a	v	鈍る	にぶる	變遲鈍	become less capable grow
5	k	k	にも関わらず	にもかかわらず	儘管	spite nevertheless
5	e	n	ニュアンス		語感；細微差別	nuance
5	k	k	ニュー		新～	new
5	a	n	入手	にゅうしゅ	取得	obtaining coming hand
5	r	n	入賞	にゅうしょう	得獎	winning prize place contest
5	h	n	入浴	にゅうよく	入浴	bathe bathing
5	b	n	尿	にょう	尿	urine
5	o	n	認識	にんしき	認識；認知	recognition cognizance
5	b	n	妊娠	にんしん	懷孕	conception pregnancy
5	j	n	任務	にんむ	任務（使命）	duty mission task
5	j	n	任命	にんめい	任命	appointment nomination ordination
5	a	v	抜かす	ぬかす	遺漏；漏掉	omit leave
5	a	v	抜け出す	ぬけだす	溜出；擺脫	slip sneak away excel
5	p	n	主	ぬし	主人；主	owner master god
5	w	n	沼	ぬま	沼澤	swamp bog pond
5	r	n	音色	ねいろ	音色（樂器）	tone color timbre
5	o	n	値打ち	ねうち	價值（值得）	value worth price
5	r	n	ネガ		底片（負片）	negative
5	a	v	寝かせる	ねかせる	使睡下；使發酵	put bed lay down
5	h	n	ねじまわし		螺絲起子	screwdriver
5	a	n	捩れる	ねじれる	扭曲（自動）	twist strain
5	m	v	妬む	ねたむ	嫉妒	jealous envious
5	a	v	ねだる		撒嬌要求	nag demand
5	m	n	熱意	ねつい	熱忱	zeal enthusiasm
5	f	n	熱湯	ねっとう	滾水	boiling water
5	x	n	熱量	ねつりょう	熱量	calorific value
5	o	n	粘り	ねばり	黏性；毅力	stickiness viscosity
5	a	v	粘る	ねばる	黏；堅持	sticky adhesive persist stick
5	s	n	値引き	ねびき	降價	price reduction discount
5	j	n	根回し	ねまわし	事前疏通	making necessary arrangements
5	b	i	眠たい	ねむたい	睏	sleepy
5	a	v	練る	ねる	揉；推敲	knead work polish
5	m	n	念	ねん	念頭；心願	sense feeling desire
5	r	n	年賀	ねんが	賀年	new year greetings new
5	m	n	念願	ねんがん	心願	heart desire earnest petition
5	n	n	年号	ねんごう	年號	name era year number
5	x	n	燃焼	ねんしょう	燃燒（名詞）	burning combustion
5	p	n	年長	ねんちょう	年長	seniority
5	x	n	燃料	ねんりょう	燃料	fuel
5	w	n	年輪	ねんりん	年輪	annual tree ring
5	b	n	ノイローゼ		神經衰弱	neurosis
5	x	n	農耕	のうこう	農耕	farming agriculture
5	x	n	農場	のうじょう	農場	farm
5	w	n	農地	のうち	農地	agricultural land
5	s	n	納入	のうにゅう	繳納；交貨	payment supply
5	a	v	逃す	のがす	錯過；放走	let loose set free
5	a	v	逃れる	のがれる	逃脫	escape
5	k	k	軒並	のきなみ	家家戶戶；一律	row houses uniformly
5	d	i	望ましい	のぞましい	最好是；理想	desirable hoped
5	c	v	乗っ取る	のっとる	劫持；奪取	capture occupy take
5	d	n	のどか		悠閒；晴朗	tranquil calm quiet
5	p	v	罵る	ののしる	謾罵	speak ill abuse
5	n	n	延べ	のべ	總計（延）	futures credit stretching total
5	a	v	飲み込む	のみこむ	吞下；理解	gulp down swallow deeply
5	a	v	乗り込む	のりこむ	搭上；進入	board get march enter
5	h	n	刃	は	刀刃	blade sword
5	c	n	派	は	～派	group party section
5	f	n	バー		酒吧	bar
5	o	n	把握	はあく	掌握	grasp catch understanding
5	o	n	廃棄	はいき	廢棄	disposal abandon discarding
5	j	n	配給	はいきゅう	配給；發行	distribution films rice
5	b	n	ばい菌	ばいきん	細菌（黴菌）	bacteria germ
5	p	n	配偶者	はいぐうしゃ	配偶	spouse
5	h	n	拝啓	はいけい	敬啟者	formal greeting beginning letter
5	o	n	背景	はいけい	背景	background scenery setting
5	t	n	背後	はいご	背後	back rear
5	c	n	廃止	はいし	廢止	abolition repeal
5	g	g	拝借	はいしゃく	借用（謙讓）	borrowing
5	o	n	排除	はいじょ	排除	exclusion removal rejection
5	c	n	賠償	ばいしょう	賠償	reparations indemnity compensation
5	x	n	排水	はいすい	排水	drainage
5	c	n	敗戦	はいせん	戰敗	defeat losing war
5	o	n	配置	はいち	配置	arrangement disposition
5	o	n	配布	はいふ	分發（配布）	distribution
5	o	n	配分	はいぶん	分配	distribution allotment
5	c	n	敗北	はいぼく	敗北	defeat
5	n	n	倍率	ばいりつ	倍率	diameter magnification
5	m	n	配慮	はいりょ	關照；顧慮	consideration concern forethought
5	o	n	配列	はいれつ	排列	arrangement array
5	o	n	破壊	はかい	破壞	destruction
5	p	v	いたわる		體貼；照顧	sympathize console care
5	k	k	一概に	いちがいに	一概	unconditionally necessarily
5	d	i	著しい	いちじるしい	顯著	remarkable considerable
5	p	n	一同	いちどう	全體同仁	all present all concerned
5	n	n	一部分	いちぶぶん	一部分	part portion
5	o	n	一面	いちめん	一面；全面	side other hand
5	o	n	一目	いちもく	一眼	glance look glimpse
5	d	n	一様	いちよう	一樣；均一	uniform similar equal
5	d	n	一律	いちりつ	一律	even uniform equal
5	o	n	一連	いちれん	一連串	series chain ream
5	o	n	一括	いっかつ	彙總；一次	all together batch
5	k	k	一気	いっき	一口氣	push gulp
5	k	k	一挙に	いっきょに	一舉	stroke single swoop
5	k	k	一見	いっけん	乍看；一見	look glimpse glance first
5	k	k	一切	いっさい	一切；完全	without exception whole
5	m	n	一心	いっしん	專心	mind rapt attention
5	k	k	いっそ		乾脆	rather sooner might well
5	o	n	一変	いっぺん	一變；驟變	complete change
5	o	n	意図	いと	意圖	intention aim design
5	a	v	営む	いとなむ	經營；舉行	carry run business
5	a	v	挑む	いどむ	挑戰（動詞）	challenge
5	w	n	稲光	いなびかり	閃電	lightning
5	c	n	祈り	いのり	祈禱（名詞）	prayer supplication
5	b	n	いびき		打鼾	snoring
5	k	k	今更	いまさら	事到如今	now again
5	k	k	未だ	いまだ	尚未（書面）	yet still
5	c	n	移民	いみん	移民	emigrant immigrant
5	k	k	嫌々	いやいや	勉勉強強；不不	reluctantly means unwillingly
5	m	i	卑しい	いやしい	卑賤；貪婪	greedy vulgar shabby
5	k	k	いやに		特別；異常地	awfully terribly
5	m	i	いやらしい		討厭；下流	unpleasant disgusting indecent
5	m	n	意欲	いよく	意願；幹勁	will desire ambition
5	o	n	威力	いりょく	威力	power might authority
5	s	n	衣類	いるい	衣物（衣類）	clothes clothing garments
5	o	n	異論	いろん	異議（異論）	different opinion objection
5	j	n	印鑑	いんかん	印鑑	stamp seal
5	m	n	陰気	いんき	陰沉	gloom melancholy
5	p	n	隠居	いんきょ	隱居	retirement retired person
5	t	n	インターチェンジ		交流道	interchange
5	c	n	インターナショナル		國際的（外來語）	international
5	h	n	インターフォン		對講機	entry phone intercom
5	p	n	インテリ		知識分子	egghead intelligentsia
5	o	n	インフォメーション		資訊；服務台	information
5	c	n	インフレ		通貨膨脹	inflation
5	e	v	受かる	うかる	考上	pass
5	o	n	受け入れ	うけいれ	接受（名詞）	receiving acceptance
5	a	v	受け入れる	うけいれる	接納；接受	accept receive
5	a	v	受け継ぐ	うけつぐ	繼承（傳承）	inherit succeed
5	a	v	受け付ける	うけつける	受理	accepted receive
5	a	v	受け止める	うけとめる	接住；理解	catch react take
5	e	n	受身	うけみ	被動	passive passive voice
5	j	n	受持ち	うけもち	負責（的工作）	charge matter charge
5	o	n	動き	うごき	動向；動作	movement activity trend
5	p	n	嘘つき	うそつき	騙子	liar
5	h	n	うたた寝	うたたね	打盹	dozing napping
5	p	v	打ち明ける	うちあける	坦白	confess open
5	a	v	打ち切る	うちきる	中止；截止	stop abort discontinue close
5	e	n	打ち消し	うちけし	否定（文法）	negation denial negative
5	a	v	打ち込む	うちこむ	專心致力；打入	devote oneself shoot
5	h	n	団扇	うちわ	團扇	fan
5	s	n	内訳	うちわけ	明細	items breakdown classification
5	j	n	写し	うつし	副本	copy duplicate
5	c	n	訴え	うったえ	訴訟；申訴	lawsuit complaint
5	m	i	うっとうしい		陰鬱；煩人	weary annoying
5	a	v	うつむく		低頭	look downward stoop
5	d	n	空ろ	うつろ	空虛；空洞	blank hollow empty
5	h	n	器	うつわ	器皿；器量	bowl vessel container
5	o	n	腕前	うでまえ	本事	ability skill facility
5	w	n	雨天	うてん	雨天	rainy weather
5	a	v	促す	うながす	催促；促進	urge suggest demand
5	m	n	うぬぼれ		自負；自戀	pretension conceit hubris
5	o	n	生まれつき	うまれつき	天生	nature birth native
5	a	v	埋め込む	うめこむ	嵌入	embed implant
5	f	n	梅干し	うめぼし	梅乾	dried plum
5	o	n	裏返し	うらがえし	反面；翻過來	inside reverse
5	s	n	売り出し	うりだし	大拍賣	sale
5	s	v	売り出す	うりだす	開始出售	put sale market
5	a	v	潤う	うるおう	滋潤；受益	moist profit
5	p	n	浮気	うわき	外遇	affair cheat
5	a	v	上回る	うわまわる	超過；高於	exceed
5	w	v	植わる	うわる	種著	planted
5	j	n	運営	うんえい	營運	management administration operation
5	m	n	うんざり		厭煩	tedious boring fed
5	t	n	運送	うんそう	運送	shipping freight
5	t	n	運賃	うんちん	運費；車資	freight rates shipping expenses
5	k	k	云々	うんぬん	云云	forth
5	t	n	運搬	うんぱん	搬運	transport carriage
5	o	n	運命	うんめい	命運	fate
5	t	n	運輸	うんゆ	運輸（正式）	transportation
5	o	n	運用	うんよう	運用	making application practical
5	h	n	エアメール		航空郵件	air mail
5	e	n	英字	えいじ	英文字母	english letter
5	r	n	映写	えいしゃ	放映	projection
5	r	n	映像	えいぞう	影像	reflection image
5	p	n	英雄	えいゆう	英雄	hero great man
5	x	n	液	えき	液	liquid fluid
5	e	n	閲覧	えつらん	閱覽	inspection reference browse
5	w	n	獲物	えもの	獵物	game spoils trophy
5	s	n	襟	えり	衣領	neck collar
5	d	n	エレガント		優雅	elegant
5	d	n	円滑	えんかつ	圓滑；順利	harmony smoothness
5	h	n	縁側	えんがわ	外廊	veranda porch balcony open
5	w	n	沿岸	えんがん	沿岸	coast shore
5	d	n	婉曲	えんきょく	委婉	euphemistic indirect insinuating
5	r	n	演出	えんしゅつ	演出；導演	production
5	j	n	エンジニア		工程師	engineer
5	r	v	演じる	えんじる	扮演	perform play act
5	t	n	沿線	えんせん	鐵路沿線	along railway line
5	p	n	縁談	えんだん	親事	marriage proposal
5	t	n	遠方	えんぽう	遠方（正式）	long way distant place
5	d	n	円満	えんまん	圓滿	harmony peace smoothness
5	a	v	追い込む	おいこむ	逼入；趕進	herd corner drive
5	a	v	追い出す	おいだす	趕出	expel drive
5	k	k	於いて	おいて	於～	
5	b	v	老いる	おいる	變老	age grow old
5	o	n	応急	おうきゅう	應急	emergency
5	s	n	黄金	おうごん	黃金	gold
5	b	n	往診	おうしん	出診	doctor visit house call
5	j	n	応募	おうぼ	應徵	subscription application
5	g	g	おおい		喂（呼喚）	hey
5	k	k	大方	おおかた	大部分；大致	almost all majority
5	b	n	大柄	おおがら	大個子；大花樣	large build large pattern
5	d	n	おおげさ		誇張；小題大作	grandiose exaggerated
5	o	n	大筋	おおすじ	梗概；大綱	outline summary
5	w	n	大空	おおぞら	天空（廣闊）	heaven sky
5	x	n	オートマチック		自動的	automatic
5	d	n	大幅	おおはば	大幅	full width large scale
5	d	n	おおまかな		粗略的	rough approximate
5	w	n	大水	おおみず	洪水（口語）	flood
5	c	n	公	おおやけ	公家；公開	public
5	c	v	犯す	おかす	犯（罪）	perpetrate violate
5	c	v	侵す	おかす	侵犯	invade raid trespass
5	m	n	臆病	おくびょう	膽小	cowardice timidity
5	a	v	遅らす	おくらす	使延遲	retard delay
5	d	n	厳か	おごそか	莊嚴	majestic dignified
5	o	n	行い	おこない	行為（品行）	conduct behavior action
5	s	v	おごる		請客；奢侈	give treat
5	a	v	収まる	おさまる	收納；平息	settle obtained
5	a	v	治まる	おさまる	平息；安定	peace calm down
5	b	n	お産	おさん	生產（分娩）	birth
5	a	v	押し切る	おしきる	強行；硬推	have own way
5	a	v	押し込む	おしこむ	塞進；擠入	push crowd
5	m	v	惜しむ	おしむ	吝惜；惋惜	frugal value regret
5	a	v	押し寄せる	おしよせる	蜂擁而至	push aside advance
5	w	n	雄	おす	雄性	male
5	p	n	御世辞	おせじ	奉承話	flattery compliment
5	c	v	襲う	おそう	襲擊	attack
5	k	k	遅くとも	おそくとも	最遲	latest
5	m	n	恐れ	おそれ	恐懼；擔心	fear horror
5	g	v	恐れ入る	おそれいる	惶恐；佩服	filled awe feel small
5	p	v	おだてる		奉承；煽動	flatter
5	m	v	落ち込む	おちこむ	消沉；陷入	get depressed
5	m	n	落ち着き	おちつき	沉著	calm composure
5	w	n	落葉	おちば	落葉	fallen leaves
5	o	n	乙	おつ	乙	rank
5	h	n	お使い	おつかい	跑腿	errand
5	m	i	おっかない		可怕（口語）	frightening scary
5	m	n	お手上げ	おてあげ	束手無策	given given hope
5	m	n	おどおど		戰戰兢兢	coweringly hesitantly
5	c	v	脅す	おどす	威嚇	threaten menace
5	a	v	訪れる	おとずれる	造訪	visit
5	p	n	お供	おとも	陪同；隨從	attendant companion
5	a	v	衰える	おとろえる	衰退	become weak decline
5	p	n	同い年	おないどし	同年齡	age
5	k	k	自ずから	おのずから	自然而然	naturally matter course
5	m	v	怯える	おびえる	害怕（膽怯）	become frightened
5	d	i	おびただしい		大量	abundantly innumerably
5	c	v	脅かす	おびやかす	威脅（脅かす）	threaten coerce
5	a	v	帯びる	おびる	帶有；佩帶	bear carry entrusted
5	p	n	お袋	おふくろ	老媽	mother
5	m	n	覚え	おぼえ	記憶；自信	memory sense experience
5	s	n	おまけ		附贈；減價	discount additional
5	r	n	お宮	おみや	神社（お宮）	shinto shrine
5	h	n	おむつ		尿布	diaper nappy
5	o	n	思い付き	おもいつき	臨時想到的點子	plan idea suggestion
5	o	n	趣	おもむき	風趣；意思	flavor appearance quaint
5	a	v	赴く	おもむく	前往；趨向	proceed
5	a	v	重んじる	おもんじる	重視（尊重）	respect honor esteem prize
5	p	n	親父	おやじ	老爸；老闆	father old man boss
5	k	k	及び	および	以及（及び）	well
5	a	v	及ぶ	およぶ	達到；比得上	reach extend
5	o	n	折	おり	時機；折	chance occasion
5	h	n	檻	おり	籠子（獸籠）	cage pen jail cell
5	e	n	オリエンテーション		新生訓練	orientation
5	a	v	折り返す	おりかえす	折回；回電	turn fold back
5	s	n	織物	おりもの	紡織品	textile fabric
5	p	n	俺	おれ	我（男性粗獷）	
5	d	n	愚か	おろか	愚蠢	foolish stupid
5	m	n	おろそか		疏忽	neglect negligence carelessness
5	p	n	おんぶ		背（小孩）	carrying back
5	x	n	オンライン		線上	line
5	d	n	温和	おんわ	溫和	gentle mild moderate
5	h	n	カーペット		地毯（外來語）	carpet
5	o	n	界	かい	～界	world circle kingdom
5	t	n	街	がい	～街	town
5	o	n	改悪	かいあく	改壞	deterioration changing worse
5	t	n	海運	かいうん	海運	marine transportation
5	s	n	外貨	がいか	外幣	foreign money
5	c	n	改革	かいかく	改革	reform reformation innovation
5	w	n	貝殻	かいがら	貝殼	shell
5	o	n	外観	がいかん	外觀	appearance exterior facade
5	c	n	階級	かいきゅう	階級	class rank grade
5	w	n	海峡	かいきょう	海峽	channel
5	c	n	会見	かいけん	會見；記者會	interview conference
5	b	n	介護	かいご	照護	nursing
5	r	n	開催	かいさい	舉辦	holding meeting open exhibition
5	o	n	回収	かいしゅう	回收	collection recovery
5	x	n	改修	かいしゅう	整修	repair improvement
5	r	n	怪獣	かいじゅう	怪獸	monster
5	o	n	解除	かいじょ	解除	cancellation release cancel
5	c	n	外相	がいしょう	外交部長	foreign minister
5	a	v	害する	がいする	損害；傷害（動詞）	harm offend
5	e	n	概説	がいせつ	概述	general statement outline
5	t	n	回送	かいそう	轉寄；回送	forwarding
5	c	n	階層	かいそう	階層	class level stratum hierarchy
5	o	n	開拓	かいたく	開墾；開拓	cultivation pioneer
5	c	n	会談	かいだん	會談	conversation interview
5	c	n	改定	かいてい	修訂（制度）	reform
5	e	n	改訂	かいてい	修訂（書籍）	revision
5	r	n	ガイド		導遊；指南	guide
5	t	n	街道	かいどう	大道；街道	highway
5	o	n	該当	がいとう	符合；相當於	corresponding answering coming under
5	t	n	街頭	がいとう	街頭	street
5	r	n	ガイドブック		旅遊指南	guidebook
5	c	n	介入	かいにゅう	介入	intervention
5	o	n	概念	がいねん	概念	general idea concept notion
5	x	n	開発	かいはつ	開發	development exploitation
5	w	n	海抜	かいばつ	海拔	height above sea level
5	b	n	介抱	かいほう	看護；照料	nursing looking after
5	b	n	解剖	かいぼう	解剖	dissection autopsy
5	b	n	外来	がいらい	外來；門診	imported outpatient clinic
5	j	n	回覧	かいらん	傳閱	circulation
5	o	n	概略	がいりゃく	概略	outline summary gist
5	w	n	海流	かいりゅう	洋流	ocean current
5	x	n	改良	かいりょう	改良	improvement reform
5	x	n	回路	かいろ	電路	circuit
5	t	n	海路	かいろ	海路	sea route
5	m	v	省みる	かえりみる	反省（省みる）	reflect
5	m	v	顧みる	かえりみる	回顧；顧及	look back turn around
5	b	n	顔付き	かおつき	面容；神情	facial
5	e	n	課外	かがい	課外	extracurricular
5	a	v	掲げる	かかげる	揭示；高舉	hoist fly float
5	b	n	かかと		腳跟	shoe heel
5	e	v	書き取る	かきとる	記下；聽寫	write down take dictation
5	a	v	掻き回す	かきまわす	攪拌；攪亂	stir churn disturb
5	e	n	画	かく	～畫（筆畫）	strokes
5	e	n	学芸	がくげい	學藝	arts sciences liberal arts
5	c	n	格差	かくさ	差距（格差）	difference disparity
5	x	n	拡散	かくさん	擴散	scattering diffusion
5	e	n	学士	がくし	學士	university graduate
5	k	k	各種	かくしゅ	各種	every kind all sorts
5	n	n	隔週	かくしゅう	隔週	every other week
5	m	n	確信	かくしん	確信	conviction confidence
5	o	n	革新	かくしん	革新	reform innovation
5	e	n	学説	がくせつ	學說（理論）	theory
5	o	n	確定	かくてい	確定	fixed decision
5	f	n	カクテル		雞尾酒	cocktail
5	o	n	獲得	かくとく	獲得	acquisition possession
5	r	n	楽譜	がくふ	樂譜	score
5	o	n	確保	かくほ	確保	guarantee insure secure
5	c	n	革命	かくめい	革命	revolution
5	o	n	確立	かくりつ	確立	establishment
5	r	n	賭	かけ	賭注；賭博	betting gambling gamble
5	h	n	掛け	かけ	架子；掛鉤	rack hanger
5	w	n	崖	がけ	懸崖	cliff
5	a	n	駆け足	かけあし	快跑	running fast double time
5	s	n	家計	かけい	家計	household economy family finances
5	r	n	駆けっこ	かけっこ	賽跑	race
5	x	n	加工	かこう	加工	manufacturing processing treatment
5	x	n	化合	かごう	化合	chemical combination
5	d	v	かさばる		體積龐大	bulky
5	a	v	かさむ		（費用）增加	pile increase
5	e	n	箇条書	かじょうがき	條列式	itemized itemization
5	p	n	頭	かしら	頭目；頭	head chief
5	d	n	微か	かすか	微弱；隱約	faint dim weak
5	w	v	霞む	かすむ	朦朧	grow hazy misty
5	a	v	擦る	かする	擦過	rub chafe
5	w	n	火星	かせい	火星	mars
5	w	n	化石	かせき	化石	fossil petrifaction fossilization
5	w	n	河川	かせん	河川（正式）	rivers
5	x	n	化繊	かせん	化學纖維	synthetic fibers
5	c	n	過疎	かそ	人口過少	depopulation
5	k	k	片	かた	片～；單～	single
5	e	n	片言	かたこと	片段話語	broken
5	a	v	傾ける	かたむける	使傾斜；傾注	incline tilt bend
5	a	v	固める	かためる	使凝固；鞏固	harden freeze fortify
5	t	n	傍ら	かたわら	旁邊；一邊～	beside while nearby
5	w	n	花壇	かだん	花壇	flower bed
5	w	n	家畜	かちく	家畜	domestic animals livestock cattle
5	k	k	且つ	かつ	並且	yet
5	m	n	がっくり		頹喪	heartbroken
5	r	n	合唱	がっしょう	合唱（正式）	chorus singing chorus
5	d	n	がっしり		結實；健壯	firmly solidly tough
5	o	n	合致	がっち	吻合	agreement concurrence conforming
5	d	n	がっちり		牢固；精打細算	solidly built tightly
5	n	n	かつて		曾經	once before formerly
5	m	n	勝手	かって	任意；廚房	kitchen way selfishness
5	o	n	カット		剪；刪減	cut cutting
5	m	n	活発	かっぱつ	活潑	vigor active
5	j	n	合併	がっぺい	合併	combination amalgamation merger
5	o	n	カテゴリー		類別	category
5	a	v	叶う	かなう	實現（願望）	come true
5	a	v	叶える	かなえる	使實現	grant
5	h	n	金槌	かなづち	鐵鎚	hammer
5	m	i	かなわない		比不上；受不了	beyond power unable
5	o	n	加入	かにゅう	加入（正式）	becoming member admission
5	k	k	予て	かねて	事先；早已	previously already lately
5	p	v	庇う	かばう	袒護	protect nbsp nbsp cover
5	s	n	株式	かぶしき	股份	stock
5	b	v	かぶれる		過敏；受影響	react influenced
5	w	n	花粉	かふん	花粉	pollen
5	s	n	貨幣	かへい	貨幣（正式）	money currency coinage
5	a	v	構える	かまえる	架設；擺出姿勢	set
5	c	n	過密	かみつ	過密	crowded
5	a	v	噛み切る	かみきる	咬斷	bite gnaw through
5	o	n	カムバック		東山再起	comeback
5	r	n	カメラマン		攝影師	cameraman
5	f	n	粥	かゆ	稀飯	rice porridge
5	b	n	体付き	からだつき	體格	body build figure
5	a	v	絡む	からむ	纏繞；糾纏	entangle entwine
5	k	k	かりに		暫時；假如	temporarily argument sake
5	b	n	カルテ		病歷	clinical records
5	h	n	ガレージ		車庫（住家）	garage
5	b	n	過労	かろう	過勞	overwork strain
5	k	k	かろうじて		勉強；好不容易	barely narrowly
5	a	v	交わす	かわす	交換（話語等）	exchange
5	k	k	代る代る	かわるがわる	輪流	alternately
5	d	n	簡易	かんい	簡易	simplicity easiness quasi
5	w	n	灌漑	かんがい	灌溉	irrigation
5	b	n	眼科	がんか	眼科	ophthalmology
5	b	n	眼球	がんきゅう	眼球	eyeball
5	d	n	簡潔	かんけつ	簡潔	brevity concise simple
5	o	n	還元	かんげん	還原；回饋	resolution reduction return
5	b	n	看護	かんご	看護（名詞）	nursing
5	e	n	漢語	かんご	漢語詞	chinese sino japanese
5	m	n	頑固	がんこ	頑固	stubbornness obstinacy
5	c	n	勧告	かんこく	勸告	advice counsel
5	n	n	換算	かんさん	換算	conversion change exchange
5	c	n	監視	かんし	監視	observation guarding surveillance
5	c	n	慣習	かんしゅう	習俗；慣習	usual custom
5	r	n	観衆	かんしゅう	觀眾（群眾）	spectators audience
5	e	n	願書	がんしょ	申請書	application
5	c	n	干渉	かんしょう	干涉	interference intervention
5	d	n	頑丈	がんじょう	堅固；結實	solid firm strong
5	o	n	感触	かんしょく	觸感	sense touch feeling sensation
5	d	n	肝心	かんじん	關鍵；要緊	essential fundamental crucial
5	c	n	関税	かんぜい	關稅	customs duty tariff
5	b	n	感染	かんせん	感染	infection contagion
5	t	n	幹線	かんせん	幹線	main line trunk line
5	d	n	簡素	かんそ	簡樸	simplicity plain
5	o	n	観点	かんてん	觀點（著眼點）	point view
5	x	n	感度	かんど	靈敏度	sensitivity severity
5	e	n	カンニング		作弊	cunning cheat
5	n	n	元年	がんねん	元年	first year
5	j	n	幹部	かんぶ	幹部	management executive
5	d	n	完ぺき	かんぺき	完美	perfection completeness flawless
5	g	g	勘弁	かんべん	原諒；饒恕	pardon forgiveness forbearance
5	m	n	感無量	かんむりょう	感慨萬千	deep feeling filled emotion
5	j	n	勧誘	かんゆう	勸誘	invitation canvassing inducement
5	o	n	関与	かんよ	參與	participation taking part
5	m	n	寛容	かんよう	寬容	forbearance tolerance generosity involvement
5	k	k	元来	がんらい	原本（元來）	originally naturally
5	r	n	観覧	かんらん	觀覽	viewing
5	c	n	慣例	かんれい	慣例（先例）	custom precedent convention
5	p	n	還暦	かんれき	六十大壽	birthday
5	o	n	貫禄	かんろく	威嚴；架勢	presence dignity
5	o	n	緩和	かんわ	緩和	relief mitigation
5	c	n	議案	ぎあん	議案	legislative bill
5	o	n	危害	きがい	危害	injury harm danger
5	j	n	企画	きかく	企劃	planning project
5	x	n	規格	きかく	規格（標準）	standard norm
5	s	v	着飾る	きかざる	盛裝打扮	dress
5	m	n	気兼ね	きがね	顧慮；客氣	hesitance diffidence feeling constraint
5	d	n	気軽	きがる	輕鬆；隨意	cheerful buoyant lighthearted
5	o	n	危機	きき	危機	crisis
5	e	n	聞き取り	ききとり	聽力；聽取	listening comprehension
5	b	n	効き目	ききめ	效果（療效）	effect virtue efficacy
5	t	n	帰京	ききょう	返回東京	returning tokyo
5	r	n	戯曲	ぎきょく	劇本（戲曲）	play drama
5	s	n	基金	ききん	基金	fund foundation
5	r	n	喜劇	きげき	喜劇	comedy funny show
5	c	n	議決	ぎけつ	議決	resolution decision vote
5	c	n	棄権	きけん	棄權	abstain voting renunciation right
5	p	n	既婚	きこん	已婚	married
5	m	n	気障	きざ	裝腔作勢	affectation conceit snobbery
5	e	n	記載	きさい	記載	mention entry
5	o	n	兆	きざし	徵兆	sign omen indication
5	m	n	気質	きしつ	氣質	character trait temperament
5	n	n	期日	きじつ	期日；日期	fixed date settlement date
5	a	v	きしむ		嘎吱作響	jar creak grate
5	c	n	議事堂	ぎじどう	議事堂	diet building
5	e	n	記述	きじゅつ	記述	describing descriptor
5	w	n	気象	きしょう	氣象	weather climate
5	a	v	傷付く	きずつく	受傷（自動）	hurt wounded get injured
5	a	v	傷付ける	きずつける	弄傷；傷害	wound hurt feelings
5	o	n	犠牲	ぎせい	犧牲	sacrifice
5	t	n	汽船	きせん	汽船	steamship
5	c	n	寄贈	きぞう	捐贈	donation presentation
5	c	n	偽造	ぎぞう	偽造	forgery fabrication counterfeiting
5	c	n	貴族	きぞく	貴族	noble aristocrat
5	c	n	議題	ぎだい	議題	topic discussion agenda
5	a	v	鍛える	きたえる	鍛鍊	forge train discipline
5	m	n	気立て	きだて	性情；脾氣	good natured kind hearted
5	n	v	来る	きたる	即將到來的～	come approach
5	k	k	きちっと		整整齊齊地	exactly perfectly
5	m	n	几帳面	きちょうめん	一絲不苟	methodical punctual steady
5	k	k	きっかり		正好；恰好	exactly precisely
5	k	k	きっちり		嚴密地；緊緊地	precisely tightly
5	k	k	きっぱり		斷然；乾脆	clearly plainly distinctly
5	c	n	規定	きてい	規定（條文）	regulation provisions
5	t	n	起点	きてん	起點	starting point
5	x	n	軌道	きどう	軌道	orbit track
5	o	n	技能	ぎのう	技能	technical skill ability capacity
5	c	n	規範	きはん	規範	model standard example
5	m	n	気品	きひん	氣質高雅	grace elegance
5	c	n	気風	きふう	風氣	character traits ethos
5	w	n	起伏	きふく	起伏	undulation
5	o	n	規模	きぼ	規模	scale scope plan structure
5	m	n	気まぐれ	きまぐれ	反覆無常	whim caprice uneven temper
5	m	n	生真面目	きまじめ	一本正經	serious sincerity
5	n	n	期末	きまつ	期末	
5	m	i	きまりわるい		難為情	feeling awkward ashamed
5	j	n	記名	きめい	記名	signature register
5	c	n	規約	きやく	規約	agreement rules code
5	r	n	脚色	きゃくしょく	改編（劇本）	dramatization film
5	o	n	逆転	ぎゃくてん	逆轉	change reversal turn around
5	r	n	脚本	きゃくほん	劇本	scenario
5	d	n	華奢	きゃしゃ	纖細；嬌弱	delicate slender
5	o	n	客観	きゃっかん	客觀	objective
5	a	n	キャッチ		接住；捕捉	catch
5	j	n	キャリア		職業生涯	career career government employee
5	c	n	救援	きゅうえん	救援	relief rescue reinforcement
5	e	n	休学	きゅうがく	休學	temporary absence school suspension
5	o	n	究極	きゅうきょく	終極	ultimate final eventual
5	d	n	窮屈	きゅうくつ	窄小；拘束	narrow tight formal
5	w	n	球根	きゅうこん	球根	bulb
5	c	n	救済	きゅうさい	救濟	relief aid rescue
5	j	n	給仕	きゅうじ	服務生（舊）	waiter
5	e	n	給食	きゅうしょく	營養午餐	school lunch providing meal
5	c	n	休戦	きゅうせん	停戰	truce armistice
5	r	n	宮殿	きゅうでん	宮殿	palace
5	p	n	旧知	きゅうち	舊識	old friend old friendship
5	s	n	窮乏	きゅうぼう	窮困	poverty
5	o	n	寄与	きよ	貢獻（寄與）	contribution service
5	k	k	強	きょう	強～	strong
5	p	n	狂	きょう	～狂	maniac fan freak
5	m	n	驚異	きょうい	驚異	wonder miracle
5	e	n	教科	きょうか	學科；科目	subject curriculum
5	c	n	協会	きょうかい	協會	association society organization
5	e	n	共学	きょうがく	男女合校	coeducation
5	m	n	共感	きょうかん	共鳴；同感	sympathy response
5	o	n	境遇	きょうぐう	境遇	environment circumstances
5	e	n	教訓	きょうくん	教訓	lesson precept moral instruction
5	o	n	強行	きょうこう	強行（名詞）	forcing enforcement
5	d	n	強硬	きょうこう	強硬	firm vigorous stubborn
5	e	n	教材	きょうざい	教材	teaching materials
5	w	n	凶作	きょうさく	歉收	bad harvest poor crop
5	j	n	業者	ぎょうしゃ	業者	trader merchant
5	e	n	教習	きょうしゅう	教練（駕駛等）	training instruction
5	m	n	郷愁	きょうしゅう	鄉愁	nostalgia homesickness
5	e	n	教職	きょうしょく	教職	teaching profession
5	r	v	興じる	きょうじる	取樂	amuse oneself merry
5	c	n	強制	きょうせい	強制	obligation compulsion enforcement
5	c	n	行政	ぎょうせい	行政	administration
5	j	n	業績	ぎょうせき	業績	achievement work contribution
5	o	n	共存	きょうぞん	共存	coexistence
5	c	n	協定	きょうてい	協定	arrangement pact agreement
5	t	n	郷土	きょうど	鄉土	homeland
5	c	n	脅迫	きょうはく	脅迫	threat coercion
5	j	n	業務	ぎょうむ	業務	business duties work
5	x	n	共鳴	きょうめい	共鳴（共振）	resonance sympathy
5	t	n	郷里	きょうり	故鄉（鄉里）	birth place home town
5	d	n	強烈	きょうれつ	強烈	strong intense severe
5	c	n	共和	きょうわ	共和	republicanism cooperation
5	o	n	局限	きょくげん	局限	limit localize
5	d	n	極端	きょくたん	極端	extreme extremity
5	h	n	居住	きょじゅう	居住（正式）	residence
5	o	n	拒絶	きょぜつ	拒絕（名詞）	refusal rejection
5	t	n	漁船	ぎょせん	漁船	fishing boat
5	t	n	漁村	ぎょそん	漁村	fishing village
5	o	n	拒否	きょひ	拒否	denial rejection refusal
5	o	n	許容	きょよう	容許	permission pardon
5	d	n	清らか	きよらか	清純	clean pure chaste
5	d	n	きらびやか		華麗；燦爛	gorgeous gaudy dazzling
5	k	k	きり		只有～；一～就	only
5	p	n	義理	ぎり	情義；人情債	debt gratitude obligation
5	x	n	切替	きりかえ	切換	exchange conversion switchover
5	w	n	気流	きりゅう	氣流	atmospheric current
5	o	n	切れ目	きれめ	裂縫；間斷	break pause gap
5	m	n	疑惑	ぎわく	疑惑	doubt misgivings suspicion
5	k	k	極めて	きわめて	極其	exceedingly extremely
5	d	n	緊急	きんきゅう	緊急（迫切）	urgent pressing emergency
5	t	n	近郊	きんこう	近郊	suburbs outskirts
5	o	n	均衡	きんこう	均衡	equilibrium balance
5	a	v	禁じる	きんじる	禁止（動詞）	prohibit
5	m	n	勤勉	きんべん	勤勉	industry diligence
5	o	n	吟味	ぎんみ	仔細品味；斟酌	examination careful investigation
5	j	n	勤務	きんむ	勤務；工作	service duty work
5	o	n	禁物	きんもつ	禁忌	taboo forbidden thing
5	j	n	勤労	きんろう	勤勞	labor exertion diligent service
5	r	n	クイズ		猜謎；測驗	quiz
5	a	v	食い違う	くいちがう	不一致；交錯	cross each other differ
5	o	n	空間	くうかん	空間	space room airspace
5	b	n	空腹	くうふく	空腹	hunger
5	t	n	区画	くかく	區劃	division section area
5	t	n	区間	くかん	區間	section
5	w	n	茎	くき	莖	stalk
5	o	n	区切り	くぎり	段落；告一段落	end stop punctuation
5	a	v	くぐる		鑽過；穿過	pass through around
5	r	n	くじ		抽籤	lottery lot
5	b	i	くすぐったい		癢（怕癢）	ticklish
5	m	n	愚痴	ぐち	牢騷	idle complaint grumble
5	r	v	口ずさむ	くちずさむ	哼唱	
5	w	n	嘴	くちばし	鳥喙	beak bill
5	a	v	朽ちる	くちる	腐朽	rot
5	a	v	覆す	くつがえす	推翻	overturn upset overthrow
5	k	k	くっきり		清清楚楚地	distinctly clearly boldly
5	x	n	屈折	くっせつ	彎曲；折射	bending indentation refraction
5	k	k	ぐっと		使勁地；更加	firmly fast more
5	h	n	首輪	くびわ	項圈	necklace choker
5	a	v	組み込む	くみこむ	編入	insert include cut
5	a	v	組み合わせる	くみあわせる	組合起來	join together combine join
5	h	n	蔵	くら	倉庫（土藏）	warehouse cellar
5	x	n	クレーン		起重機	crane
5	p	n	玄人	くろうと	行家	expert professional
5	s	n	黒字	くろじ	盈餘	balance black
5	c	n	軍艦	ぐんかん	軍艦	warship battleship
5	c	n	軍事	ぐんじ	軍事	military affairs
5	c	n	君主	くんしゅ	君主	ruler monarch
5	c	n	群衆	ぐんしゅう	群眾	group crowd mob
5	c	n	軍備	ぐんび	軍備	armaments military preparations
5	c	n	軍服	ぐんぷく	軍服	military naval uniform
5	r	n	芸	げい	技藝	art accomplishment performance
5	o	n	経過	けいか	經過；過程	passage progress
5	d	n	軽快	けいかい	輕快	lively casual light
5	c	n	警戒	けいかい	警戒	warning admonition vigilance
5	h	n	敬具	けいぐ	敬上（書信結尾）	sincerely
5	o	n	軽減	けいげん	減輕	reduction lessening
5	c	n	掲載	けいさい	刊載	appearance
5	o	n	傾斜	けいしゃ	傾斜（名詞）	inclination slope dip
5	o	n	形成	けいせい	形成	formation
5	o	n	形勢	けいせい	形勢	condition situation prospects
5	m	n	軽率	けいそつ	輕率	thoughtless careless hasty
5	j	n	経費	けいひ	經費	expenses cost outlay
5	c	n	警部	けいぶ	警部（警察官階）	police inspector
5	o	n	転換	てんかん	轉換	convert divert
5	h	n	転居	てんきょ	遷居	moving changing residence
5	j	n	転勤	てんきん	調職	transfer
5	x	n	点検	てんけん	檢點；點檢	inspection examination checking
5	x	n	電源	でんげん	電源	source electricity power
5	c	n	天国	てんごく	天堂	paradise heaven kingdom heaven
5	p	n	天才	てんさい	天才	genius
5	w	n	天災	てんさい	天災	natural calamity disaster
5	r	n	展示	てんじ	展示	exhibition display
5	r	n	伝説	でんせつ	傳說	tradition legend folklore
5	e	n	点線	てんせん	虛線	dotted line
5	a	v	転じる	てんじる	轉變；轉向	turn shift
5	w	n	天体	てんたい	天體	heavenly body
5	o	n	伝達	でんたつ	傳達（正式）	transmission
5	w	n	天地	てんち	天地	heaven earth universe
5	k	k	てんで		根本（不）	all altogether entirely
5	j	n	転任	てんにん	調任	change post
5	o	n	展望	てんぼう	展望	view outlook prospect
5	o	n	伝来	でんらい	祖傳；傳入	ancestral hereditary imported
5	o	n	転落	てんらく	滾落；墮落	fall degradation
5	a	v	問い合わせる	といあわせる	詢問；洽詢（動詞）	inquire seek information
5	k	k	当	とう	本～（當～）	our
5	b	n	胴	どう	軀幹	trunk body frame
5	o	n	同意	どうい	同意	agreement consent meaning
5	c	n	動員	どういん	動員	mobilization
5	m	n	同感	どうかん	同感	agreement opinion feeling
5	h	n	陶器	とうき	陶器	pottery ceramics
5	c	n	討議	とうぎ	討論（審議）	debate discussion
5	o	n	動機	どうき	動機	motive incentive
5	o	n	等級	とうきゅう	等級（級別）	grade class
5	e	n	同級	どうきゅう	同年級	grade class
5	h	n	同居	どうきょ	同住	living together
5	e	n	登校	とうこう	上學	attendance
5	o	n	統合	とうごう	統合	integration unification synthesis
5	o	n	動向	どうこう	動向（趨勢）	trend tendency movement attitude
5	s	n	投資	とうし	投資	investment
5	m	n	同情	どうじょう	同情	sympathy compassion sympathize
5	r	n	道場	どうじょう	道場	dojo hall martial arts
5	c	n	統制	とうせい	統制	regulation control
5	c	n	当選	とうせん	當選	elected winning prize
5	c	n	逃走	とうそう	逃走	flight desertion escape
5	c	n	統率	とうそつ	統率	command generalship leadership
5	o	n	到達	とうたつ	到達（正式）	reaching attaining arrival
5	c	n	統治	とうち	統治	rule reign governing
5	a	v	仕切る	しきる	隔開；主持	partition divide mark
5	s	n	資金	しきん	資金	funds capital
5	x	n	軸	じく	軸	axis stem shaft
5	a	v	しくじる		搞砸	fail fall through blunder
5	o	n	仕組み	しくみ	結構；機制	structure mechanism
5	c	n	死刑	しけい	死刑	death penalty
5	a	v	湿気る	しける	受潮	damp moist
5	c	n	施行	しこう	施行	enforcement operation
5	m	n	思考	しこう	思考（名詞）	thought
5	m	n	志向	しこう	志向；意向	intention aim
5	m	n	嗜好	しこう	嗜好；愛好	taste liking preference
5	o	n	事項	じこう	事項	matter item facts
5	t	n	時刻表	じこくひょう	時刻表	timetable schedule
5	c	n	地獄	じごく	地獄	hell
5	r	n	時差	じさ	時差	time difference
5	d	n	自在	じざい	自如；自在	freely will
5	c	n	視察	しさつ	視察	inspection observation
5	s	n	資産	しさん	資產	property fortune assets
5	o	n	支持	しじ	支持	support
5	o	n	自主	じしゅ	自主	independence autonomy
5	c	n	自首	じしゅ	自首	surrender give oneself
5	r	n	刺繍	ししゅう	刺繡	embroidery
5	c	n	市場	しじょう	市場（經濟）	market
5	j	n	辞職	じしょく	辭職（正式）	resignation
5	w	n	雫	しずく	水滴（雫）	drop
5	x	n	システム		系統	system
5	a	v	沈める	しずめる	使沉沒	sink submerge
5	t	n	施設	しせつ	設施	establishment facility
5	n	n	事前	じぜん	事前	prior beforehand advance
5	p	n	子息	しそく	令郎	son
5	o	n	持続	じぞく	持續	continuation endurance
5	m	n	自尊心	じそんしん	自尊心	self respect conceit
5	m	v	慕う	したう	仰慕	yearn adore
5	m	n	下心	したごころ	企圖；居心	secret intention motive
5	o	n	下地	したじ	基礎；底子	groundwork foundation
5	p	v	親しむ	したしむ	親近	intimate befriend
5	e	n	下調べ	したしらべ	預先調查	preliminary investigation
5	m	n	愛想	あいそう	和藹；親切待客	sociability
5	p	n	間柄	あいだがら	關係（間柄）	relationship
5	n	n	合間	あいま	空檔	interval
5	k	k	敢えて	あえて	硬是；敢於	dare venture challenge
5	a	v	仰ぐ	あおぐ	仰望；尊為	look respect ask
5	b	n	垢	あか	污垢	dirt filth
5	s	n	赤字	あかじ	赤字；虧損	deficit red
5	a	v	明かす	あかす	透露；熬夜	reveal stay
5	a	v	赤らむ	あからむ	泛紅	become red blush
5	o	n	上がり	あがり	收入；完成	ascent income completion stop
5	m	n	諦め	あきらめ	斷念	resignation reconciliation consolation
5	t	n	アクセル		油門	accelerator
5	d	i	あくどい		惡毒；花俏	gaudy vicious
5	b	n	顎	あご	下巴	chin
5	m	n	憧れ	あこがれ	憧憬	yearning longing aspiration
5	s	n	麻	あさ	麻	hemp
5	b	n	あざ		胎記；瘀青	birthmark bruise
5	m	i	浅ましい	あさましい	卑鄙；可恥	shameful mean despicable
5	c	v	欺く	あざむく	欺騙（欺く）	deceive
5	d	n	鮮やか	あざやか	鮮豔；鮮明	vivid clear
5	m	v	嘲笑う	あざわらう	嘲笑	sneer ridicule
5	g	g	悪しからず	あしからず	請別見怪	don take wrong but
5	f	i	味わい	あじわい	風味	flavor relish
5	m	v	焦る	あせる	焦急	hurry impatient
5	a	v	あせる		褪色	fade discolor
5	o	n	値	あたい	價值（値）	value price worth
5	a	v	値する	あたいする	值得	worth deserve
5	o	n	悪化	あっか	惡化	deterioration worsen
5	o	n	扱い	あつかい	對待；處理	treatment service
5	m	i	呆気ない	あっけない	太簡單；不過癮	not enough too quick
5	d	n	あっさり		清淡；乾脆	easily readily quickly
5	j	n	斡旋	あっせん	斡旋；介紹	kind offices mediation
5	o	n	圧倒	あっとう	壓倒	overwhelm overpower
5	c	n	圧迫	あっぱく	壓迫	pressure coercion oppression
5	s	v	あつらえる		訂做	give order place order
5	x	n	圧力	あつりょく	壓力（物理）	stress pressure
5	o	n	当て	あて	指望；目標	expectations depend
5	h	n	宛	あて	寄給～	
5	e	n	当て字	あてじ	假借字	phonetic equivalent character substitute
5	p	n	跡継ぎ	あとつぎ	繼承人	heir successor
5	o	n	後回し	あとまわし	延後處理	putting postponing
5	r	n	油絵	あぶらえ	油畫	oil painting
5	o	n	アプローチ		接近；方法	approach
5	d	n	あべこべ		相反；顛倒	contrary opposite inverse
5	p	v	甘える	あまえる	撒嬌	behave like spoiled child
5	h	n	雨具	あまぐ	雨具	rain gear
5	f	n	甘口	あまくち	甜味；口味偏甜	sweet flavor
5	o	n	アマチュア		業餘	amateur
5	h	n	網	あみ	網子	net
5	a	v	操る	あやつる	操縱	manipulate operate pull strings
5	m	v	危ぶむ	あやぶむ	擔心；懷疑	fear have misgivings doubtful
5	d	n	あやふや		含糊	uncertain vague ambiguous
5	o	n	過ち	あやまち	過失（錯誤）	fault error indiscretion
5	a	v	誤る	あやまる	弄錯	mistake
5	o	n	歩み	あゆみ	步伐；歷程	step progress history
5	a	v	歩む	あゆむ	行走（歩む）	walk
5	k	k	予め	あらかじめ	預先	advance previously
5	a	v	荒らす	あらす	弄亂；侵擾	damage invade
5	c	n	争い	あらそい	爭端	dispute quarrel conflict
5	a	v	改まる	あらたまる	更新；鄭重起來	renewed formal
5	m	i	荒っぽい	あらっぽい	粗魯	rough rude
5	t	n	アラブ		阿拉伯	arab
5	w	n	霰	あられ	霰	hail
5	o	n	有り様	ありさま	狀態；情形	state condition
5	k	k	ありのまま		如實	truth frankly
5	d	n	ありふれる		司空見慣	common ordinary routine
5	x	n	アルカリ		鹼	alkali
5	x	n	アルミ		鋁	aluminum
5	n	n	アワー		～時段（時間）	hour
5	a	v	合わす	あわす	配合；對準	join together face unite
5	r	n	アンコール		安可	encore
5	c	n	暗殺	あんさつ	暗殺	assassination
5	n	n	暗算	あんざん	心算	mental arithmetic
5	o	n	暗示	あんじ	暗示	hint suggestion
5	m	v	案じる	あんじる	擔心；思量	anxious ponder
5	b	n	安静	あんせい	靜養	rest
5	k	k	案の定	あんのじょう	果然不出所料	sure enough usual
5	d	n	いい加減	いいかげん	敷衍；適可而止	random irresponsible
5	o	n	言い訳	いいわけ	藉口；辯解	excuse explanation
5	p	n	家出	いえで	離家出走	running away home
5	a	v	生かす	いかす	活用；使存活	keep alive
5	k	k	いかに		如何；多麼	how what way
5	k	k	いかにも		的確；真是	truly
5	c	n	異議	いぎ	異議（反對）	objection dissent protest
5	m	n	生き甲斐	いきがい	生存價值	lives important
5	o	n	行き違い	いきちがい	走岔；誤會	misunderstanding disagreement
5	m	v	意気込む	いきごむ	幹勁十足（動詞）	enthusiastic about
5	e	n	育成	いくせい	培育	rearing training cultivation
5	k	k	幾多	いくた	許多	many numerous
5	r	v	生ける	いける	插（花）	arrange
5	o	n	異見	いけん	不同意見	different opinion objection
5	o	n	意向	いこう	意向	intention idea inclination
5	o	n	移行	いこう	轉移；過渡	switching
5	k	k	いざ		一旦；來吧	now come crucial moment
5	c	n	移住	いじゅう	移居	migration immigration
5	s	n	衣装	いしょう	服裝；戲服	clothing costume outfit
5	a	v	いじる		擺弄	touch tamper
5	p	n	異性	いせい	異性	opposite sex
5	r	n	遺跡	いせき	遺跡	historic ruins
5	o	n	依存	いぞん	依賴；依存	dependence dependent reliance
5	j	n	委託	いたく	委託（寄售）	consign firm entrust
5	k	k	いたって		極為	much exceedingly extremely
5	j	n	出世	しゅっせ	出人頭地	promotion successful career eminence
5	e	n	出題	しゅつだい	出題	proposing question
5	c	n	出動	しゅつどう	出動	mobilization action
5	s	n	出費	しゅっぴ	開支	expenses disbursements
5	r	n	出品	しゅっぴん	展出（作品）	exhibit display
5	o	n	主導	しゅどう	主導	main leadership
5	j	n	主任	しゅにん	主任	person charge responsible official
5	c	n	首脳	しゅのう	首腦	head leader
5	r	n	守備	しゅび	守備；防守	defense
5	o	n	手法	しゅほう	手法	technique
5	w	n	樹木	じゅもく	樹木	trees shrubs arbor
5	o	n	樹立	じゅりつ	樹立；建立	establish create
5	t	n	準急	じゅんきゅう	準快車	local express
5	a	v	準じる	じゅんじる	依照；比照	follow conform apply
5	c	n	署	しょ	～署	department
5	b	n	症	しょう	～症	disease
5	c	n	証	しょう	～證	proof certificate
5	p	n	嬢	じょう	～小姐	young woman
5	o	n	上位	じょうい	上位	superior higher order
5	r	n	上演	じょうえん	上演	art performance
5	t	n	城下	じょうか	城下町	land near castle
5	x	n	消去	しょうきょ	消除	elimination erasing
5	w	n	上空	じょうくう	上空	sky high altitude sky
5	o	n	衝撃	しょうげき	衝擊（撞擊）	shock crash impact ballistic
5	c	n	証言	しょうげん	證詞	evidence testimony
5	c	n	証拠	しょうこ	證據	evidence proof
5	o	n	照合	しょうごう	核對	check verification
5	o	n	詳細	しょうさい	詳細（詳情）	detail particulars
5	o	n	上昇	じょうしょう	上升（名詞）	rising ascending climbing
5	j	n	昇進	しょうしん	晉升	promotion
5	a	v	称する	しょうする	稱為；自稱	take name call oneself
5	c	n	情勢	じょうせい	情勢	state things condition situation
5	o	n	消息	しょうそく	消息；音訊	news letter circumstances
5	o	n	承諾	しょうだく	允諾	consent agreement
5	m	n	情緒	じょうちょ	情緒；情趣	emotion feeling
5	o	n	象徴	しょうちょう	象徵	symbol
5	b	n	小児科	しょうにか	小兒科	pediatrics
5	j	n	使用人	しようにん	僱員；傭人	employee servant
5	m	n	情熱	じょうねつ	熱情	passion enthusiasm zeal
5	o	n	譲歩	じょうほ	讓步	concession conciliation compromise
5	c	n	条約	じょうやく	條約	treaty pact
5	r	n	勝利	しょうり	勝利（正式）	victory triumph win
5	c	n	上陸	じょうりく	登陸	landing disembarkation
5	x	n	蒸溜	じょうりゅう	蒸餾	distillation
5	o	n	奨励	しょうれい	獎勵	encouragement promotion
5	r	n	ショー		表演秀	show
5	o	n	除外	じょがい	除外	exception exclusion
5	j	n	職員	しょくいん	職員	staff member personnel
5	c	n	植民地	しょくみんち	殖民地	colony
5	j	n	職務	しょくむ	職務（正式）	professional duties
5	p	n	諸君	しょくん	諸位	gentlemen ladies
5	o	n	助言	じょげん	建議；忠告	advice suggestion
5	t	n	徐行	じょこう	慢行	going slowly
5	t	n	所在	しょざい	所在地	whereabouts
5	o	n	所持	しょじ	持有	possession owning
5	j	n	所属	しょぞく	所屬	attached belong
5	o	n	処置	しょち	處置	treatment
5	k	k	しょっちゅう		經常（口語）	always constantly
5	o	n	所定	しょてい	規定的	fixed prescribed
5	s	n	所得	しょとく	所得	income
5	c	n	処罰	しょばつ	處罰（名詞）	punishment
5	e	n	初版	しょはん	初版	first edition
5	e	n	書評	しょひょう	書評	book review
5	c	n	処分	しょぶん	處分	disposal dealing punishment
5	c	n	庶民	しょみん	平民百姓	masses common people
5	j	n	庶務	しょむ	總務	general affairs
5	o	n	所有	しょゆう	所有	possessions ownership
5	o	n	調べ	しらべ	調查（名詞）；曲調	investigation inspection
5	o	n	自立	じりつ	自立	independence self reliance
5	a	v	記す	しるす	記下	note write down
5	c	n	指令	しれい	指令	orders instructions directive
5	m	n	心	しん	～心	mind
5	c	n	陣	じん	陣地	battle formation camp encampment
5	x	n	進化	しんか	進化	evolution progress
5	m	n	人格	じんかく	人格	personality character
5	c	n	審議	しんぎ	審議	deliberation
5	p	n	新婚	しんこん	新婚	newly wed
5	o	n	審査	しんさ	審查	judging inspection examination
5	j	n	人材	じんざい	人才	man talent
5	p	n	紳士	しんし	紳士	gentleman
5	o	n	真実	しんじつ	真實	truth reality
5	c	n	信者	しんじゃ	信徒	believer devotee
5	s	n	真珠	しんじゅ	珍珠	pearl
5	o	n	進出	しんしゅつ	進軍；進入（市場）	advancement
5	m	n	心情	しんじょう	心情（心境）	mentality
5	p	n	新人	しんじん	新人	new face newcomer
5	d	n	神聖	しんせい	神聖	holiness sacredness dignity
5	c	n	親善	しんぜん	親善	friendship
5	o	n	真相	しんそう	真相	truth real situation
5	d	n	迅速	じんそく	迅速	quick fast prompt
5	b	n	人体	じんたい	人體	human body
5	h	n	新築	しんちく	新建築	new building new construction
5	p	n	心中	しんじゅう	殉情	double suicide
5	g	g	進呈	しんてい	贈送（謙讓）	presentation
5	o	n	進展	しんてん	進展	progress development
5	r	n	神殿	しんでん	神殿	temple sacred place
5	o	n	進度	しんど	進度	progress
5	x	n	振動	しんどう	振動	oscillation vibration
5	e	n	新入生	しんにゅうせい	新生	new student first year
5	c	n	信任	しんにん	信任（委任）	trust confidence credence
5	o	n	神秘	しんぴ	神祕	mystery
5	m	n	辛抱	しんぼう	忍耐（辛抱）	patience endurance
5	c	n	人民	じんみん	人民	people public
5	c	n	侵略	しんりゃく	侵略	aggression invasion raid
5	b	n	診療	しんりょう	診療	medical examination treatment
5	w	n	水源	すいげん	水源	source river
5	o	n	推進	すいしん	推動	propulsion driving force
5	r	n	吹奏	すいそう	吹奏	playing wind instruments
5	o	n	推測	すいそく	推測（名詞）	guess conjecture
5	e	n	推理	すいり	推理	reasoning inference mystery detective
5	e	n	数詞	すうし	數詞	numeral
5	c	n	崇拝	すうはい	崇拜	worship adoration
5	a	v	据え付ける	すえつける	安裝（固定）	install equip mount
5	a	v	据える	すえる	安放；使就位	set lay place
5	d	i	すがすがしい		清爽宜人	fresh refreshing
5	o	n	救い	すくい	救贖；幫助	help aid relief
5	a	v	すくう		舀；撈	scoop
5	d	n	健やか	すこやか	健康；健全	vigorous healthy sound
5	h	v	濯ぐ	すすぐ	沖洗；漱	rinse wash
5	s	n	裾	すそ	下襬	cuff hem cut edge
5	r	n	スタジオ		攝影棚	studio
5	j	n	ストライキ		罷工	strike
5	f	n	ストロー		吸管	straw
5	r	n	ストロボ		閃光燈	stroboscope
5	d	i	すばしこい		敏捷	nimble smart quick
5	d	i	素早い	すばやい	迅速；麻利	fast quick
5	k	k	ずばり		一針見血	decisively unreservedly frankly
5	o	n	スプリング		彈簧；春天	spring
5	d	n	ずぶぬれ		濕透	soaked dripping wet
5	t	n	スポーツカー		跑車	sports car
5	a	v	澄ます	すます	澄清；裝作若無其事	clear clear listen
5	a	v	済ます	すます	辦完；將就	finish settle without
5	d	n	すみやか		迅速（すみやか）	speedy
5	s	n	スラックス		休閒褲	slacks
5	k	k	ずらっと		一整排	line row
5	k	k	ずるずる		拖拖拉拉	dragging sound sniffling
5	o	n	ずれ		落差；偏差	difference gap
5	o	n	すれちがい		錯身而過	chance encounter
5	a	v	擦れる	すれる	摩擦（自動）	rub chafe
5	k	k	すんなり		順利；苗條	pass objection slim slender
5	w	n	生育	せいいく	生長發育	growth development breeding
5	o	n	成果	せいか	成果	results fruits
5	e	n	正解	せいかい	正確答案	correct right answer solution
5	c	n	正義	せいぎ	正義	justice right righteousness
5	s	n	生計	せいけい	生計	livelihood living
5	c	n	政権	せいけん	政權	administration political power
5	w	n	星座	せいざ	星座	constellation
5	c	n	制裁	せいさい	制裁	restraint sanctions punishment
5	c	n	政策	せいさく	政策	political measures policy
5	b	n	生死	せいし	生死	life death
5	x	n	静止	せいし	靜止	stillness repose standing still
5	m	n	誠実	せいじつ	誠實	sincere honest faithful
5	o	n	成熟	せいじゅく	成熟	maturity ripeness
5	p	n	青春	せいしゅん	青春	youth springtime life adolescent
5	m	n	清純	せいじゅん	清純（純潔）	purity innocence
5	c	n	聖書	せいしょ	聖經	bible
5	d	n	正常	せいじょう	正常	normalcy normality normal
5	a	v	制する	せいする	控制；制止	control command
5	d	n	整然	せいぜん	井然有序	orderly regular well organized
5	s	n	盛装	せいそう	盛裝	dressed wear rich clothes
5	d	n	盛大	せいだい	盛大	grand prosperous magnificent
5	o	n	清濁	せいだく	清濁	good evil purity impurity
5	c	n	制定	せいてい	制定	enactment establishment creation
5	d	n	静的	せいてき	靜態的	static
5	x	n	製鉄	せいてつ	煉鐵	iron manufacture
5	w	n	晴天	せいてん	晴天（正式）	fine weather
5	d	n	正当	せいとう	正當	just due proper
5	s	n	制服	せいふく	制服	uniform
5	c	n	征服	せいふく	征服	conquest subjugation overcoming
5	x	n	製法	せいほう	製法	manufacturing method recipe formula
5	d	n	精密	せいみつ	精密	precise exact detailed minute
5	c	n	税務署	ぜいむしょ	稅務局	tax office
5	o	n	制約	せいやく	制約	limitation constraints
5	c	n	勢力	せいりょく	勢力	influence power might strength
5	o	n	整列	せいれつ	排隊（整列）	stand row line
5	s	n	セール		特賣（外來語）	sale
5	a	v	急かす	せかす	催促（急かす）	hurry urge
5	p	n	伜	せがれ	犬子	son son
5	j	n	責務	せきむ	職責；責任	duty obligation
5	j	n	セクション		部門；區段	section
5	p	n	世辞	せじ	恭維話	flattery compliment
5	c	n	世帯	せたい	家戶	household
5	c	n	是正	ぜせい	糾正	correction revision
5	p	n	世代	せだい	世代	generation
5	b	n	切開	せっかい	切開	opening cutting through
5	p	n	セックス		性	sex
5	d	n	切実	せつじつ	迫切；切身	compelling serious severe acute
5	o	n	接触	せっしょく	接觸（正式）	touch contact
5	e	n	接続詞	せつぞくし	連接詞	conjunction
5	o	n	設置	せっち	設置	establishment institution
5	o	n	折衷	せっちゅう	折衷	compromise cross blending eclecticism
5	x	n	設定	せってい	設定	establishment creation
5	p	n	説得	せっとく	說服	persuasion
5	m	i	切ない	せつない	難過；苦悶	painful trying sad
5	e	n	絶版	ぜっぱん	絕版	print
5	j	n	設立	せつりつ	設立	establishment foundation institution
5	r	n	攻め	せめ	攻勢	attack offense
5	f	n	ゼリー		果凍	jelly
5	c	n	世論	せろん	輿論	public opinion
5	n	n	先	せん	先前；優先	priority precedence previous
5	x	n	繊維	せんい	纖維	fiber fiber textile
5	b	n	全快	ぜんかい	痊癒	complete recovery health
5	c	n	宣教	せんきょう	傳教	religious mission
5	c	n	宣言	せんげん	宣言	declaration proclamation announcement
5	c	n	戦災	せんさい	戰禍	war damage
5	e	n	専修	せんしゅう	專修	specialization
5	c	n	戦術	せんじゅつ	戰術	tactics
5	m	n	センス		品味；感覺	sense
5	r	n	潜水	せんすい	潛水	diving
5	o	n	全盛	ぜんせい	全盛	height prosperity
5	p	n	先代	せんだい	上一代	family predecessor previous age
5	n	n	先だって	せんだって	日前	recently other day
5	n	n	先着	せんちゃく	先到	first arrival
5	o	n	前提	ぜんてい	前提	preamble premise prerequisite
5	b	n	先天的	せんてんてき	先天的	inherent congenital hereditary
5	o	n	前途	ぜんと	前途	future prospects outlook journey
5	c	n	潜入	せんにゅう	潛入	infiltration sneaking
5	t	n	船舶	せんぱく	船舶	ship
5	c	n	全滅	ぜんめつ	全滅	annihilation
5	o	n	専用	せんよう	專用	exclusive personal
5	c	n	占領	せんりょう	佔領	occupation possession have room
5	m	n	善良	ぜんりょう	善良	goodness excellence virtue
5	c	n	戦力	せんりょく	戰力	war potential
5	o	n	前例	ぜんれい	前例	precedent
5	d	n	相応	そうおう	相稱；相應	suitability fitness
5	j	n	総会	そうかい	大會（總會）	general meeting
5	e	n	創刊	そうかん	創刊	launching
5	w	n	雑木	ぞうき	雜木	various kinds small trees
5	d	n	早急	そうきゅう	緊急；盡快	urgent
5	o	n	増強	ぞうきょう	增強	reinforce increase
5	s	n	送金	そうきん	匯款	remittance sending money
5	t	n	走行	そうこう	行駛	running wheeled vehicle
5	o	n	総合	そうごう	綜合	synthesis generalization
5	c	n	捜索	そうさく	搜索	search
5	c	n	蔵相	ぞうしょう	財政部長（舊）	minister finance
5	r	n	装飾	そうしょく	裝飾（正式）	ornament
5	o	n	増進	ぞうしん	增進	promoting increase advance
5	o	n	相対	そうたい	相對	relative
5	d	n	壮大	そうだい	壯大；宏偉	magnificent grand majestic
5	c	n	騒動	そうどう	騷動；暴動	strife riot rebellion
5	c	n	遭難	そうなん	遇難	disaster shipwreck accident
5	s	n	相場	そうば	行情	market price speculation estimation
5	c	n	装備	そうび	裝備	equipment
5	j	n	創立	そうりつ	創立	establishment founding
5	a	v	添える	そえる	附上；增添	add attach accompany
5	o	n	ソース		來源；醬汁	source
5	k	k	即座に	そくざに	立即（當場）	immediately right away
5	o	n	促進	そくしん	促進	promotion acceleration encouragement
5	a	v	即する	そくする	依照；適應	conform agree adapted
5	o	n	束縛	そくばく	束縛	restraint restriction confinement
5	o	n	側面	そくめん	側面	side sidelight lateral
5	a	v	損なう	そこなう	損害（動詞）	harm hurt
5	t	n	そこら		那一帶；到處	everywhere somewhere
5	o	n	素材	そざい	素材	raw materials subject matter
5	o	n	阻止	そし	阻止	obstruction check hindrance
5	c	n	訴訟	そしょう	訴訟	litigation lawsuit
5	p	n	育ち	そだち	成長環境；教養	breeding growth
5	c	n	措置	そち	措施	measure step
5	s	n	ソックス		短襪	socks
5	m	i	素っ気無い	そっけない	冷淡	cold short curt blunt
5	m	n	外方	そっぽ	別過臉去	look other way
5	a	v	備え付ける	そなえつける	配備；安裝	provide equip install
5	a	v	備わる	そなわる	具備（自動）	furnished
5	w	v	聳える	そびえる	聳立	rise tower soar
5	d	n	素朴	そぼく	樸素；純樸	simplicity artlessness naivety
5	a	v	背く	そむく	違背	run against
5	a	v	染まる	そまる	被染上	dyed
5	a	v	染める	そめる	染色	dye color
5	a	v	そらす		移開（視線）；轉移	bend warp
5	r	n	そり		雪橇	sleigh sled
5	k	k	それゆえ		因此（書面）	therefore reason
5	r	n	ソロ		獨奏；獨唱	solo
5	o	n	揃い	そろい	一套；成套	set suit uniform
5	m	n	ぞんざい		草率	rude careless slovenly
5	s	n	損失	そんしつ	損失（正式）	loss
5	o	n	存続	そんぞく	存續	duration continuance
5	n	n	ダース		一打（十二個）	dozen
5	o	n	対応	たいおう	對應	dealing
5	p	n	大家	たいか	名門；大師	rich family distinguished family
5	x	n	退化	たいか	退化	degeneration retrogression
5	k	k	大概	たいがい	大概；大多	general mainly
5	b	n	体格	たいかく	體格（正式）	physique constitution
5	s	n	大金	たいきん	巨款	large amount money
5	j	n	待遇	たいぐう	待遇	treatment reception
5	o	n	対決	たいけつ	對決	confrontation showdown
5	o	n	体験	たいけん	體驗	personal experience
5	o	n	対抗	たいこう	對抗	opposition antagonism
5	a	n	退治	たいじ	消滅；除掉	extermination
5	c	n	大衆	たいしゅう	大眾	general public
5	o	n	対処	たいしょ	處理；應付	deal cope
5	j	n	退職	たいしょく	退休；離職	retirement
5	a	v	題する	だいする	題名	title
5	o	n	態勢	たいせい	陣勢；態勢	attitude conditions tendency
5	c	n	対談	たいだん	對談	talk dialogue
5	m	n	大胆	だいたん	大膽	bold daring audacious
5	d	n	対等	たいとう	對等	equivalent
5	o	n	台無し	だいなし	白費；糟蹋	mess spoiled nothing
5	s	n	滞納	たいのう	滯納；拖欠	non payment default
5	o	n	対比	たいひ	對比	contrast comparison
5	j	n	タイピスト		打字員	typist
5	b	n	大便	だいべん	大便	feces
5	o	n	代弁	だいべん	代言	speak another
5	m	n	待望	たいぼう	期待已久	long expected waiting
5	r	n	台本	だいほん	劇本（台本）	libretto scenario
5	h	n	タイマー		計時器	timer
5	m	n	怠慢	たいまん	怠慢	negligence carelessness
5	o	n	タイミング		時機	timing
5	n	n	タイム		時間（外來語）	time
5	d	n	タイムリー		及時；適時	timely run batted rbi
5	p	n	対面	たいめん	會面；見面	interview meeting
5	o	n	代用	だいよう	代用	substitution
5	b	n	体力	たいりょく	體力	physical strength
5	h	n	タイル		磁磚	tile
5	e	n	対話	たいわ	對話	conversation dialogue
5	m	v	耐える	たえる	忍受	endure put
5	a	v	絶える	たえる	斷絕；滅絕	die become extinct
5	o	n	打開	だかい	打開局面	solution breakthrough
5	r	n	焚火	たきび	篝火	fire
5	o	n	妥協	だきょう	妥協	compromise giving
5	d	i	たくましい		健壯；堅韌	burly strong sturdy
5	d	n	巧み	たくみ	巧妙；技巧	skill cleverness
5	n	n	丈	たけ	長度；身高	length height
5	o	n	打撃	だげき	打擊	blow damage batting
5	j	n	妥結	だけつ	談妥；達成協議	agreement
5	r	n	駄作	ださく	拙劣作品	poor work
5	n	n	足し算	たしざん	加法	addition
5	c	n	多数決	たすうけつ	多數決	majority rule
5	o	n	助け	たすけ	幫助（名詞）	assistance
5	a	v	携わる	たずさわる	從事	engage involve
5	a	v	漂う	ただよう	漂浮；飄盪	drift about float hang
5	a	v	立ち去る	たちさる	離去（立ち去る）	leave depart
5	a	v	立ち寄る	たちよる	順道去	stop drop short visit
5	p	n	抱っこ	だっこ	抱抱	hug
5	d	n	達者	たっしゃ	熟練；健康	skillful good health
5	o	n	脱出	だっしゅつ	逃脫（脫出）	escape
5	a	v	脱する	だっする	脫離	escape get
5	o	n	達成	たっせい	達成	achievement
5	c	n	脱退	だったい	退出（組織）	secession withdrawal
5	k	k	だったら		那樣的話	case
5	s	v	立て替える	たてかえる	代墊	pay advance pay another
5	o	n	建前	たてまえ	場面話；原則	position stance takes public
5	g	v	奉る	たてまつる	奉上；恭敬地做	offer respectfully
5	k	k	だと		如果是那樣	case
5	e	n	他動詞	たどうし	及物動詞	transitive verb
5	a	v	辿り着く	たどりつく	好不容易到達	reach somehow
5	a	v	辿る	たどる	循著；追溯	follow follow
5	a	v	束ねる	たばねる	捆成束；統率	tie bundle control
5	d	n	だぶだぶ		寬鬆	loose baggy
5	k	k	他方	たほう	另一方面（他方）	another side other hand
5	d	n	多忙	たぼう	繁忙	busy
5	c	n	魂	たましい	靈魂	soul spirit
5	o	n	溜まり	たまり	積存處；聚集處	collected things gathering place
5	g	v	賜る	たまわる	蒙賜；賜予	grant bestow
5	a	v	保つ	たもつ	保持	keep preserve sustain
5	d	i	たやすい		容易（たやすい）	easy simple light
5	d	n	多様	たよう	多樣	diversity variety
5	b	i	だるい		倦怠；無力	sluggish feel heavy languid
5	o	n	弛み	たるみ	鬆弛（名詞）	slack slackening
5	a	v	弛む	たるむ	鬆弛	slacken loosen relax
5	a	v	垂れる	たれる	垂下；滴	hang droop drip
5	r	n	タレント		藝人	talent star personality
5	t	n	タワー		塔（外來語）	tower
5	d	n	単一	たんいつ	單一	single simple sole
5	e	n	短歌	たんか	短歌	syllable japanese poem
5	b	n	担架	たんか	擔架	stretcher litter
5	m	n	短気	たんき	急性子	quick temper
5	c	n	団結	だんけつ	團結	unity union solidarity
5	r	n	探検	たんけん	探險	exploration expedition
5	o	n	断言	だんげん	斷言	assertion declaration affirmation
5	o	n	短縮	たんしゅく	縮短（名詞）	shortening abbreviation reduction
5	k	k	断然	だんぜん	斷然	firmly absolutely definitely
5	x	n	炭素	たんそ	碳	carbon
5	e	n	短大	たんだい	二專；短期大學	junior college
5	d	n	単調	たんちょう	單調	monotony monotone dullness
5	d	n	単独	たんどく	單獨	sole single
5	p	n	旦那	だんな	老公；老爺	master husband
5	x	n	短波	たんぱ	短波	short wave
5	f	n	蛋白質	たんぱくしつ	蛋白質	protein
5	t	n	ダンプ		傾卸車	dump truck
5	x	n	断面	だんめん	斷面	cross section
5	x	n	弾力	だんりょく	彈性	elasticity flexibility
5	c	n	治安	ちあん	治安	public order security
5	j	n	チームワーク		團隊合作	teamwork
5	o	n	チェンジ		變更；交換	change
5	a	v	違える	ちがえる	弄錯；改變	change
5	x	n	畜産	ちくさん	畜產	animal husbandry
5	g	g	畜生	ちくしょう	畜生；可惡	beast brute damn
5	o	n	蓄積	ちくせき	累積（名詞）	accumulation accumulate store
5	w	n	地形	ちけい	地形	landform geographical features topography
5	m	n	知性	ちせい	智性；理智	intelligence
5	b	n	乳	ちち	乳；乳房	milk breast loop
5	a	v	縮まる	ちぢまる	縮短（自動）	shortened contracted shrink
5	c	n	秩序	ちつじょ	秩序	order regularity
5	b	n	窒息	ちっそく	窒息	suffocation
5	d	n	知的	ちてき	知性的	intellectual
5	o	n	着手	ちゃくしゅ	著手	embarkation launch
5	r	n	着色	ちゃくしょく	著色	coloring coloring
5	o	n	着席	ちゃくせき	就座	sit down seat
5	o	n	着目	ちゃくもく	著眼	attention
5	t	n	着陸	ちゃくりく	著陸	landing touch down
5	x	n	着工	ちゃっこう	動工	start work
5	h	n	茶の間	ちゃのま	起居室（日式）	living room
5	r	n	茶の湯	ちゃのゆ	茶道	tea ceremony
5	p	n	ちやほや		溺愛；奉承	pamper fuss spoil
5	r	n	チャンネル		頻道	channel
5	r	n	宙返り	ちゅうがえり	翻筋斗	somersault looping loop
5	r	n	中継	ちゅうけい	轉播；中繼	relay hook
5	o	n	忠告	ちゅうこく	忠告	advice warning
5	c	n	中傷	ちゅうしょう	中傷	slander libel defamation
5	o	n	中枢	ちゅうすう	中樞	center mainstay nucleus
5	r	n	抽選	ちゅうせん	抽獎	lottery raffle drawing
5	o	n	中断	ちゅうだん	中斷	interruption suspension break
5	b	n	中毒	ちゅうどく	中毒	poisoning
5	c	n	中立	ちゅうりつ	中立	neutrality
5	x	n	中和	ちゅうわ	中和	neutralize counteract
5	e	n	著	ちょ	～著	
5	b	n	腸	ちょう	腸	bowels intestines
5	w	n	蝶	ちょう	蝴蝶	butterfly
5	k	k	超	ちょう	超～	super ultra hyper
5	c	n	調印	ちょういん	簽署（條約）	signature sign sealing
5	b	n	聴覚	ちょうかく	聽覺	sense hearing
5	c	n	長官	ちょうかん	長官	chief secretary
5	e	n	聴講	ちょうこう	旁聽	lecture attendance auditing
5	c	n	徴収	ちょうしゅう	徵收	collection levy
5	b	n	聴診器	ちょうしんき	聽診器	stethoscope
5	c	n	調停	ちょうてい	調停	arbitration conciliation mediation
5	o	n	重複	ちょうふく	重複	duplication repetition overlapping redundancy
5	r	n	長編	ちょうへん	長篇	long
5	d	n	重宝	ちょうほう	便利好用	convenient useful
5	f	n	調理	ちょうり	烹調	cooking
5	o	n	調和	ちょうわ	調和	harmony
5	k	k	ちょくちょく		時常	often frequently now then
5	o	n	直面	ちょくめん	面對；直面	confrontation
5	e	n	著書	ちょしょ	著作	literary work book
5	s	n	貯蓄	ちょちく	儲蓄（名詞）	savings
5	m	n	直感	ちょっかん	直覺（名詞）	intuition instinct
5	k	k	ちらっと		瞥一眼	glance accident
5	h	n	塵	ちり	塵埃	dust dirt
5	h	n	塵取り	ちりとり	畚箕	dustpan
5	j	n	賃金	ちんぎん	工資	wages
5	x	n	沈殿	ちんでん	沉澱	precipitation deposition settlement
5	t	n	沈没	ちんぼつ	沉沒	sinking foundering
5	o	n	沈黙	ちんもく	沉默	silence reticence
5	s	n	陳列	ちんれつ	陳列	exhibition display show
5	c	n	追及	ついきゅう	追究	investigation inquiry
5	c	n	追跡	ついせき	追蹤	pursuit
5	c	n	追放	ついほう	驅逐	exile banishment
5	a	v	費やす	ついやす	花費；耗費	spend devote waste
5	t	n	墜落	ついらく	墜落	falling crashing
5	m	n	痛感	つうかん	深切感到	feeling keenly fully realizing
5	k	k	通常	つうじょう	通常	common normal usual
5	m	n	痛切	つうせつ	痛切	keen deep
5	h	n	杖	つえ	拐杖	cane
5	o	n	使い道	つかいみち	用途；用法	
5	a	v	仕える	つかえる	侍奉；服務	serve work
5	a	v	司る	つかさどる	掌管	rule govern administer
5	n	n	つかの間	つかのま	轉瞬間	moment brief time
5	d	n	月並	つきなみ	陳腐；平凡	conventional trite common
5	o	n	継ぎ目	つぎめ	接縫	joint seam
5	a	v	尽きる	つきる	用盡	run
5	a	v	尽くす	つくす	竭盡；效力	exhaust run devote serve
5	k	k	つくづく		深切地；仔細地	completely really
5	o	n	作り	つくり	構造；做法	structure physique
5	a	v	繕う	つくろう	縫補；修飾	mend repair
5	a	v	付け加える	つけくわえる	補充；附加	add thing another
5	a	v	告げる	つげる	告知	inform
5	o	n	つじつま		條理；前後一致	coherence consistency
5	h	n	筒	つつ	筒；管	pipe tube
5	a	v	突く	つつく	戳；啄	thrust strike attack poke
5	a	v	突っ突く	つっつく	戳；慫恿	prompt
5	m	v	謹む	つつしむ	謹慎；節制	careful chaste discreet
5	a	v	突っ張る	つっぱる	撐住；逞強	support become stiff thrust
5	a	n	務まる	つとまる	勝任	equal fit
5	j	n	勤め先	つとめさき	工作地點	place work
5	k	k	努めて	つとめて	盡量；努力	effort work hard
5	w	n	津波	つなみ	海嘯	tsunami tidal wave
5	a	v	つねる		捏；掐	pinch
5	w	n	角	つの	角（動物）	horn
5	a	v	募る	つのる	招募；越發強烈	invite solicit help participation
5	b	n	唾	つば	口水	saliva spit sputum
5	a	v	呟く	つぶやく	嘀咕	mutter murmur
5	d	n	つぶら		圓溜溜	round rotund
5	a	v	つぶる		閉（眼）	close eyes
5	h	n	壷	つぼ	壺；罐	jar pot vase
5	w	n	蕾	つぼみ	花苞	bud flower bud
5	a	v	連なる	つらなる	連成一排	extend stretch stand row
5	a	v	貫く	つらぬく	貫穿；貫徹	through
5	a	v	連ねる	つらねる	連接；排列	link join put together
5	r	n	釣り鐘	つりがね	吊鐘	temple bell
5	t	n	吊り革	つりかわ	吊環（電車）	strap
5	j	n	手当	てあて	津貼；治療	allowance compensation treatment
5	e	n	定義	ていぎ	定義	definition
5	o	n	提供	ていきょう	提供	offer program sponsoring
5	j	n	提携	ていけい	合作；提攜	cooperation tie joint business
5	o	n	体裁	ていさい	體面；外表	decency style appearance
5	o	n	提示	ていじ	出示；提示	presentation exhibit suggest citation
5	h	n	ティシュペーパー		面紙	tissue
5	f	n	定食	ていしょく	套餐	fixed price lunch set
5	e	n	訂正	ていせい	訂正	correction revision
5	o	n	停滞	ていたい	停滯	stagnation tie congestion retention
5	h	n	邸宅	ていたく	宅邸	mansion residence
5	j	n	定年	ていねん	退休年齡	retirement age
5	b	n	手遅れ	ておくれ	為時已晚	belated treatment
5	d	i	でかい		大（口語）	huge
5	o	n	手掛かり	てがかり	線索	hint clue key
5	a	v	手掛ける	てがける	親手處理	handle manage work
5	d	n	手軽	てがる	輕便；簡單	easy simple cheap
5	o	n	適応	てきおう	適應	adaptation accommodation conformity
5	d	n	適宜	てきぎ	適當；酌情	suitability
5	o	n	適性	てきせい	適性	aptitude
5	b	n	できもの		膿包；疹子	boil rash
5	o	n	手際	てぎわ	手腕；本領	performance skill tact
5	a	v	出くわす	でくわす	偶然遇到	happen meet come across
5	o	n	手順	てじゅん	程序；步驟	process procedure protocol
5	c	n	手錠	てじょう	手銬	handcuffs manacles
5	o	n	手数	てすう	麻煩；手續	trouble labor handling
5	t	n	手近	てぢか	手邊；淺近	near handy familiar
5	k	k	てっきり		一定以為	surely certainly beyond doubt
5	x	n	鉄鋼	てっこう	鋼鐵	iron steel
5	r	n	デッサン		素描	rough sketch
5	a	v	徹する	てっする	徹底貫徹	devote oneself believe
5	t	n	てっぺん		頂端	top summit apex
5	r	n	鉄棒	てつぼう	鐵棒；單槓	iron rod crowbar horizontal
5	o	n	出直し	でなおし	重新開始	adjustment touch
5	b	n	掌	てのひら	手掌	palm
5	j	n	手配	てはい	安排；通緝	arrangement search
5	o	n	手筈	てはず	步驟；計畫	arrangement plan program
5	e	n	手引き	てびき	指南；引導	guidance guide introduction
5	e	n	手本	てほん	範本	model pattern
5	o	n	手回し	てまわし	事先準備	preparations arrangements
5	t	n	手元	てもと	手頭；身邊	hand home purse usual
5	a	v	照り返す	てりかえす	反射（光）	reflect throw back light
5	x	n	テレックス		電傳	telex teletypewriter exchange
5	j	n	手分け	てわけ	分工	division labor
5	w	n	天	てん	天；天空	heaven sky
5	w	n	田園	でんえん	田園	country rural districts
5	c	n	天下	てんか	天下	world whole country
5	o	n	転回	てんかい	旋轉；迴轉	revolution rotation
5	n	n	連休	れんきゅう	連假	consecutive holidays
5	h	n	レンジ		微波爐；範圍	range stove
5	n	n	連日	れんじつ	連日	every day
5	c	n	連帯	れんたい	連帶；團結	solidarity
5	t	n	レンタカー		租車	rented car
5	p	n	連中	れんちゅう	一夥人	colleagues company lot
5	b	n	レントゲン		X光	ray
5	c	n	連邦	れんぽう	聯邦	commonwealth federation states
5	c	n	連盟	れんめい	聯盟	league union alliance
5	b	n	老衰	ろうすい	衰老	senility senile decay
5	e	n	朗読	ろうどく	朗讀	reading aloud recitation
5	s	n	浪費	ろうひ	浪費（名詞）	waste extravagance
5	j	n	労力	ろうりょく	勞力	labor effort trouble
5	t	n	ロープウエイ		空中纜車	ropeway aerial tram
5	h	n	ロープ		繩索	rope
5	k	k	ろくな		像樣的（後接否定）	satisfactory decent
5	d	n	露骨	ろこつ	露骨	blunt outspoken conspicuous broad
5	m	n	ロマンチック		浪漫	romantic
5	e	n	論議	ろんぎ	議論；討論	discussion
5	e	n	論理	ろんり	邏輯	logic
5	w	n	惑星	わくせい	行星	planet
5	r	n	技	わざ	技巧；招式	art technique
5	k	k	わざわざ		特地	take trouble doing especially
5	d	i	煩わしい	わずらわしい	麻煩；繁瑣	burdensome troublesome complicated
5	w	n	渡り鳥	わたりどり	候鳥	migratory bird bird passage
5	n	n	ワット		瓦特	watt
5	g	g	詫び	わび	道歉（名詞）	apology
5	e	n	和文	わぶん	日文文章	japanese text sentence japanese
5	w	n	藁	わら	稻草	straw
5	n	n	割	わり	～成（比例）	percent
5	o	n	割当	わりあて	分配額	allotment allocation quota
5	a	v	割り込む	わりこむ	插隊；插嘴	cut disturb
5	p	n	悪者	わるもの	壞人	bad fellow rascal
5	p	n	我	われ	自己；我	oneself self ego
5	a	v	捗る	はかどる	進展順利	progress move right ahead
5	m	i	はかない		虛幻；短暫	short lived momentary ephemeral
5	d	i	ばかばかしい		愚蠢至極	stupid
5	c	n	破棄	はき	撕毀；廢除	revocation annulment breaking
5	a	v	剥ぐ	はぐ	剝；扒	tear peel rip
5	c	n	迫害	はくがい	迫害	persecution
5	d	n	薄弱	はくじゃく	薄弱	feebleness weakness weak
5	c	n	白状	はくじょう	招供	confession
5	d	n	漠然	ばくぜん	模糊；漠然	obscure vague equivocal
5	c	n	爆弾	ばくだん	炸彈	bomb
5	c	n	爆破	ばくは	爆破	blast explosion blow
5	c	n	暴露	ばくろ	揭發；暴露	disclosure exposure revelation
5	p	v	励ます	はげます	鼓勵	encourage cheer raise
5	a	v	励む	はげむ	努力；勤奮	zealous effort
5	a	v	剥げる	はげる	剝落；褪色	come worn fade discolor
5	a	v	化ける	ばける	化身；變成	disguise take
5	j	n	派遣	はけん	派遣	dispatch send
5	m	n	恥	はじ	恥辱	shame embarrassment
5	a	v	弾く	はじく	彈開；排斥	play
5	m	v	恥じらう	はじらう	害羞（はじらう）	feel shy bashful blush
5	m	v	恥じる	はじる	感到羞恥	feel ashamed
5	p	n	橋渡し	はしわたし	搭橋；仲介	bridge building mediation
5	a	v	弾む	はずむ	彈起；起勁	bounce encouraged splurge
5	o	n	破損	はそん	破損	damage
5	a	v	叩く	はたく	拍打（灰塵）	strike clap dust beat
5	b	n	裸足	はだし	赤腳	barefoot
5	a	v	果たす	はたす	完成；實現	accomplish fulfill carry achieve
5	f	n	蜂蜜	はちみつ	蜂蜜	honey
5	r	n	パチンコ		柏青哥	pachinko
5	c	n	罰	ばつ	懲罰	punishment penalty
5	b	n	発育	はついく	發育	growth development
5	w	n	発芽	はつが	發芽	germination
5	o	n	発掘	はっくつ	發掘	excavation exhumation discovery
5	e	n	発言	はつげん	發言	utterance speech proposal
5	s	n	バッジ		徽章	badge
5	o	n	発生	はっせい	發生（名詞）	outbreak spring forth occurrence
5	a	v	仕立てる	したてる	縫製；培養	tailor prepare
5	s	n	下取り	したどり	以舊換新	trade part exchange
5	o	n	下火	したび	火勢減弱；衰退	burning low waning declining
5	h	n	実家	じっか	娘家；老家	home
5	o	n	失格	しっかく	失去資格	disqualification elimination incapacity
5	c	n	質疑	しつぎ	質詢	question
5	c	n	失脚	しっきゃく	下台；失勢	losing standing overthrown falling
5	j	n	実業家	じつぎょうか	實業家	industrialist businessman
5	d	n	シック		時髦；別緻	chic
5	k	k	じっくり		仔細地；慢慢地	deliberately carefully
5	p	n	躾	しつけ	教養；管教	discipline training
5	p	v	躾ける	しつける	管教（動詞）	discipline teach manners
5	o	n	実践	じっせん	實踐	practice put practice
5	d	n	質素	しっそ	簡樸；樸素（質素）	simplicity modesty frugality
5	o	n	実態	じったい	實際狀況	truth fact
5	b	n	失調	しっちょう	失調	lack harmony imbalance
5	m	n	嫉妬	しっと	嫉妒（名詞）	jealousy
5	s	n	実費	じっぴ	實際費用	actual expense cost price
5	o	n	指摘	してき	指出	pointing identification
5	w	n	自転	じてん	自轉	rotation spin
5	e	n	助動詞	じょどうし	助動詞	auxiliary verb
5	m	n	淑やか	しとやか	端莊	graceful
5	w	v	萎びる	しなびる	枯萎（萎びる）	shrivel fade
5	r	n	シナリオ		劇本（外來語）	scenario
5	d	n	しなやか		柔軟有彈性	supple flexible elastic
5	b	n	屎尿	しにょう	屎尿	human waste
5	s	n	地主	じぬし	地主	landlord
5	a	v	凌ぐ	しのぐ	勝過；忍受	outdo surpass endure
5	w	n	芝	しば	草皮	lawn
5	t	n	始発	しはつ	首班車	first train
5	b	n	耳鼻科	じびか	耳鼻喉科	otolaryngology
5	o	n	私物	しぶつ	私人物品	private property personal effects
5	m	i	しぶとい		頑強；倔強	tenacious stubborn
5	c	n	司法	しほう	司法	administration justice
5	o	n	始末	しまつ	收拾；處理	disposal cleaning afterwards
5	a	v	染みる	しみる	滲入；刺痛	soak pierce
5	o	n	使命	しめい	使命	mission errand message
5	t	n	地元	じもと	當地；本地	local
5	o	n	視野	しや	視野	field vision outlook
5	p	n	社交	しゃこう	社交	social life
5	r	n	ジャズ		爵士樂	jazz
5	o	n	謝絶	しゃぜつ	謝絕	refusal
5	h	n	社宅	しゃたく	公司宿舍	company owned house
5	k	k	若干	じゃっかん	若干	some few number
5	r	n	三味線	しゃみせん	三味線	three stringed japanese guitar
5	w	n	斜面	しゃめん	斜坡	slope slanting surface bevel
5	w	n	砂利	じゃり	碎石	gravel ballast pebbles
5	s	v	洒落る	しゃれる	打扮時髦；說俏皮話	joke play words stylish
5	s	n	ジャンパー		夾克	jacket jumper
5	r	n	ジャンプ		跳躍	jump
5	d	n	ジャンボ		巨無霸	jumbo
5	r	n	ジャンル		類型（文藝）	genre
5	o	n	種	しゅ	種類；種子	seed variety
5	c	n	私有	しゆう	私有	private ownership
5	c	n	宗	しゅう	宗派	sect
5	j	n	収益	しゅうえき	收益	earnings proceeds returns
5	e	n	修学	しゅうがく	修業；學習	learning
5	c	n	衆議院	しゅうぎいん	眾議院	lower house house representatives
5	j	n	就業	しゅうぎょう	就業（上工）	employment starting work
5	j	n	従業員	じゅうぎょういん	從業人員	employee worker
5	n	n	集計	しゅうけい	統計；合計	totalization aggregate
5	c	n	襲撃	しゅうげき	襲擊（正式）	attack charge raid
5	s	n	収支	しゅうし	收支	income expenditure
5	k	k	終始	しゅうし	始終如一	beginning end consistent
5	e	n	修士	しゅうし	碩士	masters degree program
5	j	n	従事	じゅうじ	從事（名詞）	engaging pursuing following
5	n	n	終日	しゅうじつ	整天	all day
5	o	n	充実	じゅうじつ	充實	fullness perfection
5	o	n	収集	しゅうしゅう	收集（蒐集）	gathering collection
5	t	n	十字路	じゅうじろ	十字路口（正式）	crossroads
5	m	n	執着	しゅうちゃく	執著	attachment adhesion tenacity
5	d	n	柔軟	じゅうなん	柔軟；靈活	flexible
5	o	n	収容	しゅうよう	收容	accommodation seating custody
5	n	n	従来	じゅうらい	以往；傳統	now far traditional
5	j	n	守衛	しゅえい	警衛（門衛）	security guard doorkeeper
5	r	n	主演	しゅえん	主演	starring playing leading part
5	o	n	主観	しゅかん	主觀	subjectivity subject ego
5	c	n	修行	しゅぎょう	修行	pursuit knowledge training ascetic
5	e	n	塾	じゅく	補習班	after school school
5	r	n	祝賀	しゅくが	祝賀（正式）	celebration congratulations
5	o	n	宿命	しゅくめい	宿命	fate destiny predestination
5	r	n	手芸	しゅげい	手工藝	handicrafts
5	c	n	主権	しゅけん	主權	sovereignty
5	r	n	主催	しゅさい	主辦	organization sponsorship host
5	c	n	取材	しゅざい	採訪	coverage collecting data
5	o	n	趣旨	しゅし	宗旨；要旨	object meaning
5	f	n	主食	しゅしょく	主食	staple food
5	r	n	主人公	しゅじんこう	主角（主人公）	protagonist
5	o	n	主体	しゅたい	主體	subject main constituent
5	e	n	主題	しゅだい	主題（正式）	subject theme motif
5	r	n	出演	しゅつえん	演出（出場）	leading performer stage appearance
5	b	n	出血	しゅっけつ	出血	bleeding
5	o	n	出現	しゅつげん	出現（名詞）	appearance arrival
5	b	n	出産	しゅっさん	分娩	childbirth
5	j	n	出社	しゅっしゃ	到公司上班	come work
5	p	n	出生	しゅっしょう	出生（正式）	birth
5	n	n	微量	びりょう	微量	minuscule amount extremely small
5	f	n	昼飯	ひるめし	午飯（男性用語）	lunch
5	n	n	比例	ひれい	比例	proportion
5	b	n	疲労	ひろう	疲勞（正式）	fatigue weariness
5	m	n	敏感	びんかん	敏感	sensibility susceptibility sensitive
5	c	n	貧困	ひんこん	貧困	poverty lack
5	j	n	品質	ひんしつ	品質	quality
5	d	n	貧弱	ひんじゃく	貧乏；寒酸	poor meager insubstantial
5	w	n	品種	ひんしゅ	品種	breed type variety
5	o	n	ヒント		提示	hint
5	d	n	頻繁	ひんぱん	頻繁	frequency
5	s	n	貧乏	びんぼう	貧窮（名詞）	poverty destitute poor
5	m	n	ファイト		鬥志；加油	fight
5	x	n	ファイル		檔案；文件夾	file portfolio
5	r	n	ファン		粉絲；風扇	fan
5	k	k	不意	ふい	突然；冷不防	sudden abrupt unexpected
5	x	n	フィルタ		濾網	filter
5	h	n	封	ふう	封口；封	seal
5	c	n	封鎖	ふうさ	封鎖	blockade freezing
5	w	n	風車	ふうしゃ	風車	windmill
5	c	n	風習	ふうしゅう	風俗習慣	custom
5	c	n	風俗	ふうぞく	風俗；色情業	manners customs sex industry
5	s	n	ブーツ		靴子	boots
5	w	n	風土	ふうど	風土	natural features climate
5	c	n	ブーム		熱潮	boom
5	o	n	フォーム		形式；姿勢	foam
5	j	n	部下	ぶか	部下	subordinate
5	d	n	不可欠	ふかけつ	不可或缺	indispensable essential
5	d	n	ぶかぶか		過大；鬆垮	too big baggy
5	d	n	不吉	ふきつ	不吉利	ominous sinister bad luck
5	c	n	不況	ふきょう	不景氣	recession depression slump
5	h	n	布巾	ふきん	抹布（擦碗）	dish cloth
5	o	n	複合	ふくごう	複合	composite complex
5	c	n	福祉	ふくし	福利	welfare well
5	c	n	覆面	ふくめん	蒙面	mask veil disguise
5	a	v	膨れる	ふくれる	鼓起；嘟嘴	swell inflated bulge
5	a	v	耽る	ふける	沉迷	indulge give oneself absorbed
5	b	v	老ける	ふける	變老（老ける）	age
5	s	n	富豪	ふごう	富豪	wealthy person millionaire
5	c	n	布告	ふこく	公告；宣布	edict ordinance proclamation
5	h	n	ブザー		蜂鳴器	buzzer
5	s	n	負債	ふさい	負債	debt liabilities
5	o	n	不在	ふざい	不在	absence
5	d	i	ふさわしい		相稱；合適	appropriate
5	d	n	不順	ふじゅん	不順；失調	irregularity unseasonableness
5	b	n	負傷	ふしょう	負傷	injury wound
5	c	n	侮辱	ぶじょく	侮辱	insult contempt slight
5	m	n	不審	ふしん	可疑；疑惑	suspicious doubt infidelity
5	o	n	不振	ふしん	不振	dullness slump stagnation
5	c	n	武装	ぶそう	武裝	arms armament armed
5	o	n	札	ふだ	牌子；護身符	token label ticket card
5	o	n	負担	ふたん	負擔	burden load
5	o	n	不調	ふちょう	狀況不佳	bad condition disorder slump
5	o	n	復活	ふっかつ	復活（名詞）	revival restoration
5	c	n	物議	ぶつぎ	爭議；物議	public discussion
5	o	n	復旧	ふっきゅう	修復；恢復原狀	restoration restitution rehabilitation
5	c	n	復興	ふっこう	復興	revival renaissance reconstruction
5	j	n	物資	ぶっし	物資	goods materials
5	r	n	仏像	ぶつぞう	佛像	buddhist image
5	x	n	物体	ぶったい	物體	object
5	x	n	沸騰	ふっとう	沸騰（名詞）	boiling seething
5	d	n	不当	ふとう	不當	injustice impropriety unfair
5	s	n	不動産	ふどうさん	不動產	real estate
5	d	n	無難	ぶなん	無災無難；保險	safety security
5	j	n	赴任	ふにん	赴任	new appointment
5	c	n	腐敗	ふはい	腐敗	decay depravity
5	o	n	不評	ふひょう	風評不佳	bad reputation disgrace unpopularity
5	m	n	不服	ふふく	不服	dissatisfaction discontent disapproval
5	o	n	普遍	ふへん	普遍	universality ubiquity omnipresence
5	a	v	踏まえる	ふまえる	根據；踏著	based have origin
5	a	v	踏み込む	ふみこむ	踏入；闖入	step else territory break
5	d	n	不明	ふめい	不明	unknown ambiguous
5	j	n	部門	ぶもん	部門	class group category department
5	p	n	扶養	ふよう	撫養	support maintenance
5	k	k	ふらふら		搖搖晃晃	unsteady feet totter dizzy
5	k	k	ぶらぶら		閒晃；搖晃	dangle heavily sway fro
5	a	v	振り返る	ふりかえる	回頭；回顧	turn head turn around
5	o	n	振り出し	ふりだし	起點；開出（票據）	outset starting point drawing
5	o	n	不良	ふりょう	不良	badness delinquent failure
5	x	n	浮力	ふりょく	浮力	buoyancy
5	c	n	武力	ぶりょく	武力	armed might military power
5	a	v	震わせる	ふるわせる	使顫抖	shaking trembling
5	m	n	無礼	ぶれい	無禮	impolite rude
5	e	n	付録	ふろく	附錄	appendix supplement
5	t	n	フロント		櫃台；前方	front
5	m	n	憤慨	ふんがい	憤慨	indignation resentment
5	r	n	文化財	ぶんかざい	文化財	cultural assets cultural property
5	j	n	分業	ぶんぎょう	分工（分業）	division labor specialization assembly
5	e	n	文語	ぶんご	文言	language literary language
5	o	n	分散	ぶんさん	分散	dispersion decentralization variance
5	x	n	分子	ぶんし	分子	numerator molecule
5	o	n	紛失	ふんしつ	遺失（紛失）	losing
5	o	n	噴出	ふんしゅつ	噴出	spewing gushing spouting
5	j	n	文書	ぶんしょ	文書	document writing
5	c	n	紛争	ふんそう	紛爭	dispute trouble strife
5	d	n	ふんだん		大量；充足	plentiful abundant lavish
5	o	n	分担	ぶんたん	分擔	apportionment sharing
5	o	n	奮闘	ふんとう	奮鬥	hard struggle strenuous effort
5	o	n	分配	ぶんぱい	分配（名詞）	division sharing
5	n	n	分母	ぶんぼ	分母	denominator
5	x	n	粉末	ふんまつ	粉末	fine powder
5	o	n	分離	ぶんり	分離	separation detachment segregation
5	o	n	分裂	ぶんれつ	分裂	split division break
5	n	n	ペア		一對；成對	pair pear
5	c	n	兵器	へいき	兵器	arms weapons ordinance
5	m	n	閉口	へいこう	受不了；閉口	shut mouth
5	o	n	閉鎖	へいさ	封閉；關閉	closing closure shutdown
5	n	n	平常	へいじょう	平常（正式）	normal usual
5	n	n	平方	へいほう	平方	square
5	o	n	並列	へいれつ	並列	arrangement parallel abreast
5	o	n	ベース		基礎；貝斯	base bass
5	m	n	辟易	へきえき	束手無策；畏縮	wince shrink back succumbing
5	k	k	ぺこぺこ		點頭哈腰；肚子餓	fawn hungry
5	o	n	ベスト		最佳；背心	best vest
5	e	n	ベストセラー		暢銷書	best seller
5	a	v	隔たる	へだたる	相隔	distant
5	m	v	へりくだる		謙遜（動詞）	deprecate oneself praise listener
5	o	n	弁解	べんかい	辯解	explanation justification excuse
5	c	n	変革	へんかく	變革	change reform reformation
5	c	n	返還	へんかん	歸還	return restoration
5	o	n	便宜	べんぎ	便利；方便	convenience accommodation
5	m	n	偏見	へんけん	偏見	prejudice narrow view
5	c	n	弁護	べんご	辯護	defense pleading advocacy
5	s	n	返済	へんさい	償還	repayment
5	s	n	弁償	べんしょう	賠償（弁償）	compensation reparation reimbursement
5	o	n	変遷	へんせん	變遷	change transition vicissitudes
5	o	n	返答	へんとう	回答（返答）	reply
5	o	n	変動	へんどう	變動	change fluctuation
5	w	n	穂	ほ	稻穗	ear head
5	p	n	保育	ほいく	保育	nursing nurturing rearing
5	c	n	ボイコット		抵制	boycott
5	o	n	ポイント		要點；點數	point
5	c	n	法案	ほうあん	法案	bill
5	c	n	防衛	ぼうえい	防衛	defense protection self defense
5	c	n	防火	ぼうか	防火	fire prevention fire fighting
5	o	n	崩壊	ほうかい	崩潰	collapse decay crumbling
5	o	n	妨害	ぼうがい	妨害	disturbance obstruction interference
5	e	n	法学	ほうがく	法學	law jurisprudence
5	c	n	封建	ほうけん	封建	feudalistic
5	w	n	豊作	ほうさく	豐收	abundant harvest bumper crop
5	o	n	方策	ほうさく	方策	plan policy
5	o	n	奉仕	ほうし	奉獻；服務	attendance service
5	o	n	方式	ほうしき	方式	method system
5	x	n	放射	ほうしゃ	放射	radiation emission
5	x	n	放射能	ほうしゃのう	放射能	radioactivity
5	j	n	報酬	ほうしゅう	報酬	remuneration recompense reward
5	o	n	放出	ほうしゅつ	釋放；排放	release emit
5	a	v	報じる	ほうじる	報導（動詞）	inform report
5	x	n	紡績	ぼうせき	紡織	spinning
5	m	n	呆然	ぼうぜん	茫然	dumbfounded overcome surprise
5	o	n	放置	ほうち	放置不管	leave leave alone neglect
5	x	n	膨張	ぼうちょう	膨脹（名詞）	expansion swelling increase
5	c	n	法廷	ほうてい	法庭	courtroom
5	c	n	報道	ほうどう	報導	coverage report
5	o	n	冒頭	ぼうとう	開頭；開場	beginning start outset
5	c	n	暴動	ぼうどう	暴動	insurrection riot uprising
5	o	n	褒美	ほうび	獎賞	reward prize
5	w	n	暴風	ぼうふう	暴風	storm windstorm gale
5	a	v	葬る	ほうむる	埋葬	bury entomb
5	a	v	放り込む	ほうりこむ	扔進	throw
5	a	v	放り出す	ほうりだす	扔出；放棄	throw give abandon
5	c	n	暴力	ぼうりょく	暴力	violence
5	x	n	飽和	ほうわ	飽和	saturation
5	h	n	ホース		水管	hose
5	o	n	ポーズ		姿勢；暫停	pause
5	t	n	ホール		大廳；洞	hall hole
5	h	n	保温	ほおん	保溫	retaining warmth keeping heat
5	o	n	捕獲	ほかく	捕獲	capture seizure
5	o	n	保管	ほかん	保管	custody safekeeping storage
5	o	n	補給	ほきゅう	補給	supply supplying replenishment
5	o	n	補強	ほきょう	補強	reinforcement
5	c	n	募金	ぼきん	募款	fund raising collection funds
5	c	n	牧師	ぼくし	牧師	pastor minister clergyman
5	x	n	捕鯨	ほげい	捕鯨	whaling
5	b	v	惚ける	ぼける	老糊塗；模糊	grow senile fade
5	s	n	保険	ほけん	保險	insurance guarantee
5	e	n	母校	ぼこう	母校	alma mater
5	c	n	母国	ぼこく	祖國	home country
5	m	v	誇る	ほこる	誇耀	boast proud
5	a	v	綻びる	ほころびる	綻開；綻線	come apart seams smile
5	f	n	干し	ほし	～乾（曬乾的）	dried
5	o	n	ポジション		位置；職位	position
5	h	n	干し物	ほしもの	曬的衣物	dried washing clothes
5	o	n	保守	ほしゅ	保守；維護	conservative maintaining
5	o	n	補充	ほじゅう	補充（補足人員等）	supplementation replenishment replenishing
5	o	n	補助	ほじょ	補助	assistance support auxiliary
5	x	n	舗装	ほそう	鋪路	pavement road surface
5	o	n	補足	ほそく	補充（說明）	supplement complement
5	r	n	墓地	ぼち	墓地	cemetery graveyard
5	b	n	発作	ほっさ	發作	fit attack
5	c	n	没収	ぼっしゅう	沒收	forfeited
5	o	n	発足	ほっそく	成立；開始	starting inauguration
5	h	n	ポット		熱水瓶；壺	pot
5	k	k	ぼつぼつ		漸漸地；點點	gradually here there spots
5	o	n	没落	ぼつらく	沒落	ruin fall collapse
5	a	v	解ける	ほどける	鬆開（結）	come untied come apart
5	a	v	施す	ほどこす	施予；實施	give conduct perform
5	w	n	ほとり		水邊；畔	vicinity lake river
5	m	v	ぼやく		發牢騷	grumble complain
5	a	v	ぼやける		變模糊	become dim become blurred
5	b	n	保養	ほよう	療養；保養	health preservation recuperation recreation
5	c	n	捕虜	ほりょ	俘虜	prisoner war
5	x	n	ボルト		伏特；螺栓	volt bolt
5	a	v	滅びる	ほろびる	滅亡	ruined perish destroyed
5	a	v	滅ぼす	ほろぼす	消滅（他動）	destroy overthrow ruin
5	d	n	本格	ほんかく	正式；正規	propriety full scale
5	t	n	本館	ほんかん	本館	main building
5	m	n	本気	ほんき	認真；當真	seriousness truth sanctity
5	c	n	本国	ほんごく	本國	own country
5	o	n	本質	ほんしつ	本質	essence true nature reality
5	o	n	本体	ほんたい	主體；本體	substance body trunk
5	m	n	本音	ほんね	真心話	real intention motive
5	o	n	本能	ほんのう	本能	instinct
5	t	n	本場	ほんば	發源地；正宗	home best place genuine
5	x	n	ポンプ		幫浦	pump
5	e	n	本文	ほんぶん	正文	text body
5	p	n	本名	ほんみょう	本名	real name
5	k	k	マイ		我的～；自己的～	own
5	o	n	埋蔵	まいぞう	埋藏	buried property treasure trove
5	a	v	舞う	まう	飛舞	dance flutter about revolve
5	t	n	真上	まうえ	正上方	just above right overhead
5	s	n	前売	まえうり	預售	advance sale booking
5	e	n	前置き	まえおき	開場白；前言	preface introduction
5	a	v	負かす	まかす	打敗	defeat
5	a	v	賄う	まかなう	供給；籌措	give board provide meals
5	d	i	紛らわしい	まぎらわしい	容易混淆	confusing misleading ambiguous
5	a	v	紛れる	まぎれる	混入；排遣	diverted slip
5	m	n	真心	まごころ	真心	sincerity devotion
5	m	n	誠	まこと	真誠	truth faith fidelity
5	k	k	誠に	まことに	實在（禮貌）	indeed really absolutely
5	k	k	まさしく		確實；正是	surely doubt evidently
5	a	v	勝る	まさる	勝過	excel surpass rival
5	o	n	増し	まし	更好；增加	increase
5	a	v	交える	まじえる	交叉；夾雜	mix converse cross
5	t	n	真下	ました	正下方	right under directly below
5	k	k	まして		何況	still more still less
5	a	v	交わる	まじわる	交叉；交往	cross intersect mingle
5	b	n	麻酔	ますい	麻醉	anesthesia
5	a	v	またがる		跨坐；橫跨	straddle
5	p	n	待ち合わせ	まちあわせ	約會；碰面	appointment
5	m	i	待ち遠しい	まちどおしい	望眼欲穿	looking forward
5	m	v	待ち望む	まちのぞむ	期盼	look anxiously wait eagerly
5	d	n	まちまち		形形色色	various different
5	n	n	末期	まっき	末期	deathbed hour death
5	k	k	真っ二つ	まっぷたつ	一分為二	two equal parts
5	o	n	まと		靶子；目標	mark target
5	o	n	纏まり	まとまり	統一性；一致	conclusion settlement consistency
5	o	n	纏め	まとめ	總結	settlement conclusion
5	a	v	免れる	まぬがれる	免除；避免	escape exempted
5	o	n	招き	まねき	邀請（名詞）	invitation
5	b	n	瞬き	まばたき	眨眼	wink twinkling flicker
5	b	n	麻痺	まひ	麻痺（名詞）	paralysis palsy numbness
5	k	k	まみれ		滿是～（沾滿）	covered
5	b	n	眉	まゆ	眉毛	eyebrow
5	r	n	鞠	まり	手鞠球	ball
5	k	k	丸ごと	まるごと	整個	its entirety whole wholly
5	k	k	まるっきり		完全（まるっきり）	completely perfectly just
5	k	k	丸々	まるまる	圓滾滾；整整	completely
5	a	v	丸める	まるめる	揉成團	round round roll
5	w	n	満月	まんげつ	滿月	full moon
5	o	n	満場	まんじょう	全場	unanimous whole audience
5	t	n	真ん前	まんまえ	正前方	right front under nose
5	d	i	真ん丸い	まんまるい	圓滾滾的	perfectly circular
5	f	n	味	み	～味	cast
5	p	n	見合い	みあい	相親	formal marriage interview
5	a	v	見合わせる	みあわせる	互看；暫緩	exchange glances postpone
5	a	v	見落とす	みおとす	看漏	overlook fail notice
5	c	n	未開	みかい	未開化	savage land backward region
5	b	n	味覚	みかく	味覺	taste palate sense taste
5	w	n	幹	みき	樹幹	trunk
5	d	i	見苦しい	みぐるしい	難看；不體面	unsightly ugly
5	o	n	見込み	みこみ	預料；希望	prospects expectation hope
5	p	n	未婚	みこん	未婚	unmarried
5	d	n	未熟	みじゅく	不成熟	inexperience unskilled immature
5	o	n	微塵	みじん	微塵	particle atom
5	e	n	ミスプリント		印刷錯誤	misprint
5	d	i	みすぼらしい		寒酸	shabby seedy
5	p	n	ミセス		夫人（外來語）	mrs
5	a	v	見せびらかす	みせびらかす	炫耀	show flaunt
5	r	n	見せ物	みせもの	雜耍；展覽品	show exhibition
5	t	n	溝	みぞ	水溝（溝渠）	ditch drain gutter gap
5	a	v	満たす	みたす	填滿；滿足	satisfy ingratiate fill fulfill
5	a	v	乱す	みだす	擾亂	throw order disarrange disturb
5	a	v	乱れる	みだれる	混亂；紊亂	get confused disordered disturbed
5	o	n	未知	みち	未知	not yet known
5	d	n	身近	みぢか	身邊；切身	near oneself close familiar
5	a	v	導く	みちびく	引導	guided shown
5	o	n	密集	みっしゅう	密集	crowd close formation dense
5	d	n	密接	みっせつ	密切	connected close intimate
5	x	n	密度	みつど	密度	density
5	j	n	見積もり	みつもり	估價單	estimation quotation
5	d	n	未定	みてい	未定	not yet fixed undecided
5	o	n	見通し	みとおし	預測；視野	perspective unobstructed view prospect
5	a	v	見なす	みなす	視為	consider regard
5	o	n	源	みなもと	源頭	source origin
5	e	v	見習う	みならう	見習；學習	follow another example
5	s	n	身なり	みなり	裝扮；衣著	personal appearance
5	w	n	峰	みね	山峰	peak ridge
5	p	n	身の上	みのうえ	身世	future welfare personal history
5	a	v	見逃す	みのがす	錯過；放過	miss overlook leave large
5	h	n	身の回り	みのまわり	身邊事物	personal appearance personal belongings
5	a	v	見計らう	みはからう	斟酌；看準	choose own discretion
5	r	n	見晴らし	みはらし	眺望；視野	view
5	o	n	身振り	みぶり	手勢；姿勢	gesture
5	b	n	脈	みゃく	脈搏	pulse
5	m	n	未練	みれん	留戀；依依不捨	lingering affection attachment regret
5	a	v	見渡す	みわたす	環視；放眼望去	look survey take extensive
5	r	n	民宿	みんしゅく	民宿	private house providing lodging
5	c	n	民族	みんぞく	民族	people race
5	c	n	民俗	みんぞく	民俗	folk customs
5	o	n	無意味	むいみ	無意義	nonsense meaning
5	o	n	ムード		氣氛（外來語）	mood
5	m	n	無口	むくち	沉默寡言	reticence
5	p	n	婿	むこ	女婿	son law
5	d	n	無効	むこう	無效	invalid effect unavailable
5	o	n	無言	むごん	無言；沉默	silence
5	m	n	無邪気	むじゃき	天真無邪	innocence simple mindedness
5	a	v	むしる		拔；揪	pluck pick tear
5	o	n	結び	むすび	結尾；飯糰	ending conclusion union
5	o	n	結び付き	むすびつき	聯繫（名詞）	connection relation
5	a	v	結び付く	むすびつく	結合；聯繫上	connected related join together
5	a	v	結び付ける	むすびつける	繫上；結合	combine join tie attach
5	x	n	無線	むせん	無線	wireless radio
5	s	n	無駄遣い	むだづかい	亂花錢	waste money squander money
5	o	n	無断	むだん	擅自；無故	without permission without notice
5	m	n	無知	むち	無知	ignorance
5	d	n	無茶	むちゃ	亂來；過分	absurd unreasonable
5	m	i	空しい	むなしい	空虛；徒勞	vacant futile vain
5	m	n	無念	むねん	遺憾；懊悔	chagrin regret
5	d	n	無能	むのう	無能	inefficiency incompetence
5	k	k	無闇に	むやみに	胡亂；過度	unreasonably absurdly random
5	d	n	無用	むよう	無用	useless needlessness unnecessariness
5	o	n	斑	むら	不均勻；斑點	unevenness inconsistency irregularity
5	a	v	群がる	むらがる	聚集；成群	swarm gather
5	k	k	無論	むろん	當然（無論）	course naturally
5	o	n	名称	めいしょう	名稱	name
5	o	n	命中	めいちゅう	命中（名詞）	hit
5	d	n	明白	めいはく	明白；明顯	obvious clear
5	j	n	名簿	めいぼ	名冊	register names
5	o	n	名誉	めいよ	名譽	honor credit prestige
5	d	n	明瞭	めいりょう	明瞭	clarity
5	m	n	明朗	めいろう	明朗	bright clear cheerful
5	j	n	メーカー		製造商	manufacturer
5	n	n	目方	めかた	重量（份量）	weight
5	o	n	恵み	めぐみ	恩惠（恵み）	blessing
5	a	v	恵む	めぐむ	施捨；恩賜	bless show mercy
5	d	i	目覚しい	めざましい	驚人；顯著	brilliant remarkable
5	a	v	目覚める	めざめる	醒來；覺醒	wake
5	g	v	召す	めす	召喚；穿（尊敬）	call send put
5	w	n	雌	めす	雌性	female
5	b	n	目付き	めつき	眼神	look eyes eyes
5	c	n	滅亡	めつぼう	滅亡（名詞）	downfall collapse destruction
5	o	n	目途	めど	頭緒；眉目	goal outlook
5	n	n	目盛り	めもり	刻度	scale gradations
5	r	n	メロディー		旋律	melody
5	p	n	面会	めんかい	會面（探訪）	interview
5	c	n	免除	めんじょ	免除	exemption exoneration discharge
5	a	v	面する	めんする	面向；面臨	face look
5	m	n	面目	めんぼく	面子；名譽	face honor reputation
5	x	n	網	もう	～網	network
5	a	v	設ける	もうける	設置；制定	create establish
5	a	v	申し入れる	もうしいれる	提議	propose suggest
5	j	n	申し込み	もうしこみ	申請（名詞）	application request proposal
5	j	n	申し出	もうしで	提出（要求）	request claim report
5	a	v	申し出る	もうしでる	提出；主動表示	report tell suggest
5	o	n	申し分	もうしぶん	缺點；異議	objection shortcomings
5	o	n	盲点	もうてん	盲點	blind spot
5	d	n	猛烈	もうれつ	猛烈	violent vehement rage
5	r	n	モーテル		汽車旅館	motel
5	a	v	もがく		掙扎	struggle wriggle impatient
5	e	n	目録	もくろく	目錄（清單）	catalogue catalog list
5	o	n	目論見	もくろみ	企圖；計畫	plan scheme intention
5	o	n	模索	もさく	摸索	groping
5	k	k	もしかして		難道；或許	perhaps possibly
5	k	k	もしくは		或者（書面）	otherwise
5	a	v	もたらす		帶來；招致	bring take bring about
5	o	n	持ち切り	もちきり	話題（熱議）	hot topic talk town
5	n	n	目下	もっか	目前	present now
5	k	k	専ら	もっぱら	專心；淨是	wholly solely entirely
5	a	v	もてなす		款待	entertain welcome
5	p	v	もてる		受歡迎	well liked popular
5	x	n	モニター		監視器；螢幕	monitor
5	m	n	物好き	ものずき	好奇心強	curiosity
5	m	i	物足りない	ものたりない	不夠滿足	unsatisfied unsatisfactory
5	k	k	もはや		已經（無法）	already now
5	o	n	模範	もはん	模範	model example
5	o	n	模倣	もほう	模仿（名詞）	imitation copying
5	p	v	もめる		起爭執	disagree dispute
5	b	n	股	もも	大腿	thigh femur
5	a	v	催す	もよおす	舉辦	hold give
5	a	v	漏らす	もらす	洩漏	let leak reveal
5	a	v	盛り上がる	もりあがる	隆起；（氣氛）熱烈	rouse swell rise
5	a	v	漏る	もる	漏（水）	leak run
5	a	v	漏れる	もれる	漏出	leak escape filter
5	d	i	脆い	もろい	脆弱	brittle fragile tender hearted
5	k	k	もろに		直接；完全	completely altogether bodily
5	o	n	矢	や	箭	arrow
5	w	n	野外	やがい	野外	fields outskirts open air
5	h	n	夜具	やぐ	寢具	bedding
5	j	n	役職	やくしょく	職位	post managerial position official
5	c	n	役場	やくば	鄉鎮公所	town hall
5	k	k	やけに		特別地	sure
5	h	n	屋敷	やしき	宅第	mansion
5	a	v	養う	やしなう	養育；培養	rear maintain cultivate
5	m	n	野心	やしん	野心	ambition aspiration
5	d	i	安っぽい	やすっぽい	廉價感	cheap looking tawdry
5	a	v	休める	やすめる	使休息	rest suspend give relief
5	w	n	野生	やせい	野生	wild
5	p	n	奴	やつ	傢伙	fellow guy chap
5	o	n	闇	やみ	黑暗；黑市	darkness shady illegal
5	b	v	病む	やむ	患病	fall ill ill
5	d	i	ややこしい		麻煩；複雜	puzzling tangled complicated complex
5	a	v	やりとおす		貫徹到底	carry through achieve complete
5	a	v	やりとげる		完成（做完）	accomplish
5	a	v	和らげる	やわらげる	緩和；減輕	soften moderate relieve
5	x	n	油	ゆ	～油	oil
5	o	n	優位	ゆうい	優勢；有利地位	predominance ascendancy superiority
5	m	n	憂鬱	ゆううつ	憂鬱	depression melancholy
5	d	n	有益	ゆうえき	有益	beneficial profitable
5	o	n	優越	ゆうえつ	優越	supremacy predominance superior
5	m	n	勇敢	ゆうかん	勇敢（正式）	bravery heroism gallantry
5	n	n	夕暮れ	ゆうぐれ	黃昏	evening twilight
5	s	n	融資	ゆうし	融資	financing loan
5	a	v	有する	ゆうする	擁有	own endowed
5	o	n	優勢	ゆうせい	優勢（強勢）	superiority superior power predominance
5	o	n	優先	ゆうせん	優先	preference priority
5	o	n	誘導	ゆうどう	誘導	guidance leading inducement
5	o	n	融通	ゆうずう	通融；靈活	adaptability versatility finance
5	d	n	優美	ゆうび	優美	grace refinement elegance
5	d	n	有望	ゆうぼう	有前途	good prospects full hope
5	x	n	遊牧	ゆうぼく	遊牧	nomadism
5	w	n	夕焼け	ゆうやけ	晚霞	sunset
5	d	n	有力	ゆうりょく	有力	influence prominence potent
5	o	n	幽霊	ゆうれい	幽靈	ghost specter phantom
5	m	n	誘惑	ゆうわく	誘惑	temptation allurement lure
5	k	k	故	ゆえ	緣故（文語）	reason cause circumstances
5	a	v	歪む	ゆがむ	歪斜；扭曲	warp crooked distorted
5	a	v	揺さぶる	ゆさぶる	搖晃；動搖	shake jolt rock swing
5	o	n	ゆとり		寬裕；餘裕	reserve affluence time
5	d	n	ユニーク		獨特	unique
5	s	n	ユニフォーム		制服；球衣	uniform
5	a	v	指差す	ゆびさす	用手指	point
5	o	n	弓	ゆみ	弓	bow
5	a	v	揺らぐ	ゆらぐ	搖動；動搖	swing sway shake
5	a	v	緩む	ゆるむ	鬆弛；緩和	become loose slacken
5	a	v	緩める	ゆるめる	放鬆；放慢	loosen slow down
5	d	n	緩やか	ゆるやか	和緩	lenient
5	o	n	要因	よういん	主要原因	primary factor main cause
5	x	n	溶液	ようえき	溶液	solution
5	o	n	用件	ようけん	事情；事項	business
5	p	n	養護	ようご	養護	protection nursing protective care
5	j	n	用紙	ようし	表格紙	
5	o	n	様式	ようしき	樣式	style pattern
5	a	v	要する	ようする	需要（要する）	demand require take
5	c	n	要請	ようせい	請求；要求	claim demand request application
5	o	n	様相	ようそう	樣貌；局面	aspect
5	h	n	用品	ようひん	用品	articles supplies parts
5	d	n	洋風	ようふう	西式	western style
5	e	n	用法	ようほう	用法	directions rules
5	o	n	要望	ようぼう	要求；期望	demand request
5	r	n	余暇	よか	閒暇	leisure leisure time spare
5	m	n	予感	よかん	預感	presentiment premonition
5	r	n	余興	よきょう	餘興	side show entertainment
5	m	n	欲	よく	慾望；貪念	greed wants
5	c	n	抑圧	よくあつ	壓抑	restraint oppression suppression
5	h	n	浴室	よくしつ	浴室	bathroom bath
5	o	n	抑制	よくせい	抑制	control restraint suppression
5	m	i	欲深い	よくふかい	貪得無厭	greedy
5	m	n	欲望	よくぼう	慾望	desire appetite
5	a	v	避ける	よける	躲避	avoid physical contact ward
5	o	n	予言	よげん	預言	prediction promise prognostication
5	r	n	横綱	よこづな	橫綱	sumo grand champion
5	h	n	汚れ	よごれ	污垢；髒污	dirt filth
5	g	g	よし		好！（決定）	all right
5	o	n	善し悪し	よしあし	好壞	good bad merits demerits
5	a	n	余所見	よそみ	東張西望	looking away looking aside
5	o	n	余地	よち	餘地	place room margin
5	k	k	よって		因此（書面）	therefore consequently
5	c	n	与党	よとう	執政黨	government party party power
5	a	v	呼び止める	よびとめる	叫住	flag down
5	h	n	夜更かし	よふかし	熬夜（夜更かし）	staying late keeping late
5	n	n	夜更け	よふけ	深夜（夜更け）	late night
5	k	k	余程	よほど	相當；很	much large extent quite
5	a	v	読み上げる	よみあげる	朗讀；唸出	read loud call roll
5	t	n	寄り	より	偏～；靠～	near
5	a	v	寄り掛かる	よりかかる	倚靠	lean against recline lean
5	a	v	弱る	よわる	衰弱；為難	weaken troubled emaciated
5	r	n	来場	らいじょう	到場	attendance
5	f	n	ライス		米飯（外來語）	rice
5	x	n	酪農	らくのう	酪農業	dairy farming
5	o	n	落下	らっか	落下	fall drop come down
5	m	n	楽観	らっかん	樂觀	optimism
5	h	n	ランプ		油燈；匝道	lamp ramp
5	o	n	濫用	らんよう	濫用	abuse misuse using excess
5	o	n	リード		領先；引導	lead reed
5	o	n	理屈	りくつ	道理；歪理	theory reason
5	s	n	利子	りし	利息	interest
5	j	n	利潤	りじゅん	利潤	profit returns
5	m	n	理性	りせい	理性	reason sense
5	n	n	立体	りったい	立體	solid body
5	n	n	立方	りっぽう	立方	cube
5	c	n	立法	りっぽう	立法	legislation lawmaking
5	o	n	利点	りてん	優點	advantage point favor
5	c	n	略奪	りゃくだつ	掠奪	pillage looting robbery
5	e	n	略語	りゃくご	縮寫	abbreviation acronym
5	j	n	流通	りゅうつう	流通	circulation money goods distribution
5	o	n	領域	りょういき	領域	area territory region
5	o	n	了解	りょうかい	了解；同意	comprehension consent understanding
5	c	n	領海	りょうかい	領海	territorial waters
5	w	n	両極	りょうきょく	兩極	both extremities north south
5	d	n	良好	りょうこう	良好	favorable satisfactory
5	m	n	良識	りょうしき	良知；明智	good sense
5	d	n	良質	りょうしつ	優質	good quality superior quality
5	o	n	了承	りょうしょう	諒解；知悉	acknowledgment understanding
5	m	n	良心	りょうしん	良心	conscience
5	c	n	領地	りょうち	領地	territory
5	o	n	両立	りょうりつ	兼顧；並存	compatibility coexistence standing together
5	t	n	旅客	りょかく	旅客	passenger
5	j	n	履歴	りれき	履歷；記錄	personal history background log
5	e	n	理論	りろん	理論	theory
5	x	n	林業	りんぎょう	林業	forestry
5	o	n	類	るい	類；類別	kind class family
5	e	n	類推	るいすい	類推	analogy
5	d	n	類似	るいじ	類似	analogous
5	m	n	ルーズ		散漫；鬆垮	loose
5	m	n	冷酷	れいこく	冷酷	cruelty coldheartedness ruthless
5	f	n	冷蔵	れいぞう	冷藏	refrigeration
5	m	n	冷淡	れいたん	冷淡（態度）	coolness indifference
5	r	n	レース		比賽（競速）；蕾絲	race lace
5	o	n	レギュラー		正規；固定的	regular
5	e	n	レッスン		課程（才藝）	lesson
5	p	n	レディー		女士	lady
5	o	n	レバー		拉桿；肝臟	lever liver
5	x	n	バッテリー		電池（蓄電池）	battery
5	r	n	バット		球棒	bat vat
5	b	n	発病	はつびょう	發病	attack become sick
5	e	n	初耳	はつみみ	初次聽到	heard first time
5	o	n	果て	はて	盡頭	end extremity limit
5	a	v	果てる	はてる	結束；死	end finished exhausted
5	b	v	ばてる		筋疲力盡	exhausted worn
5	c	n	パトカー		巡邏車	patrol car
5	k	k	甚だ	はなはだ	非常（書面）	greatly exceedingly
5	d	i	華々しい	はなばなしい	輝煌；壯觀	brilliant magnificent spectacular
5	w	n	花びら	はなびら	花瓣	petal
5	d	n	華やか	はなやか	華麗；華美	brilliant gorgeous florid
5	a	v	阻む	はばむ	阻擋	keep doing stop oppose
5	w	n	浜	はま	海濱	beach seashore
5	w	n	浜辺	はまべ	海邊	beach foreshore
5	a	v	はまる		陷入；吻合；迷上	get fit fit suit
5	a	v	早める	はやめる	提早；加快	hasten quicken accelerate
5	m	n	腹立ち	はらだち	生氣（名詞）	anger
5	w	n	原っぱ	はらっぱ	空地；原野	open field empty lot
5	m	n	はらはら		提心吊膽	feel nervous
5	a	v	ばらまく		散布；到處撒	disseminate scatter
5	h	n	張り紙	はりがみ	告示；張貼	notice poster
5	d	n	遥か	はるか	遙遠	far far away distant
5	o	n	破裂	はれつ	破裂	explosion rupture break
5	b	v	腫れる	はれる	腫脹	swell
5	c	n	繁栄	はんえい	繁榮（名詞）	prospering prosperity flourishing
5	r	n	版画	はんが	版畫	art print
5	h	n	ハンガー		衣架	hanger
5	m	n	反感	はんかん	反感	antipathy revolt animosity
5	o	n	反響	はんきょう	回響；反響	echo reverberation repercussion
5	t	n	パンク		爆胎；龐克	puncture bursting punk
5	o	n	反撃	はんげき	反擊	counterattack counteroffensive counterblow
5	c	n	判決	はんけつ	判決	judicial decision judgment sentence
5	x	n	反射	はんしゃ	反射	reflection reverberation
5	s	n	繁盛	はんじょう	生意興隆	prosperity flourishing thriving
5	w	n	繁殖	はんしょく	繁殖	breed multiply propagation
5	a	v	反する	はんする	違反；相反	inconsistent oppose contradict
5	o	n	判定	はんてい	判定	judgment decision award verdict
5	p	n	万人	ばんにん	萬人；所有人	all people everybody people
5	n	n	晩年	ばんねん	晚年	last years
5	o	n	反応	はんのう	反應	reaction response
5	d	n	万能	ばんのう	萬能	all purpose almighty omnipotent
5	o	n	半端	はんぱ	零頭；不完整	fragment fraction incompleteness
5	o	n	反発	はんぱつ	反彈；反抗	repelling rebound oppose
5	c	n	反乱	はんらん	叛亂	rebellion revolt uprising
5	w	n	氾濫	はんらん	氾濫	overflowing flood
5	o	n	美	び	美	beauty
5	k	k	ひいては		進而	not only but addition
5	b	n	ビールス		病毒（舊稱）	virus
5	t	n	控え室	ひかえしつ	休息室；等候室	waiting room
5	a	v	控える	ひかえる	控制；等候；記下	hold back notes
5	m	n	悲観	ひかん	悲觀	pessimism disappointment
5	a	v	引き上げる	ひきあげる	拉起；撤回	withdraw leave pull
5	a	v	率いる	ひきいる	率領	lead spearhead command
5	a	v	引き起こす	ひきおこす	引起	cause
5	a	v	引き下げる	ひきさげる	降低；撤回	pull down lower reduce
5	a	v	引きずる	ひきずる	拖著	drag along pull prolong
5	a	v	引き取る	ひきとる	領回；收養；離開	take back adopt leave
5	c	n	否決	ひけつ	否決	rejection negation voting down
5	n	n	日頃	ひごろ	平日；平時	normally habitually
5	d	i	久しい	ひさしい	好久；長久	long long continued old
5	d	n	悲惨	ひさん	悲慘	tragedy disaster misery wretched
5	j	n	ビジネス		商業；生意	business
5	x	n	比重	ひじゅう	比重	specific gravity
5	r	n	美術	びじゅつ	美術	art fine arts
5	j	n	秘書	ひしょ	祕書	secretary
5	m	n	微笑	びしょう	微笑（名詞）	smile
5	d	n	密か	ひそか	悄悄；祕密	secret private surreptitious
5	a	v	浸す	ひたす	浸泡	soak dip drench
5	k	k	ひたすら		一心一意	nothing but earnestly intently
5	b	n	左利き	ひだりきき	左撇子	left handedness sake drinker
5	a	v	引っ掻く	ひっかく	抓（傷）	scratch
5	e	n	必修	ひっしゅう	必修	required
5	k	k	びっしょり		濕透（びっしょり）	wet through drenched
5	d	n	必然	ひつぜん	必然	inevitable necessary
5	o	n	匹敵	ひってき	匹敵	comparing rival equal
5	o	n	一息	ひといき	一口氣；喘口氣	breath pause effort
5	o	n	人影	ひとかげ	人影	man shadow soul
5	m	n	人柄	ひとがら	人品	personality character
5	o	n	人気	ひとけ	人的氣息	sign life
5	n	n	一頃	ひところ	曾有一段時間	once some time ago
5	c	n	人質	ひとじち	人質	hostage
5	o	n	一筋	ひとすじ	一條；一心一意	line earnestly blindly straightforwardly
5	o	n	人目	ひとめ	眾人眼光	glimpse public gaze
5	n	n	日取り	ひどり	日期（決定的）	fixed date appointed day
5	w	n	雛	ひな	雛鳥；人偶	young bird chick doll
5	r	n	雛祭り	ひなまつり	女兒節	girls festival
5	w	n	日向	ひなた	向陽處	sunny place sun
5	o	n	非難	ひなん	責難	blame attack criticism
5	c	n	避難	ひなん	避難	taking refuge finding shelter
5	c	n	日の丸	ひのまる	日本國旗	japanese flag
5	w	n	火花	ひばな	火花	spark
5	o	n	ひび		裂痕	crack fissure flaw
5	o	n	悲鳴	ひめい	慘叫	shriek scream
5	a	v	冷やかす	ひやかす	嘲弄；冷卻	banter fun jeer cool
5	b	n	日焼け	ひやけ	曬傷；曬黑	sunburn
5	c	n	標語	ひょうご	標語	motto slogan catchword
5	e	n	描写	びょうしゃ	描寫	depiction description portrayal
5	k	k	ひょっと		偶然；或許	possibly accidentally
5	j	n	びら		傳單	handout leaflet
5	d	i	平たい	ひらたい	扁平	flat even level
5	r	n	びり		最後一名	last list bottom
